# 3ds Max Wavefront OBJ Exporter v0.97b - (c)2007 guruware
# File Created: 02.04.2022 19:52:22

mtllib SM_Lab_FumeHood.mtl

#
# object SM_Lab_FumeHood
#

v  -76.5829 -70.7963 -128.2914
v  -76.5829 -203.4972 -128.2914
v  -76.9790 -70.7963 -127.3325
v  -76.9790 -203.4972 -127.3325
v  -143.6260 -70.6175 67.6316
v  -143.9055 -203.6760 68.6306
v  -143.9056 -70.6175 68.6307
v  -143.6260 -203.6760 67.6315
v  -78.0739 -203.4972 -128.9073
v  -78.0739 -70.7963 -128.9073
v  -145.1795 -203.6760 67.1969
v  -145.1796 -70.6175 67.1969
v  -82.7670 -133.3872 -133.6540
v  -76.7048 -133.3873 -131.1470
v  -82.2076 -133.1117 -134.2854
v  -76.4001 -133.1117 -131.8839
v  -81.2061 -133.1117 -136.7073
v  -75.3986 -133.1117 -134.3057
v  -75.0939 -133.3873 -135.0425
v  -81.1560 -133.3872 -137.5495
v  -84.5934 -136.4705 -135.2721
v  -83.5919 -136.4705 -137.6939
v  -83.0789 -138.1094 -134.6458
v  -82.0774 -138.1094 -137.0675
v  -81.0100 -138.7093 -133.7902
v  -80.0085 -138.7093 -136.2119
v  -78.8822 -138.7093 -133.0089
v  -77.9504 -138.7093 -135.2622
v  -76.4001 -138.7093 -131.8838
v  -75.3986 -138.7093 -134.3057
v  -86.8291 -133.3872 -124.3224
v  -80.7000 -133.3873 -121.9837
v  -86.2873 -133.1117 -124.9691
v  -80.4157 -133.1117 -122.7287
v  -85.3530 -133.1117 -127.4176
v  -79.4814 -133.1117 -125.1772
v  -79.1972 -133.3874 -125.9223
v  -85.3263 -133.3872 -128.2609
v  -85.3262 -106.4815 -128.2609
v  -79.1971 -106.4815 -125.9223
v  -85.3530 -106.7571 -127.4177
v  -79.4814 -106.7571 -125.1773
v  -86.2873 -106.7571 -124.9691
v  -80.4156 -106.7571 -122.7287
v  -80.6999 -106.4815 -121.9837
v  -86.8290 -106.4815 -124.3224
v  -88.6994 -136.4705 -125.8895
v  -87.7651 -136.4705 -128.3380
v  -87.1682 -138.1094 -125.3052
v  -86.2339 -138.1095 -127.7538
v  -85.0765 -138.7093 -124.5071
v  -84.1422 -138.7094 -126.9556
v  -82.9278 -138.7094 -123.7849
v  -82.0586 -138.7094 -126.0630
v  -80.4157 -138.7093 -122.7287
v  -79.4814 -138.7094 -125.1772
v  -38.5692 -178.3849 -225.1939
v  -38.5692 -165.8377 -225.1939
v  -38.2641 -178.3849 -224.8114
v  -38.2641 -165.8377 -224.8114
v  -38.1552 -178.3849 -224.3344
v  -38.1552 -165.8377 -224.3344
v  -38.2641 -178.3849 -223.8575
v  -38.2641 -165.8377 -223.8575
v  -38.5692 -178.3849 -223.4749
v  -38.5692 -165.8377 -223.4749
v  -39.0100 -178.3849 -223.2627
v  -39.0100 -165.8377 -223.2627
v  -39.4992 -178.3849 -223.2627
v  -39.4992 -165.8377 -223.2627
v  -39.9400 -178.3849 -223.4749
v  -39.9400 -165.8377 -223.4749
v  -40.2451 -178.3849 -223.8575
v  -40.2451 -165.8377 -223.8575
v  -40.3540 -178.3849 -224.3344
v  -40.3540 -165.8377 -224.3344
v  -40.2451 -178.3849 -224.8114
v  -40.2451 -165.8377 -224.8114
v  -39.9400 -178.3849 -225.1939
v  -39.9400 -165.8377 -225.1939
v  -39.4992 -178.3849 -225.4062
v  -39.4992 -165.8377 -225.4062
v  -39.0100 -178.3849 -225.4062
v  -39.0100 -165.8377 -225.4062
v  -38.5692 -102.3429 -225.1939
v  -38.5692 -89.7958 -225.1939
v  -38.2641 -102.3429 -224.8114
v  -38.2641 -89.7958 -224.8114
v  -38.1552 -102.3429 -224.3344
v  -38.1552 -89.7958 -224.3344
v  -38.2641 -102.3429 -223.8575
v  -38.2641 -89.7958 -223.8575
v  -38.5692 -102.3429 -223.4749
v  -38.5692 -89.7958 -223.4749
v  -39.0100 -102.3429 -223.2627
v  -39.0100 -89.7958 -223.2627
v  -39.4992 -102.3429 -223.2627
v  -39.4992 -89.7958 -223.2627
v  -39.9400 -102.3429 -223.4749
v  -39.9400 -89.7958 -223.4749
v  -40.2451 -102.3429 -223.8575
v  -40.2451 -89.7958 -223.8575
v  -40.3540 -102.3429 -224.3344
v  -40.3540 -89.7958 -224.3344
v  -40.2451 -102.3429 -224.8114
v  -40.2451 -89.7958 -224.8114
v  -39.9400 -102.3429 -225.1939
v  -39.9400 -89.7958 -225.1939
v  -39.4992 -102.3429 -225.4062
v  -39.4992 -89.7958 -225.4062
v  -39.0100 -102.3429 -225.4062
v  -39.0100 -89.7958 -225.4062
v  -24.8912 143.2906 -213.9293
v  -24.8978 139.4324 -213.9277
v  -23.2075 143.2887 -214.6292
v  -23.2487 139.3876 -214.6462
v  36.5044 143.1939 -189.9088
v  36.5339 139.2921 -189.8965
v  -114.0311 -165.8377 -26.8130
v  -114.0311 -178.3849 -26.8130
v  -113.7261 -165.8377 -27.1956
v  -113.7261 -178.3849 -27.1956
v  -113.6172 -165.8377 -27.6725
v  -113.6172 -178.3849 -27.6725
v  -113.7261 -165.8377 -28.1495
v  -113.7261 -178.3849 -28.1495
v  -114.0311 -165.8377 -28.5320
v  -114.0311 -178.3849 -28.5320
v  -114.4719 -165.8377 -28.7443
v  -114.4719 -178.3849 -28.7443
v  -114.9612 -165.8377 -28.7443
v  -114.9612 -178.3849 -28.7443
v  -115.4020 -165.8377 -28.5320
v  -115.4020 -178.3849 -28.5320
v  -115.7070 -165.8377 -28.1495
v  -115.7070 -178.3849 -28.1495
v  -115.8159 -165.8377 -27.6725
v  -115.8159 -178.3849 -27.6725
v  -115.7070 -165.8377 -27.1956
v  -115.7070 -178.3849 -27.1956
v  -115.4020 -165.8377 -26.8130
v  -115.4020 -178.3849 -26.8130
v  -114.9612 -165.8377 -26.6007
v  -114.9612 -178.3849 -26.6007
v  -114.4719 -165.8377 -26.6007
v  -114.4719 -178.3849 -26.6007
v  -114.0311 -89.7958 -26.8130
v  -114.0311 -102.3429 -26.8130
v  -113.7261 -89.7958 -27.1956
v  -113.7261 -102.3429 -27.1956
v  -113.6172 -89.7958 -27.6725
v  -113.6172 -102.3429 -27.6725
v  -113.7261 -89.7958 -28.1495
v  -113.7261 -102.3429 -28.1495
v  -114.0311 -89.7958 -28.5320
v  -114.0311 -102.3429 -28.5320
v  -114.4719 -89.7958 -28.7443
v  -114.4719 -102.3429 -28.7443
v  -114.9612 -89.7958 -28.7443
v  -114.9612 -102.3429 -28.7443
v  -115.4020 -89.7958 -28.5320
v  -115.4020 -102.3429 -28.5320
v  -115.7070 -89.7958 -28.1495
v  -115.7070 -102.3429 -28.1495
v  -115.8159 -89.7958 -27.6725
v  -115.8159 -102.3429 -27.6725
v  -115.7070 -89.7958 -27.1956
v  -115.7070 -102.3429 -27.1956
v  -115.4020 -89.7958 -26.8130
v  -115.4020 -102.3429 -26.8130
v  -114.9612 -89.7958 -26.6007
v  -114.9612 -102.3429 -26.6007
v  -114.4719 -89.7958 -26.6007
v  -114.4719 -102.3429 -26.6007
v  -173.8620 -165.8377 168.5691
v  -173.8620 -178.3849 168.5691
v  -173.3727 -165.8377 168.5691
v  -173.3727 -178.3849 168.5691
v  -172.9319 -165.8377 168.3568
v  -172.9319 -178.3849 168.3568
v  -172.6269 -165.8377 167.9743
v  -172.6269 -178.3849 167.9743
v  -172.5180 -165.8377 167.4973
v  -172.5180 -178.3849 167.4973
v  -172.6269 -165.8377 167.0204
v  -172.6269 -178.3849 167.0204
v  -172.9319 -165.8377 166.6378
v  -172.9319 -178.3849 166.6378
v  -173.3727 -165.8377 166.4256
v  -173.3727 -178.3849 166.4256
v  -173.8620 -165.8377 166.4256
v  -173.8620 -178.3849 166.4256
v  -174.3028 -165.8377 166.6378
v  -174.3028 -178.3849 166.6378
v  -174.6078 -165.8377 167.0204
v  -174.6078 -178.3849 167.0204
v  -174.7167 -165.8377 167.4973
v  -174.7167 -178.3849 167.4973
v  -174.6078 -165.8377 167.9743
v  -174.6078 -178.3849 167.9743
v  -174.3028 -165.8377 168.3568
v  -174.3028 -178.3849 168.3568
v  -172.9319 -89.7958 168.3568
v  -172.9319 -102.3429 168.3568
v  -172.6269 -89.7958 167.9743
v  -172.6269 -102.3429 167.9743
v  -172.5180 -89.7958 167.4973
v  -172.5180 -102.3429 167.4973
v  -172.6269 -89.7958 167.0204
v  -172.6269 -102.3429 167.0204
v  -172.9319 -89.7958 166.6378
v  -172.9319 -102.3429 166.6378
v  -173.3727 -89.7958 166.4256
v  -173.3727 -102.3429 166.4256
v  -173.8620 -89.7958 166.4256
v  -173.8620 -102.3429 166.4256
v  -174.3028 -89.7958 166.6378
v  -174.3028 -102.3429 166.6378
v  -174.6078 -89.7958 167.0204
v  -174.6078 -102.3429 167.0204
v  -174.7167 -89.7958 167.4973
v  -174.7167 -102.3429 167.4973
v  -174.6078 -89.7958 167.9743
v  -174.6078 -102.3429 167.9743
v  -174.3028 -89.7958 168.3568
v  -174.3028 -102.3429 168.3568
v  -173.8620 -89.7958 168.5691
v  -173.8620 -102.3429 168.5691
v  -173.3727 -89.7958 168.5691
v  -173.3727 -102.3429 168.5691
v  -111.9158 -165.8377 -34.8504
v  -111.9158 -178.3849 -34.8504
v  -112.2209 -165.8377 -35.2329
v  -112.2209 -178.3849 -35.2329
v  -112.6617 -165.8377 -35.4452
v  -112.6617 -178.3849 -35.4452
v  -113.1509 -165.8377 -35.4452
v  -113.1509 -178.3849 -35.4452
v  -113.5917 -165.8377 -35.2329
v  -113.5917 -178.3849 -35.2329
v  -113.8968 -165.8377 -34.8504
v  -113.8968 -178.3849 -34.8504
v  -114.0057 -165.8377 -34.3734
v  -114.0057 -178.3849 -34.3734
v  -113.8968 -165.8377 -33.8965
v  -113.8968 -178.3849 -33.8965
v  -113.5917 -165.8377 -33.5139
v  -113.5917 -178.3849 -33.5139
v  -113.1509 -165.8377 -33.3016
v  -113.1509 -178.3849 -33.3016
v  -112.6617 -165.8377 -33.3016
v  -112.6617 -178.3849 -33.3016
v  -112.2209 -165.8377 -33.5139
v  -112.2209 -178.3849 -33.5139
v  -111.9158 -165.8377 -33.8965
v  -111.9158 -178.3849 -33.8965
v  -111.8070 -165.8377 -34.3734
v  -111.8070 -178.3849 -34.3734
v  -112.2209 -89.7958 -33.5139
v  -112.2209 -102.3429 -33.5139
v  -111.9158 -89.7958 -33.8965
v  -111.9158 -102.3429 -33.8965
v  -111.8070 -89.7958 -34.3734
v  -111.8070 -102.3429 -34.3734
v  -111.9158 -89.7958 -34.8504
v  -111.9158 -102.3429 -34.8504
v  -112.2209 -89.7958 -35.2329
v  -112.2209 -102.3429 -35.2329
v  -112.6617 -89.7958 -35.4452
v  -112.6617 -102.3429 -35.4452
v  -113.1509 -89.7958 -35.4452
v  -113.1509 -102.3429 -35.4452
v  -113.5917 -89.7958 -35.2329
v  -113.5917 -102.3429 -35.2329
v  -113.8968 -89.7958 -34.8504
v  -113.8968 -102.3429 -34.8504
v  -114.0057 -89.7958 -34.3734
v  -114.0057 -102.3429 -34.3734
v  -113.8968 -89.7958 -33.8965
v  -113.8968 -102.3429 -33.8965
v  -113.5917 -89.7958 -33.5139
v  -113.5917 -102.3429 -33.5139
v  -113.1509 -89.7958 -33.3016
v  -113.1509 -102.3429 -33.3016
v  -112.6617 -89.7958 -33.3016
v  -112.6617 -102.3429 -33.3016
v  -149.1930 -106.4814 59.0993
v  -142.9258 -106.4814 61.0381
v  -149.1653 -106.7570 59.9425
v  -143.1615 -106.7570 61.7998
v  -149.9398 -106.7570 62.4461
v  -143.9359 -106.7570 64.3034
v  -144.1716 -106.4814 65.0652
v  -150.4388 -106.4814 63.1266
v  -152.3850 -106.4813 68.0830
v  -146.0667 -106.4814 69.8480
v  -152.3340 -106.7569 68.9251
v  -146.2813 -106.7570 70.6160
v  -153.0392 -106.7570 71.4492
v  -146.9864 -106.7569 73.1400
v  -147.2009 -106.4814 73.9081
v  -153.5191 -106.4814 72.1430
v  63.8937 25.3294 101.3279
v  62.8620 24.5287 100.9864
v  63.0657 26.0794 101.5164
v  62.0412 25.2689 101.1767
v  -6.2514 91.1325 79.9126
v  -7.1696 90.0547 79.6060
v  -7.7794 90.7451 78.9639
v  -6.8507 91.8325 79.2670
v  64.8228 -29.3768 101.5912
v  66.2774 -29.3763 102.0685
v  65.1732 -29.8004 100.6164
v  66.5895 -29.7894 101.0813
v  85.4278 -29.7995 42.0352
v  86.7661 -29.7890 42.4970
v  85.7436 -29.3776 41.0179
v  87.1522 -29.3737 41.5038
v  109.9068 25.3578 -31.4035
v  108.8976 24.5636 -31.8076
v  109.0731 26.1128 -31.2816
v  108.0778 25.3100 -31.6804
v  43.0252 91.1486 -58.6479
v  42.0932 90.0455 -59.0195
v  41.5482 90.7415 -59.7101
v  42.4814 91.8460 -59.3382
v  110.7859 -29.3756 -31.0236
v  112.2082 -29.3749 -30.4577
v  111.1952 -29.7991 -31.9751
v  112.5804 -29.7878 -31.4239
v  132.8985 -29.7977 -84.2312
v  134.2789 -29.7859 -83.6578
v  134.6731 -29.3565 -84.6163
v  133.2944 -29.3683 -85.1888
v  -13.9083 94.7831 83.4408
v  -12.9378 95.9000 83.7247
v  -14.5134 95.5067 82.8028
v  -13.5344 96.6078 83.0953
v  -58.7230 139.6188 68.8972
v  -57.7726 140.7312 69.1986
v  35.2454 94.7929 -55.7419
v  36.2154 95.9293 -55.3897
v  34.7014 95.4928 -56.4271
v  35.6761 96.6384 -56.0650
v  -7.4941 139.6327 -73.9103
v  -6.5565 140.7377 -73.5481
v  -85.1478 -134.2316 -135.5014
v  -84.1462 -134.2316 -137.9231
v  -85.1478 -133.1116 -135.5014
v  -84.1463 -133.1116 -137.9231
v  -84.1462 -106.7570 -137.9231
v  -85.1477 -106.7570 -135.5014
v  -85.1477 -105.6371 -135.5014
v  -84.1462 -105.6371 -137.9231
v  -83.5918 -103.3982 -137.6939
v  -84.5933 -103.3982 -135.2721
v  -83.0788 -101.7593 -134.6458
v  -82.0772 -101.7593 -137.0676
v  -81.0099 -101.1594 -133.7903
v  -80.0083 -101.1594 -136.2121
v  -77.9502 -101.1594 -135.2622
v  -78.8820 -101.1594 -133.0089
v  -76.4000 -101.1595 -131.8839
v  -75.3984 -101.1595 -134.3057
v  -82.2076 -106.7571 -134.2856
v  -76.7047 -106.4815 -131.1470
v  -82.7669 -106.4815 -133.6540
v  -76.4000 -106.7570 -131.8839
v  -81.2060 -106.7570 -136.7073
v  -75.3985 -106.7570 -134.3057
v  -75.0938 -106.4815 -135.0425
v  -81.1560 -106.4814 -137.5495
v  -82.0585 -101.1595 -126.0630
v  -80.4156 -101.1595 -122.7288
v  -79.4813 -101.1595 -125.1773
v  -82.9277 -101.1594 -123.7849
v  -84.1421 -101.1594 -126.9557
v  -85.0764 -101.1594 -124.5071
v  -87.1681 -101.7593 -125.3053
v  -86.2338 -101.7593 -127.7538
v  -87.7651 -103.3983 -128.3380
v  -88.6993 -103.3983 -125.8896
v  -89.2599 -134.2316 -126.1034
v  -88.3256 -134.2316 -128.5519
v  -89.2599 -133.1117 -126.1034
v  -88.3256 -133.1117 -128.5519
v  -88.3255 -106.7570 -128.5519
v  -89.2598 -106.7570 -126.1034
v  -89.2598 -105.6371 -126.1034
v  -88.3255 -105.6371 -128.5519
v  -39.0756 64.1569 -236.7442
v  -41.3452 64.0050 -238.3901
v  -38.8420 64.0217 -237.2594
v  -41.5788 64.1403 -237.8749
v  -39.2713 64.4984 -236.3160
v  -41.7746 64.4817 -237.4466
v  -39.3994 64.9940 -236.0398
v  -41.9026 64.9773 -237.1705
v  -39.4402 65.5684 -235.9579
v  -41.9435 65.5518 -237.0886
v  -41.8909 66.1175 -237.2132
v  -39.3877 66.1341 -236.0826
v  -41.7530 66.5883 -237.5255
v  -39.2497 66.6050 -236.3949
v  -39.0474 66.9094 -236.8473
v  -41.5506 66.8927 -237.9780
v  -38.8114 67.0009 -237.3711
v  -41.3146 66.9843 -238.5019
v  -41.0810 66.8490 -239.0169
v  -38.5777 66.8656 -237.8862
v  -40.8852 66.5076 -239.4453
v  -38.3820 66.5242 -238.3145
v  -40.7572 66.0119 -239.7215
v  -38.2540 66.0285 -238.5907
v  -40.7164 65.4374 -239.8034
v  -38.2131 65.4541 -238.6727
v  -38.2657 64.8884 -238.5479
v  -40.7689 64.8717 -239.6787
v  -38.4037 64.4176 -238.2356
v  -40.9069 64.4009 -239.3664
v  -41.1093 64.0965 -238.9138
v  -38.6060 64.1132 -237.7832
v  -38.9155 61.5906 -242.9036
v  -40.5575 59.1829 -239.0700
v  -39.8045 61.5906 -243.2844
v  -41.4465 59.1829 -239.4507
v  -41.2611 59.1829 -237.4272
v  -42.1512 59.1829 -237.8084
v  -43.6354 61.5906 -233.9076
v  -42.9031 61.5906 -233.5937
v  -42.9031 69.5013 -233.5937
v  -41.2611 71.9090 -237.4272
v  -43.7920 69.5013 -233.9747
v  -42.1501 71.9090 -237.8082
v  -40.5575 71.9090 -239.0700
v  -41.4465 71.9090 -239.4507
v  -39.8045 69.5013 -243.2844
v  -38.9155 69.5013 -242.9036
v  -39.4527 63.1382 -244.1057
v  -38.5636 63.1382 -243.7249
v  -39.4527 67.9537 -244.1057
v  -38.5636 67.9537 -243.7249
v  -43.2547 63.1382 -232.7727
v  -44.0150 63.1382 -233.0982
v  -43.2547 67.9537 -232.7727
v  -44.1448 67.9537 -233.1538
v  -39.2713 34.7189 -236.3160
v  -41.5788 34.3608 -237.8749
v  -39.0756 34.3774 -236.7442
v  -41.7746 34.7022 -237.4466
v  -39.3994 35.2145 -236.0398
v  -41.9026 35.1978 -237.1705
v  -39.4402 35.7889 -235.9579
v  -41.9435 35.7723 -237.0886
v  -41.8909 36.3380 -237.2132
v  -39.3877 36.3546 -236.0826
v  -41.7530 36.8088 -237.5255
v  -39.2497 36.8255 -236.3949
v  -39.0474 37.1298 -236.8473
v  -41.5506 37.1132 -237.9780
v  -38.8114 37.2214 -237.3711
v  -41.3146 37.2047 -238.5019
v  -41.0810 37.0695 -239.0169
v  -38.5777 37.0861 -237.8862
v  -40.8852 36.7281 -239.4453
v  -38.3820 36.7447 -238.3145
v  -40.7572 36.2324 -239.7215
v  -38.2540 36.2490 -238.5907
v  -40.7164 35.6579 -239.8034
v  -38.2131 35.6746 -238.6727
v  -38.2657 35.1089 -238.5479
v  -40.7689 35.0922 -239.6787
v  -38.4037 34.6380 -238.2356
v  -40.9069 34.6214 -239.3664
v  -41.1093 34.3170 -238.9138
v  -38.6060 34.3337 -237.7832
v  -41.3452 34.2255 -238.3901
v  -38.8420 34.2422 -237.2594
v  -38.9155 31.8111 -242.9036
v  -40.5575 29.4034 -239.0700
v  -39.8045 31.8111 -243.2844
v  -41.4465 29.4034 -239.4507
v  -41.2611 29.4034 -237.4272
v  -42.1512 29.4034 -237.8084
v  -43.6354 31.8111 -233.9076
v  -42.9031 31.8111 -233.5937
v  -42.9031 39.7218 -233.5937
v  -41.2611 42.1295 -237.4272
v  -43.7920 39.7218 -233.9747
v  -42.1501 42.1295 -237.8082
v  -40.5575 42.1295 -239.0700
v  -41.4465 42.1295 -239.4507
v  -39.8045 39.7218 -243.2844
v  -38.9155 39.7218 -242.9036
v  -39.4527 33.3587 -244.1057
v  -38.5636 33.3587 -243.7249
v  -39.4527 38.1742 -244.1057
v  -38.5636 38.1742 -243.7249
v  -43.2547 33.3587 -232.7727
v  -44.0150 33.3587 -233.0982
v  -43.2547 38.1742 -232.7727
v  -44.1448 38.1742 -233.1538
v  -39.0756 2.6252 -236.7442
v  -41.3452 2.4732 -238.3901
v  -38.8420 2.4899 -237.2594
v  -41.5788 2.6085 -237.8749
v  -39.2713 2.9666 -236.3160
v  -41.7746 2.9500 -237.4466
v  -39.3994 3.4623 -236.0398
v  -41.9026 3.4455 -237.1705
v  -39.4402 4.0367 -235.9579
v  -41.9435 4.0200 -237.0886
v  -41.8909 4.5858 -237.2132
v  -39.3877 4.6024 -236.0826
v  -41.7530 5.0566 -237.5255
v  -39.2497 5.0732 -236.3949
v  -39.0474 5.3776 -236.8473
v  -41.5506 5.3610 -237.9780
v  -38.8114 5.4691 -237.3711
v  -41.3146 5.4525 -238.5019
v  -41.0810 5.3173 -239.0169
v  -38.5777 5.3339 -237.8862
v  -40.8852 4.9758 -239.4453
v  -38.3820 4.9924 -238.3145
v  -40.7572 4.4801 -239.7215
v  -38.2540 4.4968 -238.5907
v  -40.7164 3.9057 -239.8034
v  -38.2131 3.9224 -238.6727
v  -38.2657 3.3567 -238.5479
v  -40.7689 3.3400 -239.6787
v  -38.4037 2.8858 -238.2356
v  -40.9069 2.8692 -239.3664
v  -41.1093 2.5648 -238.9138
v  -38.6060 2.5814 -237.7832
v  -38.9155 0.0589 -242.9036
v  -40.5575 -2.3489 -239.0700
v  -39.8045 0.0589 -243.2844
v  -41.4465 -2.3489 -239.4507
v  -41.2611 -2.3489 -237.4272
v  -42.1512 -2.3489 -237.8084
v  -43.6354 0.0589 -233.9076
v  -42.9031 0.0589 -233.5937
v  -42.9031 7.9695 -233.5937
v  -41.2611 10.3773 -237.4272
v  -43.7920 7.9695 -233.9747
v  -42.1501 10.3773 -237.8082
v  -40.5575 10.3773 -239.0700
v  -41.4465 10.3773 -239.4507
v  -39.8045 7.9695 -243.2844
v  -38.9155 7.9695 -242.9036
v  -39.4527 1.6065 -244.1057
v  -38.5636 1.6065 -243.7249
v  -39.4527 6.4219 -244.1057
v  -38.5636 6.4219 -243.7249
v  -43.2547 1.6065 -232.7727
v  -44.0150 1.6065 -233.0982
v  -43.2547 6.4219 -232.7727
v  -44.1448 6.4219 -233.1538
v  37.1975 139.3299 -188.2248
v  37.2034 143.1920 -188.2246
v  -9.0081 139.3348 -76.2810
v  -9.0030 143.1983 -76.2791
v  -34.3989 139.3350 -5.5214
v  -34.3938 143.1985 -5.5196
v  -59.7898 139.3353 65.2383
v  -59.7846 143.1988 65.2400
v  -92.5561 139.3163 181.8858
v  -92.5547 143.1926 181.9019
v  -94.1245 143.1944 182.8297
v  -94.1053 139.2778 182.8338
v  -72.8042 139.4277 -97.5022
v  -72.7991 143.2912 -97.5003
v  -122.5700 139.4279 45.6709
v  -122.5648 143.2914 45.6726
v  -156.7446 143.2908 166.8566
v  -156.7518 139.4509 166.8615
v  -28.9621 209.4043 -242.9877
v  -30.5536 207.8543 -228.3133
v  -25.7288 208.7533 -242.8876
v  -33.7941 208.9574 -229.7403
v  -83.1708 207.8529 -101.2821
v  -86.4829 208.9566 -102.5382
v  -136.3866 208.9566 42.0811
v  -133.0047 207.8529 43.1349
v  -173.3611 208.9575 174.7063
v  -169.9301 207.8545 175.5815
v  -177.8896 209.5948 188.1222
v  -175.3812 208.9688 189.9655
v  -37.5494 -71.7251 -223.9702
v  -40.3459 -202.5629 -225.1254
v  -37.5494 -202.5685 -223.9702
v  -40.3459 -71.7307 -225.1254
v  -37.7726 -71.1407 -223.4301
v  -40.5818 -71.1407 -224.5831
v  -37.7726 -203.1529 -223.4301
v  -40.5818 -203.1529 -224.5831
v  -87.0358 -203.1529 -104.1832
v  -89.9576 -203.1529 -105.2939
v  -114.2266 -203.1529 -35.4421
v  -111.3061 -203.1529 -34.3972
v  -114.3040 -202.5737 -34.8213
v  -111.4980 -202.5685 -33.8453
v  -172.5974 -203.1373 167.2707
v  -175.6685 -202.5473 167.0181
v  -172.7549 -202.5529 167.8335
v  -175.5198 -203.1373 166.4457
v  -137.8372 -203.1373 43.0383
v  -140.8280 -203.1373 42.1087
v  -116.8504 -203.1373 -27.8383
v  -113.9071 -203.1373 -26.8598
v  -116.5285 -202.5582 -28.3748
v  -113.7178 -202.5529 -27.4127
v  -27.1254 23.6957 -223.1930
v  -26.3907 -64.2645 -225.4143
v  -27.0826 -64.2645 -223.1770
v  -26.4064 23.6960 -225.4191
v  -27.0829 141.0285 -223.1960
v  -26.3338 141.0292 -225.4203
v  -32.0718 23.7062 -227.1742
v  -32.7491 -64.2677 -224.9294
v  -32.0569 -64.2677 -227.1667
v  -32.7924 23.7099 -224.9436
v  -31.9054 140.9896 -227.4532
v  -32.6514 140.9971 -225.2387
v  -146.5110 -138.7093 63.4115
v  -143.1616 -138.7093 61.7998
v  -143.9360 -138.7093 64.3035
v  -145.7904 -138.7093 61.0821
v  -148.7018 -138.7093 62.8292
v  -147.9273 -138.7093 60.3256
v  -150.0661 -138.1093 59.6640
v  -150.8405 -138.1093 62.1676
v  -152.4063 -136.4704 61.6832
v  -151.6318 -136.4704 59.1796
v  -146.5109 -101.1593 63.4114
v  -143.9360 -101.1593 64.3034
v  -143.1615 -101.1593 61.7998
v  -145.7903 -101.1593 61.0820
v  -148.7016 -101.1593 62.8292
v  -147.9271 -101.1593 60.3255
v  -150.8404 -101.7592 62.1676
v  -150.0659 -101.7592 59.6639
v  -152.4062 -103.3982 61.6832
v  -151.6317 -103.3982 59.1795
v  -152.9794 -134.2315 61.5060
v  -152.2049 -134.2315 59.0023
v  -152.9794 -133.1115 61.5060
v  -152.2049 -133.1115 59.0023
v  -152.9793 -106.7569 61.5059
v  -152.2048 -106.7569 59.0023
v  -152.9793 -105.6370 61.5059
v  -152.2048 -105.6370 59.0023
v  -149.1653 -133.1116 59.9426
v  -142.9259 -133.3872 61.0381
v  -149.1930 -133.3872 59.0993
v  -143.1616 -133.1116 61.7999
v  -149.9398 -133.1116 62.4463
v  -143.9361 -133.1116 64.3035
v  -144.1717 -133.3872 65.0653
v  -150.4388 -133.3872 63.1266
v  -155.5257 -103.3982 70.7545
v  -153.2421 -101.7592 68.6714
v  -154.8206 -103.3982 68.2304
v  -153.9472 -101.7592 71.1955
v  -151.0858 -101.1593 69.2738
v  -151.7909 -101.1593 71.7978
v  -148.9290 -101.1593 69.9710
v  -149.5850 -101.1593 72.3194
v  -146.9863 -101.1593 73.1400
v  -146.2813 -101.1593 70.6159
v  -152.3341 -133.1115 68.9251
v  -146.0668 -133.3872 69.8480
v  -152.3850 -133.3872 68.0830
v  -146.2813 -133.1116 70.6160
v  -153.0392 -133.1115 71.4492
v  -146.9864 -133.1115 73.1401
v  -147.2010 -133.3872 73.9081
v  -153.5192 -133.3871 72.1430
v  47.2515 -36.4422 164.3967
v  48.8917 -66.6363 164.8617
v  47.4511 -66.6484 164.4619
v  48.6927 -36.4306 164.7968
v  47.3596 -35.4061 163.9809
v  48.8007 -35.3944 164.3810
v  62.7603 20.3553 107.6092
v  64.1436 19.5846 107.5661
v  63.9550 20.6285 107.9629
v  62.9027 19.2912 107.2005
v  64.6049 -28.3803 107.4721
v  63.0753 -28.3841 107.0219
v  64.4707 -29.3765 107.8762
v  62.9888 -29.3857 107.4398
v  47.0553 20.5824 163.9025
v  48.5514 21.3060 163.2740
v  48.3407 20.8884 164.2505
v  47.2559 21.0128 162.9424
v  63.6090 21.0617 108.9480
v  62.4569 20.7981 108.6003
v  48.2910 19.8696 164.6650
v  47.0137 19.5332 164.3109
v  48.6315 -28.3228 164.7766
v  47.1980 -28.3334 164.3784
v  47.3164 -29.3708 163.9660
v  48.7542 -29.3593 164.3654
v  60.8292 24.3512 107.9602
v  61.8660 25.4919 107.3055
v  60.8306 24.7009 106.9660
v  61.8496 25.1533 108.3830
v  45.8108 24.1729 162.4300
v  46.9487 25.0383 162.7525
v  46.4103 25.3586 163.6372
v  45.3055 24.5314 163.3307
v  61.2852 26.2391 106.6783
v  60.2448 25.4637 106.3743
v  -7.8206 91.1353 84.8845
v  -8.7646 90.0522 84.6061
v  -8.6820 91.8341 85.0711
v  -9.6233 90.7418 84.7876
v  -6.8115 92.1250 78.1811
v  -7.7529 91.0289 77.8903
v  15.0718 92.1330 16.5135
v  14.1454 91.0588 16.2278
v  14.7775 90.7516 15.3235
v  15.7200 91.8438 15.6437
v  15.6185 90.0446 15.1602
v  16.5886 91.1469 15.5019
v  83.0386 25.4694 39.8123
v  84.0565 26.2564 40.1660
v  84.6109 25.5106 40.8226
v  83.5923 24.7175 40.4345
v  83.5354 24.3763 41.4360
v  84.5383 25.1762 41.8991
v  63.4491 24.1940 100.0837
v  64.4840 24.9905 100.4249
v  64.8956 20.7756 100.3975
v  65.9119 20.6316 101.7047
v  64.6558 20.3416 101.3300
v  66.1925 21.0653 100.6997
v  85.0523 20.9994 41.8541
v  86.3099 21.2913 42.3096
v  85.4693 20.5816 40.9068
v  86.7193 20.8629 41.3452
v  65.8345 19.5861 102.1362
v  64.6034 19.2932 101.7332
v  66.1586 -28.3801 102.4773
v  64.6701 -28.3554 101.9887
v  86.9339 19.8172 40.9624
v  85.6909 19.5603 40.5334
v  87.3292 -28.3698 41.0990
v  85.8540 -28.3579 40.5899
v  62.7379 -29.8009 108.4455
v  64.1679 -29.7896 108.8663
v  47.5950 -29.8005 162.9677
v  49.0350 -29.7887 163.3678
v  49.0751 -34.9652 163.3816
v  47.6343 -34.9770 162.9815
v  65.3083 -34.9662 104.9522
v  63.8842 -34.9776 104.5092
v  86.7621 -34.9763 38.1651
v  88.1754 -34.9652 38.6528
v  111.0637 -34.9645 -27.6392
v  109.6694 -34.9758 -28.1688
v  132.9380 -34.9742 -84.2179
v  134.3189 -34.9624 -83.6441
v  133.3381 -35.6983 -85.1739
v  134.7192 -35.6865 -84.6001
v  88.6248 19.8219 36.0697
v  87.4402 20.5857 35.2492
v  88.6981 20.8697 35.6394
v  87.3946 19.5491 35.6451
v  89.0179 -28.3697 36.2054
v  87.5426 -28.3578 35.6963
v  87.7197 -29.3775 35.2912
v  89.1283 -29.3736 35.7776
v  89.4369 -29.7889 34.7576
v  88.0986 -29.7994 34.2957
v  109.6877 -29.7878 -23.8034
v  108.2831 -29.7988 -24.3122
v  110.0512 -29.3756 -24.7740
v  108.5954 -29.3846 -25.3021
v  106.6773 24.2256 -25.1225
v  107.7715 25.3614 -25.7185
v  106.7489 24.5748 -26.1226
v  107.6779 25.0234 -24.6457
v  86.3812 24.2167 33.6931
v  87.4168 25.0129 34.0526
v  86.8091 25.3493 34.9460
v  85.7862 24.5537 34.5910
v  108.4380 20.6031 -25.3631
v  109.8160 19.8280 -25.3199
v  109.6072 20.8725 -24.9363
v  108.6004 19.5411 -25.7617
v  110.2111 -28.3802 -25.1726
v  108.7087 -28.3838 -25.7176
v  109.2036 21.3035 -23.9718
v  108.0776 21.0425 -24.3896
v  88.9764 21.3022 34.6320
v  87.6731 21.0129 34.3294
v  40.2266 90.0435 -54.1339
v  40.2926 91.8150 -53.6725
v  39.3692 90.7379 -54.0213
v  41.1603 91.1066 -53.7899
v  106.2126 25.3445 -26.7655
v  107.2475 26.1120 -26.3904
v  42.5857 92.1350 -60.4171
v  41.6515 91.0297 -60.7891
v  64.3712 92.1568 -112.8045
v  63.4104 91.0199 -113.1875
v  64.0963 90.7345 -114.0126
v  65.0484 91.8732 -113.6220
v  131.0345 24.4177 -84.8156
v  132.1864 25.5516 -85.3970
v  131.1488 24.7539 -85.8332
v  132.0643 25.2293 -84.3703
v  109.5377 24.2244 -32.6737
v  110.5554 25.0178 -32.2663
v  132.9864 20.5862 -85.3143
v  134.4928 19.8807 -85.1363
v  134.2693 20.8977 -84.7828
v  133.2487 19.5625 -85.6526
v  134.8301 -28.3200 -85.0157
v  133.4548 -28.3317 -85.5867
v  133.8265 21.3143 -83.8876
v  132.5015 21.0031 -84.4276
v  112.2071 21.0776 -31.8200
v  110.9278 20.7886 -32.2025
v  111.8647 20.6432 -30.8346
v  110.6316 20.3546 -31.2867
v  111.7607 19.5972 -30.4091
v  110.5541 19.3066 -30.8878
v  112.0647 -28.3787 -30.0567
v  110.6089 -28.3541 -30.6360
v  64.9630 90.0448 -114.1098
v  65.9027 91.1892 -113.7197
v  130.6227 25.5034 -86.4937
v  131.6776 26.2752 -86.0558
v  63.5170 95.3861 -119.8795
v  63.3555 93.5304 -120.3919
v  62.5212 94.2056 -120.2838
v  64.3540 94.7163 -119.9772
v  134.8623 23.9746 -90.5878
v  135.6428 24.3565 -90.2638
v  135.4359 23.1192 -90.3489
v  136.2171 23.4964 -90.0246
v  136.4254 22.4597 -89.9381
v  135.6366 22.0837 -90.2656
v  136.8471 -32.3741 -89.7851
v  135.4664 -32.3862 -90.3586
v  137.0741 -66.6367 -89.7027
v  135.6935 -66.6488 -90.2765
v  35.1841 94.5115 -54.6441
v  36.1523 95.6385 -54.3126
v  11.8756 94.4993 11.0447
v  12.8203 95.6085 11.3800
v  -11.4330 94.4866 76.7373
v  -10.4808 95.6125 77.0782
v  -11.1148 95.9030 77.9527
v  -12.0746 94.7861 77.6250
v  47.5079 -66.6363 169.8501
v  45.8375 -32.3891 169.3748
v  46.0673 -66.6484 169.4503
v  47.2780 -32.3770 169.7749
v  46.0404 22.0665 169.4102
v  46.8515 22.4432 169.6356
v  45.8315 23.1038 169.3451
v  46.6354 23.4841 169.5686
v  46.0403 24.3394 169.3843
v  45.2339 23.9563 169.1598
v  -28.8485 94.7119 146.1964
v  -29.8532 93.5086 145.9184
v  -30.4762 94.1676 145.2991
v  -29.4440 95.3737 145.5852
v  -76.8310 -134.0528 -130.8418
v  -83.5082 -134.0528 -133.6031
v  -83.5082 -105.8159 -133.6031
v  -79.8525 -137.8510 -132.0912
v  -76.8310 -137.7682 -130.8418
v  -79.3593 -138.4579 -132.2736
v  -76.7048 -138.4337 -131.1470
v  -81.2811 -138.4337 -133.0395
v  -81.3264 -137.7682 -132.7007
v  -83.2517 -137.8623 -133.8544
v  -83.0596 -137.2656 -133.4175
v  -84.6697 -136.3278 -134.4407
v  -84.2446 -135.9833 -133.9076
v  -85.1977 -134.1953 -134.6591
v  -84.7090 -134.1077 -134.0996
v  -85.1978 -133.1117 -134.6592
v  -84.7091 -133.1116 -134.0996
v  -85.1977 -106.7570 -134.6591
v  -84.7090 -106.7570 -134.0996
v  -85.1977 -105.6734 -134.6591
v  -84.7090 -105.7610 -134.0996
v  -84.6697 -103.5409 -134.4408
v  -84.2445 -103.8854 -133.9076
v  -83.2516 -102.0065 -133.8544
v  -83.0595 -102.6031 -133.4176
v  -81.3263 -102.1005 -132.7008
v  -81.2810 -101.4351 -133.0395
v  -79.3592 -101.4108 -132.2737
v  -79.8523 -102.0177 -132.0913
v  -76.7047 -101.4350 -131.1470
v  -76.8309 -102.1005 -130.8418
v  -76.8309 -105.8159 -130.8418
v  -74.9676 -105.8159 -135.3478
v  -81.6448 -105.8159 -138.1090
v  -81.6449 -134.0528 -138.1090
v  -77.9890 -102.0177 -136.5973
v  -74.9676 -102.1005 -135.3478
v  -77.7687 -101.4108 -136.1198
v  -75.0938 -101.4350 -135.0426
v  -79.6701 -101.4351 -136.9351
v  -79.4629 -102.1005 -137.2068
v  -81.6407 -102.0065 -137.7499
v  -81.1961 -102.6031 -137.9236
v  -82.3811 -103.8854 -138.4136
v  -83.0588 -103.5409 -138.3363
v  -83.5868 -105.6734 -138.5547
v  -82.8456 -105.7610 -138.6056
v  -83.5868 -106.7570 -138.5547
v  -82.8456 -106.7570 -138.6056
v  -82.8457 -133.1116 -138.6056
v  -83.5869 -133.1117 -138.5547
v  -83.5868 -134.1953 -138.5547
v  -82.8457 -134.1077 -138.6056
v  -83.0588 -136.3278 -138.3363
v  -82.3813 -135.9833 -138.4135
v  -81.6408 -137.8623 -137.7499
v  -79.4631 -137.7682 -137.2067
v  -81.1963 -137.2656 -137.9235
v  -79.6702 -138.4337 -136.9350
v  -77.9891 -137.8510 -136.5972
v  -77.7688 -138.4579 -136.1198
v  -74.9676 -134.0528 -135.3477
v  -74.9677 -137.7682 -135.3478
v  -75.0938 -138.4337 -135.0425
v  -80.8177 -134.0528 -121.6751
v  -87.5686 -134.0528 -124.2511
v  -83.8725 -137.8510 -122.8407
v  -80.8177 -137.7682 -121.6751
v  -83.3846 -138.4579 -123.0367
v  -80.7000 -138.4337 -121.9837
v  -85.3268 -138.4337 -123.7492
v  -85.3626 -137.7683 -123.4093
v  -87.3191 -137.8623 -124.5094
v  -87.1150 -137.2657 -124.0780
v  -88.7528 -136.3278 -125.0564
v  -88.3131 -135.9834 -124.5351
v  -89.2866 -134.1953 -125.2601
v  -88.7826 -134.1077 -124.7143
v  -89.2867 -133.1117 -125.2602
v  -88.7826 -133.1117 -124.7143
v  -88.7826 -106.7570 -124.7143
v  -89.2866 -106.7570 -125.2602
v  -87.5685 -105.8159 -124.2511
v  -88.7825 -105.7610 -124.7144
v  -89.2866 -105.6734 -125.2602
v  -88.3130 -103.8854 -124.5352
v  -88.7527 -103.5409 -125.0564
v  -85.3626 -102.1005 -123.4095
v  -87.1149 -102.6031 -124.0780
v  -87.3190 -102.0065 -124.5094
v  -85.3267 -101.4351 -123.7492
v  -83.8723 -102.0177 -122.8408
v  -83.3844 -101.4108 -123.0367
v  -80.8176 -105.8159 -121.6752
v  -80.8176 -102.1005 -121.6751
v  -80.6999 -101.4351 -121.9837
v  -79.0794 -105.8159 -126.2309
v  -85.8302 -105.8159 -128.8068
v  -85.8303 -134.0528 -128.8067
v  -82.1340 -102.0177 -127.3965
v  -79.0793 -102.1006 -126.2309
v  -81.9006 -101.4108 -126.9253
v  -79.1971 -101.4351 -125.9223
v  -83.8239 -101.4351 -127.6878
v  -83.6243 -102.1005 -127.9651
v  -85.8162 -102.0065 -128.4479
v  -85.3767 -102.6031 -128.6337
v  -86.5747 -103.8855 -129.0909
v  -87.2499 -103.5409 -128.9950
v  -87.7838 -105.6734 -129.1987
v  -87.0443 -105.7611 -129.2701
v  -87.7838 -106.7570 -129.1986
v  -87.0443 -106.7570 -129.2701
v  -87.0443 -133.1117 -129.2700
v  -87.7839 -133.1117 -129.1986
v  -87.0443 -134.1078 -129.2700
v  -87.7838 -134.1954 -129.1986
v  -87.2500 -136.3278 -128.9949
v  -86.5748 -135.9834 -129.0909
v  -85.8163 -137.8623 -128.4479
v  -83.6244 -137.7683 -127.9650
v  -85.3767 -137.2657 -128.6337
v  -83.8240 -138.4337 -127.6877
v  -82.1342 -137.8510 -127.3964
v  -81.9008 -138.4579 -126.9253
v  -79.0794 -134.0528 -126.2308
v  -79.0794 -137.7682 -126.2308
v  -79.1972 -138.4337 -125.9223
v  -155.8177 143.2888 168.4268
v  -155.8744 139.4031 168.4132
v  -114.3040 -71.7198 -34.8213
v  -111.4980 -71.7251 -33.8453
v  -111.3061 -71.1407 -34.3972
v  -114.2266 -71.1407 -35.4421
v  -175.6685 -71.7462 167.0181
v  -172.7549 -71.7406 167.8335
v  -172.5974 -71.1562 167.2707
v  -175.5198 -71.1562 166.4457
v  -116.5285 -71.7353 -28.3748
v  -113.7178 -71.7406 -27.4127
v  -113.9071 -71.1562 -26.8598
v  -116.8504 -71.1562 -27.8383
v  -87.0358 -71.1407 -104.1832
v  -89.9609 -71.1407 -105.2951
v  -137.8372 -71.1562 43.0383
v  -140.8221 -71.1562 42.1106
v  -164.4320 -64.2574 172.4200
v  -164.2308 23.7025 172.2697
v  -164.1853 -64.2573 172.2809
v  -164.4766 23.7028 172.4104
v  -164.4425 141.0357 172.4358
v  -164.2012 141.0370 172.2874
v  -162.5895 -64.2564 172.7261
v  -162.4944 23.6994 172.9607
v  -162.4504 -64.2563 172.9729
v  -162.6350 23.6997 172.7149
v  -162.6628 141.0477 172.6335
v  -162.5145 141.0491 172.8748
v  -165.0771 23.7031 174.6712
v  -165.0613 -64.2574 174.6758
v  -165.0167 141.0363 174.7115
v  -31.8205 23.7055 -227.3047
v  -31.8064 -64.2676 -227.2989
v  -31.6501 140.9904 -227.5757
v  -26.5227 -64.2647 -225.6648
v  -26.5370 23.6963 -225.6704
v  -26.4563 141.0279 -225.6756
v  -26.9948 23.6953 -222.9417
v  -26.9505 -64.2644 -222.9265
v  -26.9604 141.0298 -222.9406
v  -25.1608 23.6923 -222.5828
v  -25.3677 -64.2635 -222.4370
v  -25.1172 -64.2634 -222.5692
v  -25.4120 23.6926 -222.4522
v  -25.4795 141.0405 -222.3988
v  -25.2242 141.0419 -222.5214
v  -144.2693 -134.0528 65.3808
v  -151.1721 -134.0527 63.2454
v  -147.3928 -137.8510 64.4145
v  -144.2693 -137.7681 65.3808
v  -146.9185 -138.4579 64.1876
v  -144.1717 -138.4336 65.0653
v  -148.9027 -138.4336 63.6018
v  -148.9166 -137.7682 63.9431
v  -150.9399 -137.8622 62.9715
v  -150.7084 -137.2655 63.3889
v  -152.4059 -136.3277 62.5180
v  -151.9334 -135.9833 63.0099
v  -152.9517 -134.1953 62.3492
v  -152.4135 -134.1076 62.8614
v  -152.9518 -133.1116 62.3492
v  -152.9517 -106.7570 62.3492
v  -152.4136 -133.1116 62.8614
v  -152.4135 -106.7570 62.8614
v  -152.9517 -105.6732 62.3492
v  -152.4135 -105.7610 62.8613
v  -151.1721 -105.8159 63.2453
v  -151.9334 -103.8853 63.0099
v  -152.4057 -103.5409 62.5180
v  -148.9165 -102.1004 63.9431
v  -150.7083 -102.6030 63.3888
v  -150.9398 -102.0064 62.9715
v  -148.9026 -101.4350 63.6017
v  -147.3927 -102.0176 64.4145
v  -146.9185 -101.4107 64.1875
v  -144.2692 -105.8159 65.3808
v  -144.2692 -102.1004 65.3808
v  -144.1716 -101.4350 65.0652
v  -142.8282 -105.8159 60.7225
v  -149.7310 -105.8158 58.5871
v  -149.7311 -134.0527 58.5871
v  -145.9517 -102.0176 59.7562
v  -142.8282 -102.1004 60.7225
v  -145.6884 -101.4107 60.2114
v  -142.9258 -101.4350 61.0380
v  -147.6568 -101.4350 59.5744
v  -147.4755 -102.1004 59.2849
v  -149.6940 -102.0064 58.9443
v  -149.2673 -102.6031 58.7306
v  -150.4923 -103.8853 58.3517
v  -151.1599 -103.5409 58.4908
v  -151.7059 -105.6733 58.3219
v  -150.9725 -105.7610 58.2031
v  -151.7059 -106.7570 58.3220
v  -150.9724 -106.7570 58.2031
v  -150.9725 -133.1116 58.2031
v  -151.7060 -133.1116 58.3219
v  -151.7059 -134.1953 58.3220
v  -150.9725 -134.1076 58.2031
v  -151.1601 -136.3277 58.4909
v  -150.4924 -135.9833 58.3517
v  -149.6941 -137.8622 58.9443
v  -147.4755 -137.7682 59.2849
v  -149.2673 -137.2655 58.7306
v  -147.6570 -138.4336 59.5746
v  -145.9518 -137.8510 59.7563
v  -145.6885 -138.4579 60.2114
v  -142.8283 -134.0528 60.7225
v  -142.8283 -137.7682 60.7226
v  -142.9259 -138.4337 61.0381
v  -147.2899 -134.0527 74.2262
v  -154.2490 -134.0526 72.2821
v  -150.4389 -137.8509 73.3465
v  -147.2899 -137.7681 74.2262
v  -149.9710 -138.4578 73.1065
v  -147.2010 -138.4336 73.9081
v  -149.5851 -138.7092 72.3194
v  -146.9864 -138.7092 73.1401
v  -151.7910 -138.7092 71.7979
v  -151.9706 -138.4336 72.5757
v  -151.9750 -137.7682 72.9173
v  -154.0244 -137.8622 72.0019
v  -153.9472 -138.1093 71.1955
v  -153.7815 -137.2655 72.4127
v  -155.5023 -136.3277 71.5891
v  -155.5258 -136.4704 70.7546
v  -156.1035 -134.2315 70.5931
v  -155.0165 -135.9832 72.0677
v  -156.0526 -134.1953 71.4353
v  -156.1036 -133.1115 70.5932
v  -155.5005 -134.1076 71.9325
v  -156.0526 -133.1115 71.4353
v  -156.0525 -106.7569 71.4353
v  -156.1035 -106.7569 70.5931
v  -155.5006 -133.1115 71.9325
v  -154.2489 -105.8159 72.2821
v  -155.5005 -106.7569 71.9325
v  -155.5005 -105.7609 71.9325
v  -156.0525 -105.6732 71.4353
v  -156.1035 -105.6370 70.5931
v  -155.0164 -103.8853 72.0677
v  -155.5022 -103.5408 71.5890
v  -151.9749 -102.1004 72.9173
v  -153.7814 -102.6030 72.4127
v  -154.0243 -102.0064 72.0019
v  -151.9705 -101.4350 72.5757
v  -150.4388 -102.0175 73.3464
v  -149.9709 -101.4107 73.1065
v  -147.2898 -105.8158 74.2262
v  -147.2898 -102.1004 74.2262
v  -147.2009 -101.4349 73.9081
v  -145.9779 -105.8158 69.5299
v  -152.9370 -105.8158 67.5858
v  -149.1269 -102.0175 68.6502
v  -145.9779 -102.1004 69.5299
v  -148.8511 -101.4107 69.0979
v  -146.0667 -101.4350 69.8480
v  -150.8363 -101.4350 68.5156
v  -150.6631 -102.1004 68.2210
v  -152.8901 -102.0064 67.9419
v  -152.4695 -102.6030 67.7164
v  -153.7045 -103.8853 67.3714
v  -154.3680 -103.5409 67.5290
v  -155.3984 -105.6370 68.0691
v  -154.9184 -105.6732 67.3752
v  -155.3984 -106.7569 68.0691
v  -154.1886 -105.7610 67.2362
v  -154.9184 -106.7569 67.3752
v  -154.1886 -106.7569 67.2362
v  -154.1887 -133.1115 67.2362
v  -154.9184 -133.1115 67.3753
v  -155.3985 -133.1115 68.0691
v  -152.9371 -134.0527 67.5858
v  -154.1887 -134.1076 67.2362
v  -154.9184 -134.1953 67.3753
v  -155.3984 -134.2315 68.0691
v  -154.3681 -136.3277 67.5290
v  -154.8207 -136.4704 68.2305
v  -153.2422 -138.1093 68.6715
v  -153.7046 -135.9832 67.3714
v  -152.8902 -137.8622 67.9419
v  -151.0859 -138.7092 69.2738
v  -150.6631 -137.7682 68.2210
v  -152.4696 -137.2655 67.7164
v  -150.8363 -138.4336 68.5156
v  -149.1270 -137.8509 68.6502
v  -148.8512 -138.4578 69.0979
v  -148.9290 -138.7092 69.9710
v  -145.9780 -134.0527 69.5299
v  -145.9780 -137.7681 69.5299
v  -146.0668 -138.4336 69.8480
v  -146.2813 -138.7092 70.6161
v  135.0869 -66.6367 -84.9226
v  133.5094 -36.4393 -85.5679
v  133.7063 -66.6488 -85.4964
v  134.8906 -36.4278 -84.9939
v  -11.9645 96.6098 78.1275
v  -57.1537 139.6180 63.9641
v  -56.2034 140.7304 64.2655
v  -12.9372 95.5103 77.8024
v  37.5123 96.6371 -60.9338
v  -5.6223 139.6322 -78.7376
v  -4.6847 140.7372 -78.3753
v  36.5776 95.5427 -61.3076
v  37.4328 94.8158 -61.4189
v  38.3657 95.9172 -61.0451
v  -9.2726 92.1261 85.9828
v  -10.2120 91.0276 85.6857
v  -25.4091 91.0093 140.3657
v  -24.4119 92.1680 140.6584
v  -24.3862 91.8905 141.7244
v  -25.3827 90.7290 141.4433
v  62.8537 95.6632 -119.0782
v  61.8585 94.4922 -119.4596
v  38.1148 94.5130 -62.2588
v  39.0486 95.6195 -61.8834
v  -30.5172 94.4330 144.2497
v  -29.4693 95.6457 144.5406
v  -12.9202 95.6092 84.8049
v  -13.8924 94.4833 84.5343
v  -176.3290 138.1633 172.2744
v  -165.0645 138.1462 174.8741
v  -176.6779 136.8712 173.5142
v  -164.8992 136.9329 176.2792
v  -162.8968 138.1429 175.3544
v  -176.7315 23.7215 173.0669
v  -90.4630 136.7560 193.6646
v  -91.6802 138.0343 192.1255
v  -89.6502 138.0313 192.5639
v  -147.3026 23.6995 181.2758
v  -176.7315 -62.1200 173.0669
v  30.8024 23.0158 230.9569
v  -146.9566 -63.4094 180.0346
v  -176.3850 -63.4094 171.8249
v  -147.3028 -62.1200 181.2766
v  30.7455 -62.1200 230.9469
v  31.0901 -63.4094 229.7044
v  -37.1179 136.8712 -230.8982
v  -26.6759 138.1459 -225.1412
v  -37.6084 138.1632 -229.7086
v  -25.7059 136.9336 -226.1740
v  -24.6628 138.1428 -224.2815
v  -37.4577 23.7215 -230.5290
v  44.3285 138.0338 -195.8789
v  46.2884 136.7393 -196.3683
v  46.2733 138.0307 -195.0279
v  -9.2293 23.6995 -218.8410
v  -37.4577 -62.1200 -230.5290
v  161.6076 23.0200 -148.1062
v  -9.7225 -63.4094 -217.6505
v  -37.9509 -63.4094 -229.3377
v  -9.2290 -62.1200 -218.8418
v  161.5590 -62.1200 -148.1324
v  161.0640 -63.4094 -146.9419
v  49.7755 -66.6279 165.5525
v  49.5778 -35.7941 165.4680
v  49.9121 -66.6244 166.6659
v  49.7199 -34.2623 166.5158
v  49.3120 -66.6244 168.8296
v  49.6832 -34.9320 165.0880
v  49.9513 -34.5791 164.1391
v  49.8243 -33.7144 166.1239
v  66.2953 -34.5337 105.2592
v  50.0838 -33.4878 165.1819
v  66.7087 -33.5007 105.3878
v  89.1520 -34.5282 38.9898
v  89.5505 -33.4886 39.1274
v  112.0300 -34.5321 -27.2721
v  112.4347 -33.4991 -27.1183
v  135.4757 -34.5764 -83.7000
v  136.2232 -33.4850 -84.4392
v  135.8500 -34.9292 -84.6123
v  136.0014 -35.7914 -84.9765
v  136.2086 -66.6284 -84.9213
v  137.0028 -66.6249 -85.7135
v  136.7595 -34.2595 -85.7137
v  137.8649 -66.6249 -87.7868
v  136.5999 -33.7116 -85.3407
v  137.6383 -32.3628 -87.8693
v  137.6395 -32.3659 -88.9911
v  137.8663 -66.6283 -88.9085
v  137.2002 22.6800 -89.1473
v  137.2355 22.3717 -88.0544
v  136.9583 23.9767 -89.0338
v  136.9621 23.3888 -87.8011
v  136.2656 24.9626 -89.5406
v  136.4124 24.7330 -88.0526
v  65.1413 95.1226 -119.1801
v  135.9538 25.5087 -88.6209
v  64.2702 95.8198 -119.0841
v  65.7609 94.6571 -117.7450
v  64.8486 95.3937 -117.6592
v  63.5871 96.1092 -118.2727
v  65.4967 93.9307 -115.0284
v  39.8153 96.0914 -61.1078
v  64.1413 95.6991 -116.8315
v  39.1326 96.3821 -60.2729
v  40.4031 95.7169 -59.7489
v  64.7957 94.2254 -114.1853
v  38.2824 97.0912 -60.1625
v  -4.1891 141.5043 -77.7234
v  -4.2943 141.8221 -76.6527
v  38.8773 96.7033 -58.8029
v  -5.1063 141.8222 -74.5590
v  39.7222 96.0033 -58.9153
v  38.0657 96.7037 -56.6952
v  36.7398 97.0879 -56.1161
v  -5.7506 141.5046 -73.6968
v  37.2836 96.3825 -55.4386
v  38.6073 96.0011 -56.0120
v  37.2253 96.0958 -54.3582
v  38.5438 95.7168 -54.9173
v  13.7754 96.0896 11.7188
v  14.7713 95.7132 12.0722
v  -9.6804 96.0788 77.7929
v  -10.3141 96.3645 78.6668
v  -9.0065 95.7104 79.0739
v  -11.1587 97.0629 78.8426
v  -55.6737 141.5028 64.8840
v  -55.7148 141.8228 65.9586
v  -10.4869 96.6882 80.1383
v  -9.6428 95.9938 79.9578
v  -11.1677 96.6879 82.2951
v  -56.3958 141.8228 68.0982
v  -10.5790 95.9934 82.9242
v  -12.4637 97.0623 82.9727
v  -56.9831 141.5031 68.9988
v  -11.8717 96.3633 83.5995
v  -11.8540 96.0771 84.6779
v  -10.5640 95.7093 84.0098
v  -28.3934 96.0925 144.3439
v  -27.0529 95.6720 143.5587
v  -28.3718 95.8127 145.4284
v  -27.0421 95.3895 144.6969
v  -27.7707 95.1406 146.0594
v  -24.9097 93.9340 143.0825
v  46.9619 24.9540 169.1881
v  -26.4314 94.7043 145.3532
v  -24.2871 93.2416 143.7259
v  47.8293 23.9669 169.2421
v  47.2944 25.4959 168.2385
v  48.0176 24.7115 168.0896
v  47.9500 22.6938 169.4948
v  48.5956 23.3750 168.2879
v  48.3914 -32.3687 169.6385
v  48.6214 -66.6279 169.7135
v  48.6416 22.4042 168.6816
v  49.0823 -32.3656 168.7548
v  49.8036 -31.0171 166.1164
v  49.6909 -30.4678 166.5056
v  50.0665 -31.2425 165.1762
v  49.6434 -29.8043 165.0749
v  49.2696 21.1930 166.4610
v  65.9777 -31.0806 107.8693
v  49.5256 -28.9432 165.4507
v  49.9172 -30.1579 164.1275
v  49.1737 20.4355 165.3300
v  65.3340 -30.4316 108.8638
v  65.6042 -29.8805 107.8112
v  49.2265 21.6690 165.0077
v  65.6951 -28.5483 107.3535
v  49.1741 22.2736 166.2957
v  65.4766 20.3235 107.5090
v  48.5047 24.0082 167.2624
v  48.8672 23.3433 165.9645
v  47.8156 25.4468 165.8428
v  48.3955 24.4359 165.8282
v  49.0776 23.0860 165.0585
v  48.4481 24.5541 164.8688
v  47.1011 26.2657 165.7305
v  47.5326 25.6201 164.4603
v  49.3126 23.0640 163.9056
v  49.3532 21.9684 163.7161
v  64.5725 21.7650 108.7832
v  48.7175 24.4764 163.6664
v  64.8918 22.9028 107.7826
v  65.1083 21.3593 107.8437
v  64.1481 24.6292 107.5510
v  65.9690 21.4057 106.5954
v  65.5117 22.4933 106.8744
v  66.3956 -28.7325 106.4672
v  66.7862 21.4057 103.9706
v  66.2704 -30.3909 106.8724
v  67.0815 -28.7756 104.2632
v  67.5142 -31.0550 102.9290
v  67.2034 -30.3872 103.8740
v  67.1770 -29.8802 102.7527
v  66.9993 -28.5888 103.1774
v  67.5416 -30.4141 101.7467
v  66.8910 20.3265 102.9280
v  88.0408 -30.3613 42.3414
v  88.8883 -31.0013 40.9898
v  88.3279 -29.8283 41.4282
v  88.4233 -28.5169 41.0231
v  89.0841 -30.3189 40.4068
v  88.2855 20.5412 40.9604
v  89.1554 -28.6722 40.1625
v  87.8956 21.5982 41.2838
v  88.7961 21.6495 40.0547
v  87.2907 22.0085 42.2198
v  88.3209 22.7441 40.3377
v  66.8953 21.7577 101.3747
v  87.6244 23.1526 41.2746
v  66.7907 21.3550 102.4462
v  66.5846 22.8956 102.4665
v  66.5771 22.4842 103.5073
v  64.3809 25.1429 106.5186
v  65.5022 24.9855 103.3808
v  65.9286 24.4368 102.3472
v  63.1873 25.8147 107.2464
v  63.9803 26.0815 105.9756
v  63.0087 25.3549 108.3117
v  47.9510 25.2393 163.2266
v  62.7511 26.6779 106.6615
v  46.5824 26.4746 164.4975
v  45.6012 26.0805 163.8239
v  -23.7785 91.2152 142.3479
v  -23.5476 92.2491 142.8621
v  -24.1602 92.9298 142.2312
v  -24.1856 93.2103 141.1535
v  -24.9330 94.2190 141.9786
v  -8.8009 93.1838 85.6717
v  -8.9669 94.2101 84.5077
v  -8.2017 92.8999 84.7649
v  -8.3657 93.9272 83.6172
v  -7.3285 92.2066 84.5822
v  -7.4860 93.2319 83.4436
v  -7.4271 93.9277 80.6436
v  -6.8051 93.2318 81.2877
v  64.8026 26.0069 103.6029
v  -7.4086 94.2104 79.5724
v  64.9593 25.6564 102.1359
v  64.2351 26.5620 102.3618
v  -6.6329 92.8999 79.7939
v  -6.0230 92.2075 80.4424
v  -6.6026 93.1831 78.7079
v  65.4275 25.1804 101.1530
v  15.6587 93.1816 16.0383
v  85.7241 25.3889 41.8641
v  86.9245 24.6695 41.1076
v  85.9350 25.8322 40.8249
v  85.5077 26.6861 40.2218
v  87.1707 25.1651 40.1298
v  86.7717 26.0903 39.5784
v  17.0375 92.2572 15.2577
v  16.9824 93.2251 14.0743
v  16.2247 92.9182 15.3338
v  16.2268 93.8785 14.0412
v  15.7607 94.1501 14.4562
v  17.7332 93.2251 11.9582
v  17.1261 93.8814 11.4976
v  17.0267 94.1530 10.8787
v  17.9369 92.9216 10.5051
v  87.6593 26.0168 37.2563
v  40.0803 94.2042 -54.2807
v  88.3696 25.0097 37.0850
v  17.9419 93.1851 9.6012
v  89.3399 22.7355 37.4377
v  17.7396 91.8543 9.9545
v  89.5286 21.6496 37.9322
v  17.7868 92.1410 8.8716
v  18.5183 92.2581 11.0852
v  18.3180 91.1605 10.6188
v  40.1496 93.1733 -53.0871
v  39.6390 92.1122 -52.8046
v  87.1226 26.5729 35.9709
v  85.9723 26.0987 35.1040
v  87.8609 25.6769 35.7851
v  88.3514 25.2139 34.8357
v  88.8148 24.4751 36.1155
v  108.8471 25.2174 -24.6290
v  110.0143 24.4883 -25.3056
v  109.0896 25.6742 -25.6847
v  89.3746 23.1481 36.3180
v  110.5676 23.1486 -25.0771
v  89.5824 21.5962 36.4015
v  89.6981 22.0052 35.2915
v  89.6749 20.5520 36.8965
v  89.8412 -28.5475 36.9257
v  110.1831 22.0149 -24.0769
v  110.7677 21.6023 -24.9832
v  111.1499 20.5468 -25.2954
v  111.2328 22.7194 -25.9373
v  111.7044 21.5874 -26.1801
v  111.3050 -28.5475 -25.2238
v  112.0578 -28.7308 -26.0645
v  111.1848 -29.8796 -24.7683
v  110.8503 -30.4300 -23.7340
v  90.3391 -30.3456 35.6632
v  111.5528 -31.0790 -24.6861
v  90.0099 -29.8265 36.5501
v  90.1812 -30.9795 37.2426
v  89.8948 -28.7104 38.0206
v  89.9855 -30.3149 37.7945
v  113.3897 -31.0534 -29.5226
v  111.9059 -30.3919 -25.6623
v  136.2062 -31.2398 -84.4453
v  113.0215 -30.3839 -28.5982
v  136.5791 -31.0145 -85.3478
v  112.8760 -28.7739 -28.2174
v  113.0640 -29.8788 -29.7194
v  136.7303 -30.4650 -85.7235
v  135.8106 -29.8015 -84.6266
v  136.3495 21.2184 -85.8936
v  135.4419 -30.1551 -83.7118
v  135.9496 -28.9401 -84.9950
v  113.4897 -30.4124 -30.7011
v  112.8607 -28.5872 -29.3062
v  112.7671 20.3517 -29.5531
v  112.5969 21.4784 -28.5202
v  112.6957 21.3640 -30.0393
v  112.4260 22.5132 -28.9987
v  112.8642 21.7603 -31.1056
v  112.5017 22.9056 -30.0493
v  110.2981 25.0090 -26.3269
v  111.3918 24.9900 -29.2141
v  109.9125 25.9834 -26.9184
v  108.6904 26.5470 -26.3150
v  41.6820 92.1805 -54.0618
v  41.6052 93.2187 -55.2274
v  40.8075 92.8835 -53.9489
v  40.7332 93.9175 -55.1223
v  110.7177 25.9828 -29.0378
v  42.4156 93.2193 -57.3351
v  41.8494 93.9206 -58.0324
v  41.9379 94.2059 -59.1128
v  42.6725 92.9000 -58.8081
v  64.8619 93.2072 -113.0556
v  42.7690 93.1845 -59.8897
v  43.2270 92.2047 -58.1129
v  65.5479 92.9191 -113.8819
v  66.4130 92.2269 -113.9809
v  66.3841 93.2195 -115.1270
v  132.8528 26.6613 -86.0054
v  134.0329 26.4407 -86.6640
v  133.5610 25.8054 -85.3542
v  134.6650 25.5796 -86.2414
v  136.2796 24.0445 -87.1124
v  135.1452 24.5771 -85.9182
v  135.7171 23.3330 -85.7639
v  134.5413 24.7610 -85.1197
v  133.1543 25.4632 -84.1722
v  134.0229 24.7540 -84.0866
v  111.4371 25.2037 -31.4691
v  135.3151 23.1213 -84.9363
v  111.8650 24.4528 -30.2261
v  136.1754 22.2670 -85.8341
v  134.7289 23.1508 -83.8310
v  135.4247 21.7478 -84.8002
v  134.6885 22.0067 -83.6966
v  110.9178 25.6792 -30.5174
v  110.2034 26.5809 -30.3489
v  135.5934 20.4605 -85.0899
v  46.3376 -66.6568 164.5985
v  46.1311 -35.8140 164.5426
v  45.6470 -66.6603 165.4825
v  45.4324 -34.2562 165.4117
v  45.0469 -66.6603 167.6462
v  46.2259 -34.9598 164.1513
v  46.4870 -34.6078 163.1772
v  45.5434 -33.7379 164.9969
v  62.8910 -34.5515 104.2002
v  45.8188 -33.5232 163.9978
v  62.4840 -33.5119 104.0736
v  85.7794 -34.5548 37.8260
v  108.6971 -34.5497 -28.5381
v  85.3663 -33.5216 37.6834
v  132.1556 -34.6049 -85.0794
v  108.2987 -33.5100 -28.6894
v  132.5508 -34.9569 -86.0072
v  132.1356 -33.5203 -86.1373
v  132.7175 -35.8111 -86.3737
v  132.9141 -66.6572 -86.2906
v  132.9155 -66.6607 -87.4124
v  132.7034 -34.2533 -87.4886
v  133.7776 -66.6607 -89.4857
v  132.5349 -33.7351 -87.0937
v  133.5506 -32.3983 -89.5672
v  134.3446 -32.3946 -90.3596
v  134.5718 -66.6572 -90.2779
v  134.5276 21.5234 -90.3156
v  133.7080 21.0242 -89.6128
v  134.1326 22.6104 -90.2278
v  133.2628 21.7049 -89.0300
v  133.6808 23.5826 -90.6684
v  132.6489 23.5755 -90.0527
v  62.8937 92.4801 -120.1192
v  62.0304 93.1635 -120.0090
v  62.9883 91.4298 -118.9311
v  132.7433 22.9618 -89.2335
v  61.3428 93.4487 -119.1682
v  62.0963 92.1340 -118.8271
v  37.5872 93.4513 -62.0003
v  61.3904 92.4254 -117.9756
v  62.7581 90.6549 -116.1806
v  36.9017 93.7452 -61.1621
v  37.6381 92.4425 -60.8556
v  36.0469 94.4600 -61.0520
v  -6.4282 138.8653 -78.5888
v  -7.0725 138.5477 -77.7267
v  36.1082 93.4284 -59.8973
v  -7.8845 138.5478 -75.6329
v  36.9540 92.7288 -60.0136
v  35.2786 93.4279 -57.7403
v  34.4834 94.4355 -56.9593
v  -7.9897 138.8656 -74.5622
v  35.0243 93.7341 -56.2718
v  35.8183 92.7256 -57.0534
v  34.9588 93.4513 -55.1673
v  35.7516 92.4414 -55.9502
v  11.5209 93.4426 10.9188
v  11.9744 92.4292 11.0795
v  -11.9379 93.4214 77.0125
v  -12.5829 93.7138 77.9030
v  -11.8097 92.4165 78.1341
v  -13.4445 94.4285 78.0807
v  -57.9432 138.8462 64.1638
v  -58.5305 138.5265 65.0645
v  -12.4494 92.6999 79.0285
v  -13.2950 93.3944 79.2138
v  -13.9953 93.3928 81.4372
v  -59.2115 138.5265 67.2041
v  -13.4079 92.6977 82.0719
v  -14.7676 94.4247 82.2821
v  -59.2526 138.8465 68.2787
v  -14.1637 93.7104 82.9197
v  -14.1462 93.4176 84.0170
v  -13.3965 92.4136 83.1696
v  -30.7225 93.4089 143.7188
v  -29.9353 92.3954 142.8153
v  -30.6857 93.1299 144.7917
v  -29.9081 92.1111 143.9206
v  -30.0571 92.4498 145.4244
v  -27.7622 90.6463 142.2796
v  44.2608 23.5486 168.4925
v  -29.2776 91.4197 144.5683
v  44.9591 22.5976 168.3546
v  43.8455 23.5138 167.3675
v  -27.1302 89.9492 142.9223
v  45.1342 21.4858 168.7586
v  44.9538 -32.3976 168.6839
v  45.1835 -66.6568 168.7596
v  44.9257 20.9741 167.6791
v  44.8174 -32.4012 167.5705
v  45.5213 -31.0650 164.9899
v  45.4035 -30.5458 165.4033
v  44.9389 21.9674 166.7544
v  45.8016 -31.2779 163.9917
v  44.7186 22.7007 166.3194
v  45.3354 20.1715 165.3719
v  44.9437 22.1671 164.8408
v  46.1867 -29.8332 164.1382
v  45.2438 21.1468 165.2168
v  44.9455 22.1630 164.8378
v  44.3916 23.1349 164.9382
v  45.1803 21.8195 164.0135
v  43.7327 23.8953 164.8504
v  45.8352 20.7858 164.0789
v  -25.8407 89.5702 142.2174
v  45.9591 19.6605 164.4454
v  -26.4640 90.2599 141.5793
v  46.0812 -28.9787 164.5262
v  46.4533 -30.1865 163.1654
v  46.1328 21.1409 162.7746
v  61.7253 -30.4647 107.8008
v  61.4329 20.9053 107.8472
v  45.3388 21.9454 162.7257
v  61.9337 20.5218 106.9167
v  60.9552 21.6955 106.6246
v  45.0185 22.1896 163.7336
v  44.9485 22.1554 164.8526
v  45.2172 22.2133 162.7119
v  44.6448 23.5248 163.5987
v  60.6732 22.3503 106.5363
v  43.8816 24.4843 163.7841
v  45.1589 23.2872 162.4915
v  -24.7664 90.0484 142.0742
v  44.5282 25.2945 163.5259
v  60.3297 23.4245 107.3740
v  -26.4908 90.5445 140.4914
v  60.4792 23.8661 106.4192
v  -11.0777 90.5350 84.9738
v  -27.7910 90.9335 141.1847
v  -11.8002 90.9146 83.6698
v  -10.4815 90.2528 84.0772
v  -11.1961 90.6313 82.7677
v  -9.6123 89.5651 83.8979
v  -10.3148 89.9368 82.5895
v  -10.2363 90.6345 79.7173
v  60.0556 24.6876 105.8940
v  60.6318 23.5242 104.9761
v  60.9318 22.7763 105.5047
v  -9.6143 89.9380 80.3670
v  61.5314 21.3630 105.6941
v  62.0787 22.6325 102.2490
v  61.9180 20.4800 105.3775
v  61.4785 23.4501 102.5257
v  62.2625 19.5461 106.5819
v  62.2254 -28.6039 106.3457
v  62.1415 -28.8110 105.2583
v  62.0506 -29.9200 106.7757
v  62.0167 -30.4398 105.6521
v  61.7328 -31.1169 106.6197
v  62.9807 -30.4278 102.5515
v  63.3098 -31.1163 101.5497
v  62.8550 -28.7657 102.9638
v  63.6615 -29.9018 101.6172
v  62.7585 20.4812 102.6762
v  63.5660 -28.5480 102.0763
v  62.6207 21.3833 102.2260
v  63.7034 19.5529 101.8688
v  63.6027 20.5352 101.4406
v  63.6856 20.9256 100.4799
v  63.9737 -30.4640 100.5728
v  84.5335 -30.3734 41.1324
v  84.7004 -31.0126 39.5560
v  84.8570 -29.8473 40.2458
v  85.0150 -28.5538 39.8673
v  84.8873 -30.3479 39.0011
v  85.1095 19.8110 39.8948
v  84.9585 -28.7434 38.7683
v  85.7888 -30.3517 36.3888
v  84.7477 20.7624 40.2099
v  84.7954 20.7265 38.6740
v  85.6975 -28.7051 36.6262
v  85.9936 -31.0341 35.8089
v  86.5405 -29.8488 35.3639
v  107.3929 -31.1145 -26.1947
v  86.8321 -30.3889 34.4542
v  86.4346 -28.5227 35.7647
v  107.3127 -30.4623 -25.0171
v  86.5135 19.8028 35.7771
v  85.5272 20.7283 36.5514
v  86.4145 20.7746 35.3448
v  86.4981 21.1619 34.3648
v  84.3891 21.6023 38.9953
v  107.1051 21.1601 -25.2063
v  85.4938 21.9471 34.9723
v  85.4134 21.6119 36.0705
v  107.6539 20.7714 -26.1058
v  106.7078 21.9504 -26.4855
v  107.9965 19.7801 -26.4206
v  85.3902 22.1939 34.9332
v  107.9031 -28.6026 -26.4439
v  107.7343 20.6680 -27.6482
v  107.7007 -29.9183 -26.0211
v  107.8861 -28.8089 -27.5329
v  107.7354 -30.4400 -27.1419
v  108.8881 -30.4246 -30.1781
v  109.2783 -31.1151 -31.1582
v  108.7374 -28.7642 -29.7744
v  132.1184 -31.2750 -86.1432
v  109.6251 -29.9009 -31.0691
v  132.4903 -31.0498 -87.0466
v  110.0007 -30.4630 -32.0924
v  132.6430 -30.5009 -87.4223
v  132.5040 -29.8298 -86.0000
v  132.1218 -30.1837 -85.0909
v  132.5966 20.1862 -87.5151
v  132.6562 -28.9685 -86.3631
v  132.5135 19.6871 -86.4074
v  109.5016 -28.5467 -30.6165
v  109.6471 19.5838 -30.8055
v  108.6542 20.5585 -30.0609
v  109.5724 20.5509 -31.2392
v  109.7125 20.9349 -32.1971
v  108.5527 21.4189 -30.5238
v  131.5798 21.1334 -85.0025
v  108.6707 21.7444 -31.5532
v  130.9395 21.9065 -85.3887
v  132.1358 20.8288 -86.1244
v  132.4144 21.1464 -87.4322
v  131.4308 21.9491 -86.3958
v  132.0541 22.2566 -87.5406
v  131.9129 22.1624 -87.2860
v  130.7091 22.3778 -85.4178
v  131.8327 22.3162 -87.2940
v  131.2246 22.4089 -86.4604
v  131.3672 23.2220 -87.5307
v  108.4827 22.2053 -31.5949
v  130.8201 24.0615 -87.9972
v  108.0335 22.6522 -30.5644
v  63.6421 89.9572 -116.2865
v  64.2105 89.5707 -114.9021
v  63.3331 90.2658 -114.8021
v  62.0532 90.9429 -115.3244
v  39.1720 90.9315 -60.2174
v  62.6362 90.5538 -113.9635
v  130.2669 24.6854 -87.0860
v  130.8031 23.7213 -86.4483
v  130.5110 23.4971 -85.2306
v  108.7865 23.3212 -32.5338
v  108.2877 23.7582 -31.5878
v  107.6286 24.5751 -31.4058
v  107.4546 23.4426 -30.3292
v  40.9960 89.5662 -58.9963
v  106.6211 23.4428 -28.1349
v  40.4406 90.2613 -59.6933
v  39.6454 89.9445 -58.4268
v  38.8171 89.9430 -56.2699
v  40.5379 90.5463 -60.7782
v  39.0797 90.6458 -59.1283
v  37.9416 90.6430 -56.1622
v  38.5609 90.2574 -54.7946
v  37.2864 90.9296 -55.3119
v  14.3629 90.7648 9.8554
v  39.4236 89.5660 -54.9049
v  37.9117 90.5438 -53.9494
v  38.7242 91.0277 -53.1715
v  16.8747 91.0575 8.5077
v  106.0307 24.5809 -27.2572
v  15.5626 90.5963 8.6225
v  16.7809 90.7482 9.6048
v  106.4233 23.7446 -26.6819
v  15.6170 90.2619 9.6571
v  106.9086 22.6589 -27.5628
v  106.2135 23.3022 -25.7215
v  106.5955 22.2242 -26.5343
v  107.3296 21.5988 -27.3659
v  85.6622 23.3149 33.8983
v  85.1908 23.7378 34.8380
v  84.9715 22.6429 35.8960
v  84.5067 24.5495 35.0343
v  84.9696 25.2936 34.7558
v  17.3074 90.0460 10.2627
v  84.3498 23.4699 36.1058
v  16.3973 89.4234 10.3789
v  15.6901 89.2291 11.2052
v  83.4634 23.5416 38.4272
v  14.6377 90.3153 10.5699
v  13.7311 90.2998 13.1765
v  14.9631 89.1992 13.3548
v  13.0481 90.7579 13.5836
v  13.9145 90.2495 14.5379
v  -10.2129 90.9169 78.6349
v  13.2031 90.5916 15.3089
v  -8.8937 90.2541 79.0534
v  -8.8721 90.5372 77.9791
v  -8.2774 89.5629 79.6978
v  61.6064 24.5503 101.4677
v  62.2763 23.7276 101.2336
v  62.4819 22.1750 101.1867
v  62.7261 23.2886 100.2554
v  62.6712 21.7272 101.2076
v  83.0919 23.4531 40.8045
v  83.5254 22.3696 39.9088
v  83.7386 21.9272 39.9493
v  83.2679 23.8715 39.8689
v  82.8524 24.6750 39.3212
v  83.7813 22.7842 38.9535
v  84.1669 21.1322 41.1211
v  14.9945 89.3939 14.4854
v  -37.0234 62.3730 -239.6939
v  -36.9949 61.3633 -238.1748
v  -37.6048 61.4985 -238.3940
v  -36.3933 62.2680 -239.5199
v  -36.6271 63.7258 -240.5913
v  -34.1649 62.2828 -238.5133
v  -34.7665 61.3781 -237.1683
v  -35.9833 63.6677 -240.4485
v  -36.4761 65.3510 -240.9496
v  -33.7549 63.6825 -239.4418
v  -35.8270 65.3493 -240.8190
v  -33.5986 65.3641 -239.8125
v  -33.7201 67.0715 -239.5687
v  -35.9485 67.0566 -240.5753
v  -36.5934 67.0013 -240.7140
v  -34.1007 68.5448 -238.7479
v  -36.3291 68.5300 -239.7545
v  -36.9613 68.4252 -239.9206
v  -34.6825 69.5598 -237.4749
v  -36.9109 69.5449 -238.4814
v  -37.5236 69.4062 -238.6902
v  -35.3770 69.9618 -235.9434
v  -37.6054 69.9470 -236.9499
v  -38.1949 69.7948 -237.2099
v  -38.8727 69.5319 -235.7054
v  -38.3068 69.6749 -235.3933
v  -36.0783 69.6898 -234.3867
v  -39.4541 68.6574 -234.4055
v  -38.9083 68.7702 -234.0482
v  -36.6799 68.7850 -233.0417
v  -37.0900 67.3854 -232.1131
v  -39.3184 67.3705 -233.1198
v  -39.8505 67.3046 -233.5080
v  -37.2462 65.7038 -231.7425
v  -39.4746 65.6890 -232.7491
v  -40.0015 65.6794 -233.1499
v  -39.8841 64.0291 -233.3853
v  -39.3531 63.9816 -232.9928
v  -37.1248 63.9964 -231.9862
v  -39.5163 62.6052 -234.1787
v  -38.9725 62.5082 -233.8137
v  -36.7441 62.5231 -232.8071
v  -38.3907 61.4933 -235.0868
v  -38.9539 61.6242 -235.4091
v  -36.1624 61.5081 -234.0801
v  -37.6963 61.0912 -236.6183
v  -38.2827 61.2356 -236.8894
v  -35.4678 61.1061 -235.6116
v  -36.1624 31.7286 -234.0801
v  -37.6963 31.3117 -236.6183
v  -35.4678 31.3265 -235.6116
v  -38.9539 31.8447 -235.4091
v  -38.2827 31.4561 -236.8894
v  -38.3907 31.7138 -235.0868
v  -36.7441 32.7436 -232.8071
v  -39.5163 32.8256 -234.1787
v  -38.9725 32.7287 -233.8137
v  -37.1248 34.2169 -231.9862
v  -39.3531 34.2020 -232.9928
v  -39.8841 34.2496 -233.3853
v  -37.2462 35.9243 -231.7425
v  -39.4746 35.9095 -232.7491
v  -40.0015 35.8998 -233.1499
v  -39.8505 37.5251 -233.5080
v  -39.3184 37.5910 -233.1198
v  -37.0900 37.6058 -232.1131
v  -39.4541 38.8779 -234.4055
v  -38.9083 38.9907 -234.0482
v  -36.6799 39.0055 -233.0417
v  -36.0783 39.9103 -234.3867
v  -38.3068 39.8954 -235.3933
v  -38.8727 39.7523 -235.7054
v  -35.3770 40.1823 -235.9434
v  -37.6054 40.1675 -236.9499
v  -38.1949 40.0153 -237.2099
v  -37.5236 39.6267 -238.6902
v  -36.9109 39.7654 -238.4814
v  -34.6825 39.7803 -237.4749
v  -36.9613 38.6457 -239.9206
v  -36.3291 38.7505 -239.7545
v  -34.1007 38.7653 -238.7479
v  -36.5934 37.2217 -240.7140
v  -35.9485 37.2771 -240.5753
v  -33.7201 37.2920 -239.5687
v  -36.4761 35.5715 -240.9496
v  -35.8270 35.5697 -240.8190
v  -33.5986 35.5846 -239.8125
v  -33.7549 33.9030 -239.4418
v  -35.9833 33.8882 -240.4485
v  -36.6271 33.9463 -240.5913
v  -34.1649 32.5033 -238.5133
v  -36.3933 32.4885 -239.5199
v  -37.0234 32.5935 -239.6939
v  -36.9949 31.5838 -238.1748
v  -34.7665 31.5986 -237.1683
v  -37.6048 31.7190 -238.3940
v  -36.1624 -0.0236 -234.0801
v  -37.6963 -0.4405 -236.6183
v  -35.4678 -0.4257 -235.6116
v  -38.9539 0.0924 -235.4091
v  -38.2827 -0.2962 -236.8894
v  -38.3907 -0.0385 -235.0868
v  -36.7441 0.9913 -232.8071
v  -39.5163 1.0734 -234.1787
v  -38.9725 0.9765 -233.8137
v  -37.1248 2.4646 -231.9862
v  -39.3531 2.4498 -232.9928
v  -39.8841 2.4974 -233.3853
v  -37.2462 4.1721 -231.7425
v  -39.4746 4.1572 -232.7491
v  -40.0015 4.1476 -233.1499
v  -39.8505 5.7728 -233.5080
v  -39.3184 5.8388 -233.1198
v  -37.0900 5.8536 -232.1131
v  -39.4541 7.1257 -234.4055
v  -38.9083 7.2385 -234.0482
v  -36.6799 7.2533 -233.0417
v  -36.0783 8.1580 -234.3867
v  -38.3068 8.1432 -235.3933
v  -38.8727 8.0001 -235.7054
v  -35.3770 8.4301 -235.9434
v  -37.6054 8.4152 -236.9499
v  -38.1949 8.2630 -237.2099
v  -37.5236 7.8744 -238.6902
v  -36.9109 8.0132 -238.4814
v  -34.6825 8.0280 -237.4749
v  -36.9613 6.8935 -239.9206
v  -36.3291 6.9982 -239.7545
v  -34.1007 7.0131 -238.7479
v  -36.5934 5.4695 -240.7140
v  -35.9485 5.5249 -240.5753
v  -33.7201 5.5397 -239.5687
v  -36.4761 3.8193 -240.9496
v  -35.8270 3.8175 -240.8190
v  -33.5986 3.8323 -239.8125
v  -33.7549 2.1508 -239.4418
v  -35.9833 2.1359 -240.4485
v  -36.6271 2.1940 -240.5913
v  -34.1649 0.7511 -238.5133
v  -36.3933 0.7363 -239.5199
v  -37.0234 0.8412 -239.6939
v  -36.9949 -0.1685 -238.1748
v  -34.7665 -0.1536 -237.1683
v  -37.6048 -0.0332 -238.3940
v  -33.9632 -64.2688 -227.9659
v  -33.5502 23.7083 -229.2888
v  -33.5540 -64.2688 -229.2885
v  -33.6979 140.9756 -228.3249
v  -33.2556 140.9736 -229.6368
v  -33.9759 23.7093 -227.9716
v  -34.7144 -64.2688 -225.5372
v  -34.5102 140.9837 -225.9132
v  -34.7569 23.7133 -225.5539
v  -23.9534 23.6916 -226.3202
v  -24.3660 -64.2635 -224.9978
v  -23.9569 -64.2635 -226.3205
v  -24.3791 23.6926 -225.0028
v  -23.9712 141.0406 -226.2401
v  -24.4135 141.0426 -224.9281
v  161.5415 24.2549 -146.7019
v  -3.5776 138.0375 -75.1696
v  162.2470 22.5551 -146.4264
v  112.0131 24.2402 -27.2763
v  -29.2726 138.0378 -3.8556
v  162.2553 -62.1200 -146.4486
v  112.6125 -62.1208 -27.0518
v  111.4060 -63.4094 -27.5103
v  88.5326 -63.4094 38.7762
v  112.7015 22.5719 -27.0150
v  89.1441 24.2379 38.9872
v  89.7521 -62.1208 39.1970
v  66.2752 24.2355 105.2506
v  -54.9676 138.0381 67.4583
v  89.8429 22.5710 39.2284
v  31.6174 24.2416 229.8112
v  66.9844 22.5700 105.4717
v  32.3438 22.5403 230.0121
v  66.8917 -62.1208 105.4458
v  65.6592 -63.4094 105.0627
v  32.3324 -62.1191 230.0499
v  -37.4588 65.3839 -240.3415
v  -37.5760 64.1227 -240.0636
v  -37.5499 66.6645 -240.1588
v  -37.0733 65.3637 -240.7747
v  -37.8836 63.0729 -239.3672
v  -37.8354 67.7695 -239.5431
v  -38.3347 62.3943 -238.3585
v  -37.2100 63.8923 -240.4504
v  -37.5688 62.6676 -239.6380
v  -38.8608 62.1902 -237.1909
v  -37.1796 66.8577 -240.5615
v  -38.0952 61.8759 -238.4612
v  -38.7089 61.6379 -237.0990
v  -39.3816 62.4918 -236.0422
v  -39.3166 61.9897 -235.7589
v  -39.8181 63.2531 -235.0874
v  -39.8257 62.8778 -234.6449
v  -40.1035 64.3581 -234.4717
v  -40.1587 64.1670 -233.9267
v  -40.1946 65.6387 -234.2890
v  -40.2650 65.6610 -233.7135
v  -40.0774 66.8999 -234.5670
v  -40.1283 67.1323 -234.0378
v  -39.7698 67.9497 -235.2633
v  -39.7695 68.3571 -234.8501
v  -39.3187 68.6283 -236.2721
v  -39.2431 69.1487 -236.0271
v  -38.6294 69.3868 -237.3893
v  -38.7926 68.8323 -237.4397
v  -38.0217 69.0350 -238.7293
v  -38.2717 68.5308 -238.5883
v  -37.5126 68.1469 -239.8433
v  -44.3986 67.9187 -233.4277
v  -44.0645 69.3878 -234.2066
v  -44.2932 63.0249 -233.4370
v  -42.4464 71.7605 -237.9842
v  -44.4493 67.8254 -233.8887
v  -44.1632 69.0855 -234.5556
v  -41.7786 71.7606 -239.5434
v  -42.6085 71.3653 -238.1853
v  -44.1379 67.2657 -236.3910
v  -40.1603 69.3878 -243.3217
v  -42.0359 71.3653 -239.5224
v  -42.9652 68.9854 -239.1291
v  -40.4812 69.0855 -243.1523
v  -39.8265 67.9188 -244.1012
v  -41.7923 67.2657 -241.8673
v  -40.1948 67.8257 -243.8208
v  -39.8265 63.1732 -244.1012
v  -40.1948 63.2662 -243.8208
v  -42.9652 65.5460 -239.1291
v  -41.7923 63.8262 -241.8673
v  -40.4812 62.0064 -243.1523
v  -40.1603 61.7042 -243.3217
v  -42.9652 62.1065 -239.1291
v  -42.0359 59.7266 -239.5224
v  -41.7786 59.3314 -239.5434
v  -42.6088 59.7282 -238.1858
v  -44.1379 63.8262 -236.3910
v  -42.4468 59.3318 -237.9846
v  -44.2629 63.0952 -233.9446
v  -44.0764 62.2270 -234.3867
v  -44.0252 61.8444 -234.0403
v  -37.4588 35.6044 -240.3415
v  -37.5760 34.3431 -240.0636
v  -37.5499 36.8850 -240.1588
v  -37.0733 35.5842 -240.7747
v  -37.8836 33.2933 -239.3672
v  -37.8354 37.9900 -239.5431
v  -38.3347 32.6148 -238.3585
v  -37.2100 34.1128 -240.4504
v  -37.5688 32.8881 -239.6380
v  -38.8608 32.4107 -237.1909
v  -37.1796 37.0782 -240.5615
v  -38.0952 32.0964 -238.4612
v  -38.7089 31.8584 -237.0990
v  -39.3816 32.7123 -236.0422
v  -39.3166 32.2102 -235.7589
v  -39.8181 33.4735 -235.0874
v  -39.8257 33.0983 -234.6449
v  -40.1035 34.5786 -234.4717
v  -40.1587 34.3874 -233.9267
v  -40.1946 35.8592 -234.2890
v  -40.2650 35.8814 -233.7135
v  -40.0774 37.1204 -234.5670
v  -40.1283 37.3528 -234.0378
v  -39.7698 38.1702 -235.2633
v  -39.7695 38.5776 -234.8501
v  -39.3187 38.8488 -236.2721
v  -39.2431 39.3692 -236.0271
v  -38.6294 39.6073 -237.3893
v  -38.7926 39.0528 -237.4397
v  -38.0217 39.2555 -238.7293
v  -38.2717 38.7512 -238.5883
v  -37.5126 38.3674 -239.8433
v  -44.3986 38.1391 -233.4277
v  -44.0645 39.6082 -234.2066
v  -44.2932 33.2454 -233.4370
v  -42.4464 41.9810 -237.9842
v  -44.4493 38.0458 -233.8887
v  -44.1632 39.3060 -234.5556
v  -41.7786 41.9810 -239.5434
v  -42.6085 41.5857 -238.1853
v  -44.1379 37.4862 -236.3910
v  -40.1603 39.6082 -243.3217
v  -42.0359 41.5858 -239.5224
v  -42.9652 39.2059 -239.1291
v  -40.4812 39.3060 -243.1523
v  -39.8265 38.1392 -244.1012
v  -41.7923 37.4862 -241.8673
v  -40.1948 38.0462 -243.8208
v  -39.8265 33.3937 -244.1012
v  -40.1948 33.4867 -243.8208
v  -42.9652 35.7664 -239.1291
v  -41.7923 34.0467 -241.8673
v  -40.4812 32.2269 -243.1523
v  -40.1603 31.9247 -243.3217
v  -42.9652 32.3270 -239.1291
v  -42.0359 29.9471 -239.5224
v  -41.7786 29.5518 -239.5434
v  -42.6088 29.9487 -238.1858
v  -44.1379 34.0467 -236.3910
v  -42.4468 29.5523 -237.9846
v  -44.2629 33.3157 -233.9446
v  -44.0764 32.4475 -234.3867
v  -44.0252 32.0648 -234.0403
v  -37.4588 3.8521 -240.3415
v  -37.5760 2.5909 -240.0636
v  -37.5499 5.1327 -240.1588
v  -37.0733 3.8319 -240.7747
v  -37.8836 1.5411 -239.3672
v  -37.8354 6.2378 -239.5431
v  -38.3347 0.8625 -238.3585
v  -37.2100 2.3606 -240.4504
v  -37.5688 1.1358 -239.6380
v  -38.8608 0.6585 -237.1909
v  -37.1796 5.3259 -240.5615
v  -38.0952 0.3442 -238.4612
v  -38.7089 0.1061 -237.0990
v  -39.3816 0.9600 -236.0422
v  -39.3166 0.4579 -235.7589
v  -39.8181 1.7213 -235.0874
v  -39.8257 1.3460 -234.6449
v  -40.1035 2.8263 -234.4717
v  -40.1587 2.6352 -233.9267
v  -40.1946 4.1069 -234.2890
v  -40.2650 4.1292 -233.7135
v  -40.0774 5.3681 -234.5670
v  -40.1283 5.6006 -234.0378
v  -39.7698 6.4179 -235.2633
v  -39.7695 6.8253 -234.8501
v  -39.3187 7.0965 -236.2721
v  -39.2431 7.6170 -236.0271
v  -38.6294 7.8550 -237.3893
v  -38.7926 7.3006 -237.4397
v  -38.0217 7.5032 -238.7293
v  -38.2717 6.9990 -238.5883
v  -37.5126 6.6151 -239.8433
v  -44.3986 6.3869 -233.4277
v  -44.0645 7.8560 -234.2066
v  -44.2932 1.4931 -233.4370
v  -42.4464 10.2288 -237.9842
v  -44.4493 6.2936 -233.8887
v  -44.1632 7.5537 -234.5556
v  -41.7786 10.2288 -239.5434
v  -42.6085 9.8335 -238.1853
v  -44.1379 5.7339 -236.3910
v  -40.1603 7.8560 -243.3217
v  -42.0359 9.8335 -239.5224
v  -42.9652 7.4537 -239.1291
v  -40.4812 7.5537 -243.1523
v  -39.8265 6.3870 -244.1012
v  -41.7923 5.7339 -241.8673
v  -40.1948 6.2940 -243.8208
v  -39.8265 1.6414 -244.1012
v  -40.1948 1.7344 -243.8208
v  -42.9652 4.0142 -239.1291
v  -41.7923 2.2945 -241.8673
v  -40.4812 0.4747 -243.1523
v  -40.1603 0.1724 -243.3217
v  -42.9652 0.5747 -239.1291
v  -42.0359 -1.8051 -239.5224
v  -41.7786 -2.2004 -239.5434
v  -42.6088 -1.8035 -238.1858
v  -44.1379 2.2945 -236.3910
v  -42.4468 -2.2000 -237.9846
v  -44.2629 1.5635 -233.9446
v  -44.0764 0.6953 -234.3867
v  -44.0252 0.3126 -234.0403
v  -40.0470 -178.5992 -224.7160
v  -40.1341 -178.5992 -224.3344
v  -39.8029 -178.5992 -225.0221
v  -40.0470 -178.5992 -223.9529
v  -39.4503 -178.5992 -225.1919
v  -39.8029 -178.5992 -223.6468
v  -39.0589 -178.5992 -225.1919
v  -39.4503 -178.5992 -223.4770
v  -38.7062 -178.5992 -225.0221
v  -39.0589 -178.5992 -223.4770
v  -38.4621 -178.5992 -224.7160
v  -38.7062 -178.5992 -223.6468
v  -38.3750 -178.5992 -224.3344
v  -38.4621 -178.5992 -223.9529
v  -39.2546 -178.5992 -224.3344
v  -40.0470 -165.6234 -224.7160
v  -39.8029 -165.6234 -225.0221
v  -40.1341 -165.6234 -224.3344
v  -39.4503 -165.6234 -225.1919
v  -40.0470 -165.6234 -223.9529
v  -39.0589 -165.6234 -225.1919
v  -39.8029 -165.6234 -223.6468
v  -38.7062 -165.6234 -225.0221
v  -39.4503 -165.6234 -223.4770
v  -38.4621 -165.6234 -224.7160
v  -39.0589 -165.6234 -223.4770
v  -38.3750 -165.6234 -224.3344
v  -38.4621 -165.6234 -223.9529
v  -38.7062 -165.6234 -223.6468
v  -39.2546 -165.6234 -224.3344
v  -40.0470 -102.5573 -224.7160
v  -40.1341 -102.5573 -224.3344
v  -39.8029 -102.5573 -225.0221
v  -40.0470 -102.5573 -223.9529
v  -39.4503 -102.5573 -225.1919
v  -39.8029 -102.5573 -223.6468
v  -39.0589 -102.5573 -225.1919
v  -39.4503 -102.5573 -223.4770
v  -38.7062 -102.5573 -225.0221
v  -39.0589 -102.5573 -223.4770
v  -38.4621 -102.5573 -224.7160
v  -38.7062 -102.5573 -223.6468
v  -38.3750 -102.5573 -224.3344
v  -38.4621 -102.5573 -223.9529
v  -39.2546 -102.5573 -224.3344
v  -40.0470 -89.5814 -224.7160
v  -39.8029 -89.5814 -225.0221
v  -40.1341 -89.5814 -224.3344
v  -39.4503 -89.5814 -225.1919
v  -40.0470 -89.5814 -223.9529
v  -39.0589 -89.5814 -225.1919
v  -39.8029 -89.5814 -223.6468
v  -38.7062 -89.5814 -225.0221
v  -39.4503 -89.5814 -223.4770
v  -38.4621 -89.5814 -224.7160
v  -39.0589 -89.5814 -223.4770
v  -38.3750 -89.5814 -224.3344
v  -38.4621 -89.5814 -223.9529
v  -38.7062 -89.5814 -223.6468
v  -39.2546 -89.5814 -224.3344
v  -113.9241 -178.5992 -28.0541
v  -114.1682 -178.5992 -28.3601
v  -113.8370 -178.5992 -27.6725
v  -114.5209 -178.5992 -28.5300
v  -113.9241 -178.5992 -27.2909
v  -114.9122 -178.5992 -28.5300
v  -114.1682 -178.5992 -26.9849
v  -115.2649 -178.5992 -28.3601
v  -114.5209 -178.5992 -26.8150
v  -115.5090 -178.5992 -28.0541
v  -114.7165 -178.5992 -27.6725
v  -115.5961 -178.5992 -27.6725
v  -115.5090 -178.5992 -27.2909
v  -114.9122 -178.5992 -26.8150
v  -115.2649 -178.5992 -26.9849
v  -113.9241 -165.6234 -28.0541
v  -113.8370 -165.6234 -27.6725
v  -114.1682 -165.6234 -28.3601
v  -113.9241 -165.6234 -27.2909
v  -114.5209 -165.6234 -28.5300
v  -114.1682 -165.6234 -26.9849
v  -114.9122 -165.6234 -28.5300
v  -114.5209 -165.6234 -26.8150
v  -115.2649 -165.6234 -28.3601
v  -114.9122 -165.6234 -26.8150
v  -115.5090 -165.6234 -28.0541
v  -115.2649 -165.6234 -26.9849
v  -115.5961 -165.6234 -27.6725
v  -115.5090 -165.6234 -27.2909
v  -114.7165 -165.6234 -27.6725
v  -113.9241 -102.5573 -28.0541
v  -114.1682 -102.5573 -28.3601
v  -113.8370 -102.5573 -27.6725
v  -114.5209 -102.5573 -28.5300
v  -113.9241 -102.5573 -27.2909
v  -114.9122 -102.5573 -28.5300
v  -114.1682 -102.5573 -26.9849
v  -115.2649 -102.5573 -28.3601
v  -114.5209 -102.5573 -26.8150
v  -115.5090 -102.5573 -28.0541
v  -114.7165 -102.5573 -27.6725
v  -115.5961 -102.5573 -27.6725
v  -115.5090 -102.5573 -27.2909
v  -114.9122 -102.5573 -26.8150
v  -115.2649 -102.5573 -26.9849
v  -113.9241 -89.5814 -28.0541
v  -113.8370 -89.5814 -27.6725
v  -114.1682 -89.5814 -28.3601
v  -113.9241 -89.5814 -27.2909
v  -114.5209 -89.5814 -28.5300
v  -114.1682 -89.5814 -26.9849
v  -114.9122 -89.5814 -28.5300
v  -114.5209 -89.5814 -26.8150
v  -115.2649 -89.5814 -28.3601
v  -114.9122 -89.5814 -26.8150
v  -115.5090 -89.5814 -28.0541
v  -115.2649 -89.5814 -26.9849
v  -115.5961 -89.5814 -27.6725
v  -115.5090 -89.5814 -27.2909
v  -114.7165 -89.5814 -27.6725
v  -172.8249 -178.5992 167.1158
v  -173.0690 -178.5992 166.8097
v  -172.7378 -178.5992 167.4973
v  -173.4217 -178.5992 166.6399
v  -172.8249 -178.5992 167.8789
v  -173.8130 -178.5992 166.6399
v  -173.0690 -178.5992 168.1850
v  -174.1657 -178.5992 166.8097
v  -173.4217 -178.5992 168.3548
v  -174.4098 -178.5992 167.1158
v  -173.6173 -178.5992 167.4973
v  -174.4969 -178.5992 167.4973
v  -174.4098 -178.5992 167.8789
v  -173.8130 -178.5992 168.3548
v  -174.1657 -178.5992 168.1850
v  -172.8249 -165.6234 167.1158
v  -172.7378 -165.6234 167.4973
v  -173.0690 -165.6234 166.8097
v  -172.8249 -165.6234 167.8789
v  -173.4217 -165.6234 166.6399
v  -173.0690 -165.6234 168.1850
v  -173.8130 -165.6234 166.6399
v  -173.4217 -165.6234 168.3548
v  -174.1657 -165.6234 166.8097
v  -173.8130 -165.6234 168.3548
v  -174.4098 -165.6234 167.1158
v  -174.1657 -165.6234 168.1850
v  -174.4969 -165.6234 167.4973
v  -174.4098 -165.6234 167.8789
v  -173.6173 -165.6234 167.4973
v  -172.8249 -102.5573 167.1158
v  -173.0690 -102.5573 166.8097
v  -172.7378 -102.5573 167.4973
v  -173.4217 -102.5573 166.6399
v  -172.8249 -102.5573 167.8789
v  -173.8130 -102.5573 166.6399
v  -173.0690 -102.5573 168.1850
v  -174.1657 -102.5573 166.8097
v  -173.4217 -102.5573 168.3548
v  -174.4098 -102.5573 167.1158
v  -173.6173 -102.5573 167.4973
v  -174.4969 -102.5573 167.4973
v  -174.4098 -102.5573 167.8789
v  -173.8130 -102.5573 168.3548
v  -174.1657 -102.5573 168.1850
v  -172.8249 -89.5814 167.1158
v  -172.7378 -89.5814 167.4973
v  -173.0690 -89.5814 166.8097
v  -172.8249 -89.5814 167.8789
v  -173.4217 -89.5814 166.6399
v  -173.0690 -89.5814 168.1850
v  -173.8130 -89.5814 166.6399
v  -173.4217 -89.5814 168.3548
v  -174.1657 -89.5814 166.8097
v  -173.8130 -89.5814 168.3548
v  -174.4098 -89.5814 167.1158
v  -174.1657 -89.5814 168.1850
v  -174.4969 -89.5814 167.4973
v  -174.4098 -89.5814 167.8789
v  -173.6173 -89.5814 167.4973
v  -112.1139 -178.5992 -34.7550
v  -112.3580 -178.5992 -35.0610
v  -112.0268 -178.5992 -34.3734
v  -112.7106 -178.5992 -35.2309
v  -112.1139 -178.5992 -33.9918
v  -113.1020 -178.5992 -35.2309
v  -112.3580 -178.5992 -33.6858
v  -113.4547 -178.5992 -35.0610
v  -112.7106 -178.5992 -33.5159
v  -113.6988 -178.5992 -34.7550
v  -113.1020 -178.5992 -33.5159
v  -113.7859 -178.5992 -34.3734
v  -113.6988 -178.5992 -33.9918
v  -113.4547 -178.5992 -33.6858
v  -112.9063 -178.5992 -34.3734
v  -112.1139 -165.6234 -34.7550
v  -112.0268 -165.6234 -34.3734
v  -112.3580 -165.6234 -35.0610
v  -112.1139 -165.6234 -33.9918
v  -112.7106 -165.6234 -35.2309
v  -112.3580 -165.6234 -33.6858
v  -113.1020 -165.6234 -35.2309
v  -112.7106 -165.6234 -33.5159
v  -113.4547 -165.6234 -35.0610
v  -113.1020 -165.6234 -33.5159
v  -112.9063 -165.6234 -34.3734
v  -113.4547 -165.6234 -33.6858
v  -113.6988 -165.6234 -33.9918
v  -113.7859 -165.6234 -34.3734
v  -113.6988 -165.6234 -34.7550
v  -112.1139 -102.5573 -34.7550
v  -112.3580 -102.5573 -35.0610
v  -112.0268 -102.5573 -34.3734
v  -112.7106 -102.5573 -35.2309
v  -112.1139 -102.5573 -33.9918
v  -113.1020 -102.5573 -35.2309
v  -112.3580 -102.5573 -33.6858
v  -113.4547 -102.5573 -35.0610
v  -112.7106 -102.5573 -33.5159
v  -113.6988 -102.5573 -34.7550
v  -113.1020 -102.5573 -33.5159
v  -113.7859 -102.5573 -34.3734
v  -113.6988 -102.5573 -33.9918
v  -113.4547 -102.5573 -33.6858
v  -112.9063 -102.5573 -34.3734
v  -112.1139 -89.5814 -34.7550
v  -112.0268 -89.5814 -34.3734
v  -112.3580 -89.5814 -35.0610
v  -112.1139 -89.5814 -33.9918
v  -112.7106 -89.5814 -35.2309
v  -112.3580 -89.5814 -33.6858
v  -113.1020 -89.5814 -35.2309
v  -112.7106 -89.5814 -33.5159
v  -113.4547 -89.5814 -35.0610
v  -113.1020 -89.5814 -33.5159
v  -112.9063 -89.5814 -34.3734
v  -113.4547 -89.5814 -33.6858
v  -113.6988 -89.5814 -33.9918
v  -113.7859 -89.5814 -34.3734
v  -113.6988 -89.5814 -34.7550
v  -42.5299 61.7422 -233.5990
v  -40.9258 59.3900 -237.3443
v  -42.8598 63.1937 -232.8289
v  -40.2659 59.3900 -238.8849
v  -42.8598 67.8982 -232.8289
v  -38.6618 61.7422 -242.6300
v  -42.5299 69.3497 -233.5990
v  -38.3319 63.1937 -243.4002
v  -40.9258 71.7019 -237.3443
v  -38.6762 62.1082 -242.2378
v  -38.3319 67.8982 -243.4002
v  -38.3989 63.3277 -242.8849
v  -40.1888 59.8900 -238.7062
v  -40.4660 65.5460 -238.0589
v  -40.7433 59.8900 -237.4117
v  -42.2561 62.1083 -233.8798
v  -42.5331 63.3276 -233.2329
v  -42.5331 67.7643 -233.2329
v  -42.2561 68.9837 -233.8798
v  -40.7433 71.2019 -237.4117
v  -40.1888 71.2019 -238.7062
v  -38.3989 67.7643 -242.8849
v  -38.6762 68.9837 -242.2378
v  -40.2659 71.7019 -238.8849
v  -38.6618 69.3497 -242.6300
v  -42.5299 31.9627 -233.5990
v  -40.9258 29.6105 -237.3443
v  -42.8598 33.4142 -232.8289
v  -40.2659 29.6105 -238.8849
v  -42.8598 38.1187 -232.8289
v  -38.6618 31.9627 -242.6300
v  -42.5299 39.5702 -233.5990
v  -38.3319 33.4142 -243.4002
v  -40.9258 41.9224 -237.3443
v  -38.6762 32.3287 -242.2378
v  -38.3319 38.1187 -243.4002
v  -38.3989 33.5481 -242.8849
v  -40.1888 30.1105 -238.7062
v  -40.4660 35.7664 -238.0589
v  -40.7433 30.1105 -237.4117
v  -42.2561 32.3287 -233.8798
v  -42.5331 33.5481 -233.2329
v  -42.5331 37.9848 -233.2329
v  -42.2561 39.2041 -233.8798
v  -40.7433 41.4224 -237.4117
v  -40.1888 41.4224 -238.7062
v  -38.3989 37.9847 -242.8849
v  -38.6762 39.2042 -242.2378
v  -40.2659 41.9224 -238.8849
v  -38.6618 39.5702 -242.6300
v  -42.5299 0.2105 -233.5990
v  -40.9258 -2.1418 -237.3443
v  -42.8598 1.6619 -232.8289
v  -40.2659 -2.1418 -238.8849
v  -42.8598 6.3665 -232.8289
v  -38.6618 0.2105 -242.6300
v  -42.5299 7.8179 -233.5990
v  -38.3319 1.6620 -243.4002
v  -40.9258 10.1702 -237.3443
v  -38.6762 0.5765 -242.2378
v  -38.3319 6.3665 -243.4002
v  -38.3989 1.7959 -242.8849
v  -40.1888 -1.6418 -238.7062
v  -40.4660 4.0142 -238.0589
v  -40.7433 -1.6418 -237.4117
v  -42.2561 0.5765 -233.8798
v  -42.5331 1.7959 -233.2329
v  -42.5331 6.2325 -233.2329
v  -42.2561 7.4519 -233.8798
v  -40.7433 9.6702 -237.4117
v  -40.1888 9.6702 -238.7062
v  -38.3989 6.2325 -242.8849
v  -38.6762 7.4519 -242.2378
v  -40.2659 10.1702 -238.8849
v  -38.6618 7.8179 -242.6300
v  -78.4700 -203.4972 -127.9484
v  -78.4700 -70.7963 -127.9484
v  -145.4591 -203.6760 68.1960
v  -145.4591 -70.6175 68.1961
v  -8.1437 141.5541 -77.3041
v  -23.8024 141.6479 -218.5069
v  39.3477 141.5477 -192.3630
v  -73.0237 141.6486 -98.8858
v  -59.7881 141.5545 66.6195
v  -123.6350 141.6486 46.7196
v  -93.4620 141.5479 186.4987
v  -158.7599 141.6477 171.2543
v  -30.1524 -209.5948 -242.9480
v  -33.2706 -63.4005 -241.7039
v  -30.1525 -63.3764 -242.9480
v  -33.2706 -209.5948 -241.7041
v  -35.3257 -63.4094 -239.0492
v  -35.3256 -209.5948 -239.0494
v  -38.6490 -64.6988 -231.0222
v  -38.1558 -63.4094 -232.2135
v  -38.6490 -209.5948 -231.0222
v  -91.1161 -64.6988 -104.2956
v  -89.9099 -63.4094 -103.8382
v  -40.8098 -70.6662 -225.8031
v  -40.8103 -203.6261 -225.8019
v  -91.1161 -209.5948 -104.2956
v  -116.1169 -64.6988 -31.8442
v  -114.8981 -63.4094 -31.4236
v  -139.8862 -63.4094 40.9910
v  -90.5599 -203.7263 -105.3947
v  -141.1177 -64.6988 40.6071
v  -178.3199 -63.4094 173.9624
v  -177.9735 -64.6988 172.7204
v  -180.3080 -63.4094 181.0887
v  -180.3080 -209.5948 181.0888
v  -180.3276 -209.5948 184.4460
v  -180.3276 -63.4005 184.4458
v  -178.6403 -209.5948 187.3482
v  -178.6403 -63.3764 187.3481
v  -177.9735 -209.5948 172.7204
v  -176.4517 -203.6118 167.2654
v  -141.1177 -209.5948 40.6071
v  -176.4513 -70.6830 167.2642
v  -141.3907 -203.7170 41.9337
v  -141.3584 -70.5828 41.8186
v  -117.1292 -70.5657 -28.9106
v  -117.1317 -203.7137 -28.9035
v  -116.1169 -209.5948 -31.8442
v  -115.1073 -203.7434 -34.7700
v  -115.1049 -70.5643 -34.7771
v  -90.5596 -70.5707 -105.3954
v  -34.5823 -64.2686 -225.2867
v  -34.6264 23.7133 -225.3026
v  -34.3876 140.9856 -225.6580
v  -78.8417 -203.4972 -127.7940
v  -78.8418 -70.7963 -127.7940
v  -88.4390 -203.4972 -104.5627
v  -88.4390 -70.7963 -104.5627
v  -113.0289 -202.9098 -33.8579
v  -112.8359 -203.4972 -34.4127
v  -113.0289 -71.3838 -33.8579
v  -112.8359 -70.7963 -34.4127
v  -145.3770 -70.6175 66.8461
v  -145.3770 -203.6760 66.8460
v  -138.5847 -70.6175 42.5705
v  -138.5847 -203.6760 42.5705
v  -114.2684 -71.2067 -28.4556
v  -114.4592 -70.6175 -27.8982
v  -114.2684 -203.0868 -28.4556
v  -114.4592 -203.6760 -27.8982
v  -145.8099 -70.6175 68.3935
v  -173.7874 -71.2067 168.3843
v  -173.6286 -70.6175 167.8170
v  -173.7874 -203.0868 168.3843
v  -145.8099 -203.6760 68.3934
v  -173.6286 -203.6760 167.8170
v  -170.7742 -64.2606 173.0819
v  -170.6501 23.7127 173.3260
v  -170.6351 -64.2605 173.3286
v  -170.7907 23.7133 173.0801
v  -170.8019 140.9967 173.4047
v  -170.6536 140.9975 173.6460
v  -165.3080 -64.2575 174.8148
v  -165.3229 23.7035 174.8119
v  -165.2579 141.0350 174.8598
v  -170.2841 -64.2606 170.5793
v  -170.1891 23.7170 170.8145
v  -170.1450 -64.2605 170.8260
v  -170.3297 23.7177 170.5686
v  -170.3787 141.0034 170.8977
v  -170.2304 141.0042 171.1389
v  -172.1265 -64.2616 170.2732
v  -171.9255 23.7204 170.1236
v  -171.8798 -64.2615 170.1341
v  -172.1713 23.7205 170.2642
v  -172.1584 140.9908 170.6999
v  -171.9172 140.9928 170.5516
v  -32.9995 -64.2678 -224.7972
v  -33.0437 23.7106 -224.8130
v  -32.9068 140.9963 -225.1161
v  -38.6945 -71.3838 -224.9746
v  -78.2283 -70.7963 -129.2790
v  -38.9188 -70.7963 -224.4317
v  -38.6945 -202.9098 -224.9746
v  -78.2282 -203.4972 -129.2790
v  -38.9188 -203.4972 -224.4317
v  -26.8344 -209.5948 -242.4369
v  -26.8346 -63.3437 -242.4369
v  178.9059 -209.5947 -150.7884
v  -30.1525 23.7750 -242.9478
v  179.7966 -61.0743 -150.3874
v  -26.8345 23.8271 -242.4367
v  180.3276 27.4494 -150.1485
v  74.0564 120.9548 -197.9776
v  -26.5067 137.2037 -242.8691
v  -29.8090 137.6824 -243.3709
v  -175.7132 -209.5948 188.9922
v  -175.7133 -63.3437 188.9920
v  42.7636 -209.5947 243.7325
v  -178.6404 23.7750 187.3481
v  43.7120 -61.0742 243.9663
v  -175.7134 23.8271 188.9919
v  44.2772 27.4495 244.1057
v  -68.8747 120.9549 216.2166
v  -175.7216 137.2038 189.5351
v  -178.6306 137.6825 187.8934
v  -163.1336 -64.2563 175.4215
v  -163.5024 23.6987 176.7568
v  -163.5056 -64.2563 176.7552
v  -163.1472 23.6997 175.4187
v  -163.4740 141.0477 176.6798
v  -163.1357 141.0497 175.3372
v  -61.3560 -63.4094 -93.0120
v  -86.0442 -63.4094 -21.4667
v  -110.7323 -63.4094 50.0786
v  -139.7356 138.1633 41.0377
v  -128.4044 138.1466 44.5695
v  -89.7626 138.1633 -103.7821
v  -158.4410 138.1397 168.2080
v  -78.2028 138.1465 -99.9931
v  -123.8022 138.1403 45.2832
v  -157.1307 138.1373 169.5082
v  -93.5523 138.0401 184.3449
v  -74.0119 138.1401 -97.9602
v  -25.4067 138.1395 -215.9679
v  -23.5951 138.1372 -216.2469
v  37.9204 138.0396 -190.7791
v  39.0037 138.0374 -189.2810
v  -7.8064 138.0436 -75.8178
v  -33.1845 138.0438 -5.0938
v  -58.5626 138.0441 65.6303
v  -91.7981 138.0379 183.8018
v  -178.2750 138.1652 174.4425
v  -177.9353 139.4546 173.2318
v  -180.2742 138.1652 181.6120
v  -140.9654 139.4545 40.6544
v  -180.1255 204.2128 181.4504
v  -180.3025 138.0356 184.9837
v  -90.9671 139.4545 -104.2389
v  -179.9236 207.9097 184.7713
v  -176.5996 207.3559 173.8687
v  -177.9141 203.9059 173.5166
v  -139.5811 207.3552 41.0857
v  -140.8806 203.9052 40.6807
v  -89.6114 207.3552 -103.7247
v  -90.8841 203.9052 -104.2074
v  -36.8599 207.3557 -231.0782
v  -38.3040 139.4545 -231.4008
v  -37.8144 138.1651 -232.5880
v  -34.9767 138.1651 -239.4400
v  -38.1118 203.9057 -231.6117
v  -35.0667 203.8126 -238.9637
v  -32.9195 138.0355 -242.1115
v  -32.7734 207.6537 -241.5504
v  -173.1786 23.7154 174.0579
v  -172.8095 -64.2617 172.7219
v  -173.1815 -64.2617 174.0555
v  -173.1192 140.9807 174.5099
v  -172.7809 140.9827 173.1674
v  -172.8234 23.7164 172.7198
v  -178.3199 23.7224 173.9624
v  -180.3079 23.7224 181.0883
v  -180.3275 23.7366 184.4456
v  -38.1558 23.7224 -232.2135
v  -35.3259 23.7224 -239.0486
v  -33.2708 23.7366 -241.7036
# 2724 vertices

vn -0.9235 -0.0000 0.3836
vn -0.3836 -0.0000 -0.9235
vn -0.8715 -0.0000 0.4904
vn -0.4904 0.0000 -0.8715
vn -0.7064 -0.0000 0.7078
vn -0.6175 -0.0000 0.7866
vn -0.2524 0.7508 0.6104
vn -0.0691 0.9835 0.1670
vn -0.0633 0.9862 0.1531
vn 0.0691 0.9835 -0.1670
vn 0.0633 0.9862 -0.1531
vn 0.2524 0.7508 -0.6103
vn 0.2524 0.7509 -0.6103
vn -0.8394 -0.4966 -0.2211
vn -0.7503 -0.4966 -0.4363
vn -0.5206 -0.8533 -0.0303
vn -0.3899 -0.8533 -0.3462
vn -0.1821 -0.9780 0.1021
vn -0.0568 -0.9780 -0.2009
vn -0.0522 -0.9895 0.1347
vn 0.0582 -0.9895 -0.1322
vn -0.0684 -0.9862 0.1509
vn 0.0582 -0.9862 -0.1552
vn -0.2355 0.7509 0.6171
vn -0.2354 0.7509 0.6171
vn -0.0644 0.9835 0.1688
vn -0.0590 0.9862 0.1547
vn 0.0644 0.9835 -0.1688
vn 0.0590 0.9862 -0.1547
vn 0.2355 0.7508 -0.6171
vn 0.2355 0.7509 -0.6171
vn 0.2355 -0.7509 -0.6171
vn 0.2355 -0.7508 -0.6171
vn 0.0644 -0.9835 -0.1689
vn 0.0591 -0.9862 -0.1548
vn -0.0644 -0.9835 0.1689
vn -0.0590 -0.9862 0.1547
vn -0.2355 -0.7508 0.6171
vn -0.8451 -0.4966 -0.1978
vn -0.7621 -0.4966 -0.4155
vn -0.5212 -0.8533 -0.0159
vn -0.3993 -0.8533 -0.3354
vn -0.1792 -0.9780 0.1071
vn -0.0623 -0.9780 -0.1992
vn -0.0485 -0.9895 0.1361
vn 0.0546 -0.9895 -0.1338
vn -0.0642 -0.9862 0.1527
vn 0.0539 -0.9862 -0.1567
vn 0.4660 -0.0000 0.8848
vn 0.4661 0.0000 0.8847
vn 0.8545 -0.0000 0.5195
vn 0.9833 -0.0000 0.1818
vn 0.9370 -0.0000 -0.3494
vn 0.9370 -0.0000 -0.3493
vn 0.6019 -0.2610 -0.7547
vn 0.6019 0.2610 -0.7547
vn 0.8302 -0.3885 -0.3998
vn 0.8302 0.3885 -0.3998
vn 0.9214 -0.3885 0.0000
vn 0.9214 0.3885 0.0000
vn 0.8302 -0.3885 0.3998
vn 0.8302 0.3885 0.3998
vn 0.5745 -0.3885 0.7204
vn 0.5745 0.3885 0.7204
vn 0.2050 -0.3885 0.8983
vn 0.2050 0.3885 0.8983
vn -0.2051 -0.3885 0.8983
vn -0.2051 0.3885 0.8983
vn -0.5745 -0.3885 0.7204
vn -0.5745 0.3885 0.7204
vn -0.8302 -0.3885 0.3998
vn -0.8302 0.3885 0.3998
vn -0.9214 -0.3885 0.0000
vn -0.9214 0.3885 0.0000
vn -0.8302 -0.3885 -0.3998
vn -0.8302 0.3885 -0.3998
vn -0.5745 -0.3885 -0.7204
vn -0.5745 0.3885 -0.7204
vn -0.2051 -0.3885 -0.8983
vn -0.2051 0.3885 -0.8983
vn 0.2050 -0.3885 -0.8983
vn 0.2050 0.3885 -0.8983
vn 0.7084 -0.0009 0.7058
vn 0.7029 -0.3039 0.6431
vn 0.0008 -0.0013 1.0000
vn -0.0362 -0.4471 0.8938
vn -0.7083 -0.0003 0.7059
vn -0.6557 -0.3117 0.6876
vn 0.6019 0.2610 0.7547
vn 0.6019 -0.2610 0.7547
vn 0.5745 0.3885 -0.7204
vn 0.5745 -0.3885 -0.7204
vn 0.2051 0.3885 -0.8983
vn 0.2051 -0.3885 -0.8983
vn 0.2051 0.3885 0.8983
vn 0.2051 -0.3885 0.8983
vn -0.2148 0.2610 0.9411
vn -0.2148 -0.2610 0.9411
vn 0.8697 0.2610 -0.4189
vn 0.8697 -0.2610 -0.4189
vn -0.2050 0.3885 -0.8983
vn -0.2050 -0.3885 -0.8983
vn -0.2050 0.3885 0.8983
vn -0.2050 -0.3885 0.8983
vn 0.1952 -0.7508 -0.6310
vn 0.1952 -0.7509 -0.6310
vn 0.0534 -0.9835 -0.1727
vn 0.0489 -0.9862 -0.1582
vn -0.0534 -0.9835 0.1726
vn -0.0489 -0.9862 0.1582
vn -0.1952 -0.7509 0.6310
vn -0.1952 -0.7508 0.6310
vn 0.1777 -0.7509 -0.6361
vn 0.1777 -0.7508 -0.6361
vn 0.0486 -0.9835 -0.1741
vn 0.0446 -0.9862 -0.1595
vn -0.0486 -0.9835 0.1741
vn -0.0445 -0.9862 0.1595
vn -0.1777 -0.7509 0.6361
vn -0.1777 -0.7508 0.6361
vn -0.0374 0.6567 -0.7532
vn -0.3346 0.4416 -0.8325
vn 0.3122 0.2831 -0.9069
vn 0.0098 -0.0632 -0.9980
vn 0.5545 0.0516 -0.8306
vn 0.2790 -0.2704 -0.9214
vn 0.5909 -0.6008 -0.5383
vn 0.8257 -0.3288 -0.4584
vn 0.0465 0.6850 -0.7271
vn 0.3891 0.6904 -0.6099
vn -0.2055 0.9438 -0.2588
vn 0.3053 0.9488 -0.0807
vn -0.3006 0.9510 0.0718
vn 0.1835 0.9537 0.2383
vn -0.4053 0.6908 0.5988
vn -0.0508 0.6949 0.7173
vn 0.0186 0.6544 -0.7560
vn -0.2790 0.4379 -0.8546
vn 0.3808 0.2682 -0.8849
vn 0.0810 -0.0770 -0.9937
vn 0.6167 0.0376 -0.7863
vn 0.3426 -0.2866 -0.8947
vn 0.6233 -0.6076 -0.4923
vn 0.8517 -0.3366 -0.4015
vn 0.0910 0.6850 -0.7228
vn 0.4258 0.6904 -0.5848
vn -0.1894 0.9438 -0.2708
vn 0.3095 0.9489 -0.0617
vn -0.2584 0.9629 0.0779
vn 0.1130 0.9661 0.2322
vn -0.0958 0.7010 0.7067
vn -0.4430 0.6982 0.5624
vn -0.8068 0.3342 0.4872
vn -0.5711 0.6038 0.5561
vn -0.5437 -0.0353 0.8385
vn -0.2540 0.2842 0.9245
vn -0.4234 -0.1425 0.8947
vn -0.1670 0.1400 0.9760
vn -0.8401 0.3447 0.4189
vn -0.6074 0.6099 0.5090
vn -0.6113 -0.0261 0.7910
vn -0.3213 0.2927 0.9006
vn -0.4915 -0.1289 0.8613
vn -0.2387 0.1516 0.9592
vn -0.9671 -0.1287 -0.2193
vn -0.8395 -0.1287 -0.5279
vn -0.9746 -0.0000 -0.2238
vn -0.8480 -0.0000 -0.5299
vn -0.8480 0.0000 -0.5299
vn -0.9746 0.0000 -0.2238
vn -0.9671 0.1287 -0.2193
vn -0.8396 0.1287 -0.5278
vn -0.7503 0.4966 -0.4363
vn -0.8393 0.4966 -0.2211
vn -0.5206 0.8533 -0.0302
vn -0.3899 0.8533 -0.3463
vn -0.1821 0.9780 0.1021
vn -0.0568 0.9780 -0.2009
vn 0.0582 0.9895 -0.1322
vn -0.0522 0.9895 0.1347
vn -0.0684 0.9862 0.1509
vn 0.0582 0.9862 -0.1551
vn -0.0691 -0.9835 0.1670
vn -0.2524 -0.7509 0.6103
vn -0.2524 -0.7508 0.6104
vn -0.0633 -0.9862 0.1530
vn 0.0691 -0.9835 -0.1670
vn 0.0633 -0.9862 -0.1530
vn 0.2524 -0.7509 -0.6103
vn 0.2524 -0.7508 -0.6103
vn 0.9780 -0.0000 0.2088
vn 0.9463 -0.0000 -0.3234
vn 0.9463 0.0000 -0.3234
vn 0.9779 -0.0000 0.2089
vn 0.8398 -0.0000 0.5428
vn 0.8398 -0.0000 0.5429
vn 0.4415 0.0000 0.8973
vn 0.4415 -0.0000 0.8973
vn 0.0546 0.9895 -0.1338
vn -0.0642 0.9862 0.1528
vn 0.0539 0.9862 -0.1567
vn -0.0484 0.9895 0.1361
vn -0.0623 0.9780 -0.1993
vn -0.1792 0.9780 0.1071
vn -0.5212 0.8533 -0.0158
vn -0.3993 0.8533 -0.3354
vn -0.7621 0.4966 -0.4154
vn -0.8451 0.4966 -0.1978
vn -0.9728 -0.1287 -0.1925
vn -0.8538 -0.1287 -0.5045
vn -0.9804 -0.0000 -0.1968
vn -0.8623 -0.0000 -0.5063
vn -0.8624 -0.0000 -0.5063
vn -0.9728 0.1287 -0.1925
vn -0.8538 0.1287 -0.5044
vn -0.1670 -0.9085 0.3831
vn -0.0103 -0.9992 0.0374
vn -0.0102 -0.9992 0.0374
vn -0.1670 -0.9085 0.3830
vn -0.2982 -0.6795 0.6704
vn -0.3841 -0.3470 0.8556
vn -0.3842 -0.3469 0.8556
vn -0.4115 0.0383 0.9106
vn -0.4116 0.0383 0.9106
vn -0.3763 0.4178 0.8270
vn -0.3763 0.4178 0.8269
vn -0.2837 0.7337 0.6174
vn -0.2838 0.7337 0.6174
vn -0.1480 0.9379 0.3139
vn -0.1480 0.9378 0.3139
vn 0.0103 0.9992 -0.0374
vn 0.1670 0.9085 -0.3830
vn 0.2983 0.6795 -0.6703
vn 0.3842 0.3469 -0.8556
vn 0.3842 0.3470 -0.8556
vn 0.4116 -0.0384 -0.9106
vn 0.4115 -0.0384 -0.9106
vn 0.3763 -0.4178 -0.8269
vn 0.2838 -0.7337 -0.6174
vn 0.1480 -0.9379 -0.3139
vn 0.4464 -0.6945 -0.5643
vn 0.3525 -0.9281 -0.1195
vn 0.1431 -0.7002 -0.6994
vn -0.0944 -0.9438 -0.3168
vn 0.1568 -0.9281 0.3377
vn -0.2975 -0.9423 0.1534
vn -0.3920 -0.7135 0.5808
vn -0.1005 -0.6944 0.7125
vn -0.1005 0.6944 0.7125
vn 0.1568 0.9281 0.3377
vn -0.4077 0.7002 0.5861
vn -0.2943 0.9438 0.1501
vn 0.3525 0.9281 -0.1195
vn -0.0945 0.9438 -0.3167
vn 0.1431 0.7002 -0.6994
vn 0.4464 0.6945 -0.5643
vn 0.1773 -0.2520 -0.9513
vn 0.6202 -0.2487 -0.7440
vn 0.1773 0.2520 -0.9513
vn 0.6202 0.2487 -0.7440
vn -0.1106 -0.2486 0.9623
vn -0.5619 -0.2321 0.7940
vn -0.1106 0.2486 0.9623
vn -0.5673 0.2491 0.7849
vn 0.1568 0.9281 0.3378
vn -0.8980 -0.4370 -0.0515
vn -1.0000 0.0015 0.0011
vn -0.8625 -0.3814 -0.3325
vn -0.9331 0.0014 -0.3597
vn -0.8701 -0.3814 -0.3122
vn -0.9412 0.0014 -0.3377
vn -0.8805 -0.3815 -0.2813
vn -0.9526 0.0014 -0.3043
vn -0.7447 -0.4341 -0.5070
vn -0.7923 0.0028 -0.6102
vn -0.1537 0.0010 -0.9881
vn -0.1238 -0.3099 -0.9427
vn 0.8633 -0.3841 0.3274
vn 0.9350 -0.0014 0.3546
vn 0.8808 -0.3841 0.2770
vn 0.9539 -0.0014 0.3000
vn 0.9917 -0.0020 -0.1288
vn 0.9484 -0.3067 -0.0803
vn -0.1196 0.6711 -0.7317
vn 0.2662 0.9563 0.1211
vn 0.2639 0.7224 -0.6391
vn -0.0744 0.9971 -0.0153
vn 0.2782 0.9547 0.1055
vn -0.0674 0.9974 -0.0256
vn -0.0688 0.9974 -0.0215
vn 0.2840 0.9547 0.0885
vn -0.0653 0.9970 -0.0414
vn 0.2857 0.9561 0.0646
vn -0.5441 0.6753 0.4979
vn -0.1839 0.7252 0.6636
vn -0.3520 -0.3831 0.8540
vn -0.5846 0.3175 0.7466
vn -0.3521 0.3827 0.8542
vn -0.6778 -0.2808 0.6796
vn -0.1454 -0.9239 0.3539
vn -0.3642 -0.9112 0.1925
vn -0.1456 0.9237 0.3543
vn -0.4550 0.8833 0.1128
vn 0.0000 1.0000 -0.0000
vn -0.3481 0.9279 -0.1335
vn -0.3171 0.8717 -0.3735
vn 0.1256 0.9240 -0.3612
vn 0.1027 0.3237 -0.9406
vn 0.3029 0.3827 -0.8728
vn 0.1039 0.9237 -0.3687
vn -0.0001 0.3175 -0.9483
vn 0.2497 0.3827 -0.8895
vn -0.2891 0.8831 -0.3695
vn -0.3619 0.9254 -0.1124
vn -0.4758 0.8738 0.1002
vn -0.1238 0.9240 0.3618
vn -0.4967 0.3239 0.8052
vn -0.2999 0.3827 0.8739
vn -0.9516 0.0001 -0.3073
vn -0.9553 -0.0005 -0.2957
vn -0.9554 -0.0005 -0.2954
vn -0.9516 0.0001 -0.3074
vn -0.9477 0.0006 -0.3190
vn -0.9477 0.0006 -0.3192
vn 0.9516 -0.0001 0.3073
vn 0.9553 0.0002 0.2957
vn 0.9553 0.0002 0.2955
vn 0.9516 -0.0000 0.3075
vn 0.9477 -0.0003 0.3191
vn 0.9477 -0.0003 0.3192
vn -0.0396 -0.9895 0.1390
vn 0.0436 -0.9862 -0.1598
vn -0.0542 -0.9862 0.1566
vn 0.0458 -0.9895 -0.1370
vn -0.1719 -0.9780 0.1184
vn -0.0751 -0.9780 -0.1948
vn -0.4201 -0.8533 -0.3089
vn -0.5212 -0.8533 0.0178
vn -0.8561 -0.4966 -0.1429
vn -0.7873 -0.4966 -0.3655
vn -0.0395 0.9895 0.1389
vn -0.0542 0.9862 0.1566
vn 0.0437 0.9862 -0.1599
vn 0.0458 0.9895 -0.1370
vn -0.1719 0.9780 0.1184
vn -0.0750 0.9780 -0.1948
vn -0.5212 0.8533 0.0178
vn -0.4201 0.8533 -0.3090
vn -0.8561 0.4966 -0.1429
vn -0.7873 0.4966 -0.3655
vn -0.9832 -0.1287 -0.1294
vn -0.8845 -0.1287 -0.4484
vn -0.9911 -0.0000 -0.1332
vn -0.8932 -0.0000 -0.4497
vn -0.9911 0.0000 -0.1332
vn -0.9832 0.1287 -0.1294
vn -0.8845 0.1287 -0.4484
vn 0.0534 0.9835 -0.1726
vn 0.1952 0.7509 -0.6310
vn 0.0489 0.9862 -0.1582
vn -0.0534 0.9835 0.1726
vn -0.0490 0.9862 0.1582
vn -0.1952 0.7508 0.6310
vn 0.9930 -0.0000 0.1180
vn 0.9125 -0.0000 -0.4091
vn 0.9125 -0.0000 -0.4090
vn 0.8862 -0.0000 0.4633
vn 0.8862 0.0000 0.4633
vn 0.5221 0.0000 0.8529
vn 0.5221 -0.0000 0.8529
vn -0.8598 0.4966 -0.1192
vn -0.4284 0.8533 -0.2973
vn -0.7971 0.4966 -0.3436
vn -0.5205 0.8533 0.0322
vn -0.0804 0.9780 -0.1927
vn -0.1686 0.9780 0.1231
vn 0.0420 0.9895 -0.1382
vn -0.0357 0.9895 0.1400
vn -0.0499 0.9862 0.1580
vn 0.0392 0.9862 -0.1610
vn 0.0486 0.9835 -0.1741
vn 0.1777 0.7508 -0.6361
vn 0.0446 0.9862 -0.1595
vn -0.0486 0.9835 0.1740
vn -0.0446 0.9862 0.1595
vn -0.1777 0.7508 0.6361
vn -0.1777 0.7509 0.6361
vn 0.0342 -0.1653 -0.9856
vn 0.4502 0.0010 -0.8929
vn 0.0743 -0.0017 -0.9972
vn 0.4707 -0.1627 -0.8672
vn 0.0041 -0.7028 -0.7114
vn 0.3709 -0.6984 -0.6122
vn -0.2227 -0.7180 0.6594
vn -0.0603 -0.1725 0.9832
vn 0.1032 -0.6374 0.7636
vn -0.4888 -0.1795 0.8537
vn -0.0739 0.1887 0.9793
vn -0.4686 0.1819 0.8645
vn -0.0246 0.6905 0.7229
vn -0.3772 0.6874 0.6207
vn 0.1661 -0.7114 -0.6829
vn 0.4556 -0.8880 -0.0625
vn 0.4967 -0.6399 -0.5864
vn 0.0891 -0.9787 -0.1852
vn 0.3825 -0.8783 0.2867
vn -0.0218 -0.9822 0.1863
vn 0.4856 -0.1674 -0.8580
vn 0.0805 -0.1685 -0.9824
vn 0.4681 0.1651 -0.8681
vn 0.0323 0.1623 -0.9862
vn -0.0059 0.6995 -0.7146
vn 0.3604 0.7010 -0.6153
vn -0.7551 0.6556 -0.0082
vn -0.4707 0.6451 0.6019
vn -0.7390 0.4303 0.5183
vn -0.4068 0.9113 0.0632
vn -0.6556 0.6651 -0.3575
vn -0.3123 0.9085 -0.2779
vn -0.0606 0.6574 -0.7511
vn -0.3388 0.4346 -0.8345
vn -0.2570 0.2801 0.9249
vn -0.5410 -0.0660 0.8384
vn -0.0195 0.0509 0.9985
vn -0.2985 -0.2737 0.9143
vn 0.4144 -0.3292 0.8485
vn 0.1772 -0.6022 0.7784
vn 0.8690 -0.4795 0.1226
vn 0.5907 -0.8067 0.0207
vn 0.7572 -0.4803 0.4426
vn 0.4527 -0.8261 0.3355
vn 0.0687 -0.6421 0.7635
vn 0.4082 -0.2500 0.8780
vn -0.3213 -0.2753 0.9061
vn -0.0837 0.0382 0.9958
vn -0.5809 -0.0585 0.8119
vn -0.3005 0.2824 0.9110
vn -0.4940 0.6484 0.5792
vn -0.7675 0.4252 0.4799
vn -0.7543 0.6540 -0.0576
vn -0.4091 0.9117 0.0381
vn -0.6375 0.6640 -0.3908
vn -0.2864 0.9168 -0.2782
vn 0.0622 -0.9811 -0.1834
vn 0.5032 -0.6403 -0.5803
vn 0.1689 -0.7063 -0.6874
vn 0.4662 -0.8845 -0.0175
vn -0.0409 -0.9848 0.1686
vn 0.3654 -0.8794 0.3052
vn -0.2658 -0.7247 0.6357
vn 0.0615 -0.6385 0.7672
vn 0.5036 -0.1700 -0.8471
vn 0.0789 -0.1617 -0.9837
vn 0.4909 0.1866 -0.8510
vn 0.1037 0.1804 -0.9781
vn -0.1081 -0.1683 0.9798
vn -0.5383 -0.1864 0.8219
vn -0.1155 0.1955 0.9739
vn -0.5026 0.1887 0.8437
vn -0.3166 0.9438 0.0953
vn 0.2094 0.9477 0.2408
vn -0.1554 0.9629 -0.2207
vn 0.2323 0.9660 -0.1131
vn 0.2459 -0.9632 -0.1082
vn -0.1402 -0.9664 -0.2155
vn 0.1915 -0.9797 0.0596
vn -0.1808 -0.9819 -0.0562
vn -0.1775 -0.9822 -0.0613
vn 0.1913 -0.9793 0.0660
vn 0.1875 -0.9797 0.0712
vn -0.1771 -0.9819 -0.0673
vn -0.2932 -0.9417 0.1650
vn 0.1038 -0.9385 0.3294
vn -0.4611 -0.6669 0.5853
vn -0.0846 -0.6625 0.7442
vn 0.5169 -0.1647 -0.8401
vn 0.1679 -0.7098 -0.6840
vn 0.5114 -0.6419 -0.5714
vn 0.0862 -0.1589 -0.9835
vn 0.5051 0.1933 -0.8412
vn 0.1200 0.1898 -0.9744
vn 0.0487 0.6911 -0.7211
vn 0.3993 0.6960 -0.5967
vn 0.2877 0.9547 -0.0756
vn -0.1961 0.9499 -0.2432
vn 0.1947 0.9477 0.2530
vn -0.3217 0.9438 0.0753
vn -0.0685 0.6921 0.7185
vn -0.4140 0.6891 0.5948
vn -0.7494 0.6595 -0.0586
vn -0.4996 0.6528 0.5694
vn -0.7693 0.4350 0.4680
vn -0.4039 0.9141 0.0374
vn -0.6372 0.6610 -0.3963
vn -0.2840 0.9170 -0.2799
vn -0.0198 0.6547 -0.7556
vn -0.3185 0.4370 -0.8412
vn -0.2653 -0.7181 0.6434
vn -0.1230 -0.1701 0.9777
vn 0.0543 -0.6381 0.7681
vn -0.5402 -0.1766 0.8228
vn -0.1337 0.1928 0.9721
vn -0.5210 0.1861 0.8331
vn 0.3649 -0.8792 0.3063
vn -0.0363 -0.9831 0.1794
vn 0.4680 -0.8835 -0.0193
vn 0.0607 -0.9802 -0.1887
vn -0.3709 -0.2650 0.8901
vn 0.3477 -0.3305 0.8774
vn 0.1128 -0.6028 0.7898
vn -0.0968 0.0581 0.9936
vn -0.6041 -0.0474 0.7955
vn -0.3184 0.2996 0.8994
vn 0.8592 -0.4826 0.1698
vn 0.5853 -0.8089 0.0555
vn 0.7297 -0.4751 0.4917
vn 0.4507 -0.8102 0.3747
vn 0.0931 -0.6030 0.7923
vn 0.3249 -0.3250 0.8882
vn -0.7324 0.6756 -0.0842
vn -0.5085 0.6635 0.5487
vn -0.7733 0.4501 0.4466
vn -0.4266 0.9041 0.0239
vn -0.6087 0.6688 -0.4268
vn -0.2655 0.9185 -0.2931
vn -0.2885 -0.7172 0.6344
vn -0.1573 -0.1670 0.9733
vn 0.0285 -0.6353 0.7718
vn -0.5445 -0.1801 0.8192
vn -0.1670 0.1649 0.9721
vn -0.5732 0.1627 0.8031
vn 0.3289 -0.8817 0.3382
vn -0.0427 -0.9817 0.1858
vn 0.4643 -0.8856 0.0099
vn 0.0746 -0.9810 -0.1791
vn 0.5373 -0.6409 -0.5483
vn 0.2092 -0.7072 -0.6753
vn 0.5548 -0.1692 -0.8146
vn 0.1367 -0.1606 -0.9775
vn 0.5423 0.1868 -0.8192
vn 0.1637 0.1805 -0.9699
vn -0.3921 -0.2811 0.8759
vn -0.1105 0.0528 0.9925
vn -0.6042 -0.0234 0.7965
vn -0.3347 0.2946 0.8951
vn -0.0875 0.6108 -0.7870
vn 0.0707 -0.0384 -0.9968
vn -0.3353 0.3261 -0.8839
vn 0.3751 0.3184 -0.8706
vn 0.2509 -0.1437 -0.9573
vn 0.5261 0.1267 -0.8409
vn 0.1852 -0.0908 -0.9785
vn 0.5631 0.1092 -0.8191
vn 0.5566 0.0207 -0.8305
vn 0.1941 -0.0046 -0.9810
vn 0.5564 0.0018 -0.8309
vn 0.1962 -0.0002 -0.9806
vn 0.5566 0.0017 -0.8308
vn 0.1963 -0.0010 -0.9805
vn -0.8636 0.4873 -0.1292
vn -0.5847 0.8109 -0.0257
vn -0.8091 0.5129 -0.2870
vn -0.5625 0.8023 -0.1995
vn -0.7534 0.4825 -0.4467
vn -0.4753 0.8068 -0.3509
vn -0.1485 0.6051 -0.7822
vn -0.3804 0.3367 -0.8614
vn -0.0743 0.0017 0.9972
vn -0.4503 -0.0002 0.8929
vn -0.4502 -0.0010 0.8929
vn -0.0745 0.0018 0.9972
vn -0.4735 0.0075 0.8808
vn -0.0774 0.0232 0.9967
vn -0.4954 -0.0973 0.8632
vn -0.0723 0.1018 0.9922
vn -0.1307 0.1505 0.9799
vn -0.4066 -0.1474 0.9016
vn -0.2586 0.3294 0.9081
vn -0.5619 -0.0326 0.8265
vn -0.8084 0.3188 0.4949
vn -0.5623 0.6114 0.5568
vn -0.3721 0.2283 0.8997
vn -0.3255 0.0599 0.9437
vn -0.3255 -0.0599 0.9437
vn -0.3668 -0.2620 0.8926
vn -0.3728 -0.2296 0.8991
vn -0.2288 -0.7857 0.5748
vn -0.2579 -0.7520 0.6066
vn -0.3440 -0.7562 0.5566
vn -0.4060 -0.2380 0.8823
vn -0.5996 -0.6655 0.4444
vn -0.4878 -0.2218 0.8443
vn -0.8595 -0.3842 0.3370
vn -0.5744 -0.1281 0.8085
vn -0.9456 -0.0995 0.3097
vn -0.5945 -0.0319 0.8035
vn -0.9463 -0.0000 0.3234
vn -0.5831 -0.0000 0.8124
vn -0.9462 -0.0000 0.3234
vn -0.5830 -0.0000 0.8124
vn -0.9456 0.0995 0.3096
vn -0.5945 0.0319 0.8035
vn -0.8595 0.3842 0.3370
vn -0.5744 0.1281 0.8085
vn -0.5996 0.6655 0.4445
vn -0.4878 0.2218 0.8443
vn -0.4061 0.2380 0.8823
vn -0.3440 0.7562 0.5566
vn -0.2288 0.7857 0.5748
vn -0.3668 0.2620 0.8926
vn -0.2579 0.7521 0.6065
vn -0.3728 0.2296 0.8990
vn -0.3721 -0.2283 0.8997
vn 0.3720 -0.2283 -0.8997
vn 0.4361 -0.0599 -0.8979
vn 0.4361 0.0599 -0.8979
vn 0.3708 0.2621 -0.8910
vn 0.3711 0.2296 -0.8998
vn 0.2440 0.7857 -0.5684
vn 0.2458 0.7521 -0.6115
vn 0.1496 0.7562 -0.6370
vn 0.3357 0.2380 -0.9114
vn -0.1106 0.6655 -0.7381
vn 0.2510 0.2219 -0.9422
vn 0.1644 0.1281 -0.9780
vn -0.3706 0.3843 -0.8456
vn -0.4508 0.0995 -0.8871
vn 0.1466 0.0319 -0.9887
vn -0.4415 0.0000 -0.8973
vn 0.1611 0.0000 -0.9869
vn -0.4415 -0.0000 -0.8973
vn -0.4508 -0.0995 -0.8871
vn 0.1466 -0.0319 -0.9887
vn -0.3705 -0.3842 -0.8456
vn 0.1644 -0.1281 -0.9780
vn -0.1106 -0.6655 -0.7381
vn 0.3357 -0.2380 -0.9114
vn 0.2511 -0.2218 -0.9422
vn 0.1496 -0.7562 -0.6370
vn 0.3708 -0.2620 -0.8910
vn 0.2440 -0.7857 -0.5685
vn 0.3721 0.2283 -0.8997
vn 0.3710 -0.2296 -0.8998
vn 0.2458 -0.7521 -0.6115
vn -0.3471 0.2283 0.9096
vn -0.2993 0.0599 0.9523
vn -0.3420 -0.2620 0.9024
vn -0.3479 -0.2296 0.9090
vn -0.2128 -0.7857 0.5809
vn -0.2411 -0.7520 0.6135
vn -0.3285 -0.7562 0.5659
vn -0.3815 -0.2380 0.8932
vn -0.5871 -0.6655 0.4608
vn -0.4643 -0.2218 0.8575
vn -0.8499 -0.3842 0.3606
vn -0.5519 -0.1281 0.8240
vn -0.9367 -0.0995 0.3356
vn -0.5721 -0.0319 0.8196
vn -0.9370 -0.0000 0.3494
vn -0.5604 0.0000 0.8282
vn -0.9370 0.0000 0.3494
vn -0.2993 -0.0598 0.9523
vn -0.5721 0.0319 0.8196
vn -0.9367 0.0995 0.3356
vn -0.5518 0.1280 0.8241
vn -0.8499 0.3842 0.3606
vn -0.3815 0.2380 0.8932
vn -0.4642 0.2218 0.8575
vn -0.5871 0.6655 0.4609
vn -0.3285 0.7562 0.5660
vn -0.3421 0.2620 0.9024
vn -0.2128 0.7857 0.5809
vn -0.3471 -0.2282 0.9096
vn -0.3479 0.2296 0.9090
vn -0.2411 0.7520 0.6134
vn 0.3471 -0.2283 -0.9096
vn 0.4112 -0.0599 -0.9096
vn 0.4112 0.0599 -0.9096
vn 0.3460 0.2620 -0.9009
vn 0.3461 0.2296 -0.9097
vn 0.2282 0.7857 -0.5750
vn 0.2288 0.7521 -0.6181
vn 0.1320 0.7562 -0.6409
vn 0.3104 0.2380 -0.9203
vn -0.1309 0.6655 -0.7348
vn 0.2249 0.2219 -0.9488
vn 0.1373 0.1281 -0.9822
vn -0.3937 0.3843 -0.8351
vn -0.4751 0.0995 -0.8743
vn 0.1193 0.0319 -0.9923
vn -0.4661 -0.0000 -0.8847
vn 0.1337 -0.0000 -0.9910
vn 0.1338 -0.0000 -0.9910
vn 0.1193 -0.0319 -0.9923
vn -0.4751 -0.0995 -0.8743
vn -0.3937 -0.3843 -0.8351
vn 0.1373 -0.1281 -0.9822
vn -0.1309 -0.6655 -0.7348
vn 0.3104 -0.2380 -0.9203
vn 0.2250 -0.2218 -0.9488
vn 0.1320 -0.7562 -0.6409
vn 0.3460 -0.2620 -0.9009
vn 0.2282 -0.7857 -0.5750
vn 0.3471 0.2283 -0.9096
vn 0.3461 -0.2296 -0.9097
vn 0.2288 -0.7520 -0.6182
vn 0.5914 -0.0025 -0.8063
vn 0.4974 -0.4485 -0.7426
vn 0.0145 -0.2983 -0.9544
vn 0.3029 -0.3823 -0.8730
vn 0.1250 -0.9248 -0.3594
vn -0.1731 -0.9084 -0.3805
vn -0.1138 -0.2808 -0.9530
vn 0.2496 -0.3831 -0.8894
vn 0.1038 -0.9239 -0.3683
vn -0.1676 -0.9113 -0.3761
vn -0.5805 -0.2980 0.7578
vn -0.2999 -0.3823 0.8740
vn -0.1232 -0.9248 0.3600
vn -0.3739 -0.9074 0.1918
vn 0.0000 -1.0000 -0.0000
vn -0.3481 -0.9279 -0.1335
vn -0.3563 -0.9279 -0.1096
vn -0.4912 -0.0004 -0.8711
vn -0.4965 -0.0000 -0.8680
vn -0.4911 -0.0004 -0.8711
vn -0.5236 0.0003 -0.8519
vn -0.5237 0.0003 -0.8519
vn 0.8711 0.0004 -0.4911
vn 0.8680 0.0001 -0.4965
vn 0.8711 0.0004 -0.4910
vn 0.8519 -0.0002 -0.5236
vn 0.8519 -0.0002 -0.5237
vn 0.2687 0.0000 -0.9632
vn 0.2685 0.0000 -0.9633
vn 0.2199 -0.0006 -0.9755
vn 0.2195 -0.0006 -0.9756
vn -0.9665 -0.0001 -0.2567
vn -0.9633 -0.0002 -0.2685
vn -0.9632 -0.0002 -0.2687
vn -0.9696 0.0006 -0.2448
vn -0.9696 0.0006 -0.2446
vn 0.4609 0.0008 0.8874
vn 0.4666 0.0001 0.8845
vn 0.4610 0.0008 0.8874
vn 0.4328 0.0015 0.9015
vn -0.8874 0.0003 0.4609
vn -0.8846 -0.0001 0.4664
vn -0.8874 0.0003 0.4610
vn -0.9015 0.0006 0.4328
vn -0.8873 -0.0000 0.4612
vn -0.8846 -0.0004 0.4663
vn -0.9015 0.0003 0.4328
vn 0.4613 0.0001 0.8873
vn 0.4666 0.0004 0.8845
vn 0.4613 0.0001 0.8872
vn 0.4330 -0.0002 0.9014
vn 0.4329 -0.0002 0.9014
vn -0.2962 0.0013 0.9551
vn -0.2955 0.0000 0.9554
vn -0.2955 0.0013 0.9553
vn -0.3422 0.0003 0.9396
vn -0.3436 0.0003 0.9391
vn -0.2957 0.0000 0.9553
vn -0.2954 0.0000 0.9554
vn -0.2955 0.0000 0.9553
vn -0.3432 -0.0006 0.9393
vn -0.3436 -0.0006 0.9391
vn -0.2877 0.2283 0.9301
vn -0.2373 0.0599 0.9696
vn -0.2832 -0.2620 0.9226
vn -0.2885 -0.2296 0.9295
vn -0.1749 -0.7857 0.5934
vn -0.2011 -0.7520 0.6277
vn -0.2913 -0.7562 0.5859
vn -0.3232 -0.2380 0.9159
vn -0.5562 -0.6655 0.4977
vn -0.4080 -0.2218 0.8856
vn -0.8249 -0.3842 0.4146
vn -0.4976 -0.1281 0.8579
vn -0.9131 -0.0995 0.3953
vn -0.5180 -0.0319 0.8548
vn -0.9125 -0.0000 0.4091
vn -0.5058 -0.0000 0.8626
vn -0.5058 0.0000 0.8626
vn -0.9132 0.0995 0.3953
vn -0.5181 0.0319 0.8548
vn -0.2373 -0.0598 0.9696
vn -0.4976 0.1281 0.8579
vn -0.8249 0.3843 0.4146
vn -0.3232 0.2380 0.9159
vn -0.4080 0.2218 0.8856
vn -0.5562 0.6655 0.4978
vn -0.2914 0.7562 0.5859
vn -0.2832 0.2620 0.9226
vn -0.1749 0.7857 0.5933
vn -0.2877 -0.2283 0.9301
vn -0.2885 0.2296 0.9295
vn -0.2010 0.7520 0.6277
vn 0.2877 -0.2283 -0.9301
vn 0.3517 -0.0599 -0.9342
vn 0.3517 0.0599 -0.9342
vn 0.2872 0.2621 -0.9213
vn 0.2867 0.2296 -0.9301
vn 0.1907 0.7857 -0.5885
vn 0.1885 0.7520 -0.6316
vn 0.0904 0.7562 -0.6481
vn 0.2504 0.2380 -0.9384
vn -0.1780 0.6655 -0.7249
vn 0.1633 0.2218 -0.9613
vn 0.0738 0.1281 -0.9890
vn -0.4467 0.3842 -0.8080
vn -0.5304 0.0995 -0.8419
vn 0.0551 0.0319 -0.9980
vn -0.5221 -0.0000 -0.8529
vn 0.0696 0.0000 -0.9976
vn -0.5304 -0.0995 -0.8419
vn 0.0551 -0.0319 -0.9980
vn -0.4467 -0.3842 -0.8080
vn 0.0737 -0.1281 -0.9890
vn -0.1780 -0.6655 -0.7248
vn 0.2505 -0.2380 -0.9384
vn 0.1633 -0.2218 -0.9613
vn 0.0904 -0.7562 -0.6480
vn 0.2873 -0.2620 -0.9213
vn 0.1907 -0.7857 -0.5885
vn 0.2877 0.2283 -0.9301
vn 0.2867 -0.2296 -0.9301
vn 0.1885 -0.7520 -0.6316
vn -0.2619 0.2283 0.9377
vn -0.2104 0.0599 0.9758
vn -0.2576 -0.2621 0.9300
vn -0.2628 -0.2296 0.9371
vn -0.1585 -0.7857 0.5979
vn -0.1837 -0.7521 0.6330
vn -0.0357 -0.9895 0.1400
vn -0.0499 -0.9862 0.1580
vn -0.1686 -0.9780 0.1231
vn -0.2751 -0.7562 0.5937
vn -0.2978 -0.2380 0.9245
vn -0.5422 -0.6655 0.5129
vn -0.5205 -0.8533 0.0321
vn -0.3834 -0.2218 0.8965
vn -0.8131 -0.3842 0.4372
vn -0.8598 -0.4966 -0.1192
vn -0.9864 -0.1287 -0.1022
vn -0.4737 -0.1281 0.8713
vn -0.9019 -0.0995 0.4203
vn -0.9944 -0.0000 -0.1058
vn -0.4943 -0.0319 0.8687
vn -0.9009 -0.0000 0.4341
vn -0.4818 -0.0000 0.8763
vn -0.2104 -0.0599 0.9758
vn 0.5454 -0.0000 0.8381
vn 0.5455 -0.0000 0.8381
vn -0.4819 -0.0000 0.8763
vn -0.4943 0.0319 0.8687
vn -0.9019 0.0995 0.4203
vn -0.9864 0.1287 -0.1022
vn -0.4738 0.1281 0.8713
vn -0.8131 0.3843 0.4372
vn -0.2977 0.2380 0.9245
vn -0.3834 0.2218 0.8965
vn -0.5422 0.6655 0.5129
vn -0.2751 0.7562 0.5937
vn -0.2576 0.2620 0.9300
vn -0.1585 0.7857 0.5980
vn -0.2620 -0.2283 0.9377
vn -0.2628 0.2296 0.9371
vn -0.1836 0.7521 0.6330
vn 0.2619 -0.2283 -0.9377
vn 0.3257 -0.0599 -0.9436
vn 0.2617 0.2620 -0.9289
vn 0.2610 0.2296 -0.9376
vn 0.1744 0.7857 -0.5935
vn 0.1710 0.7520 -0.6365
vn 0.0725 0.7562 -0.6504
vn 0.2245 0.2380 -0.9450
vn -0.1979 0.6655 -0.7197
vn 0.1367 0.2219 -0.9654
vn 0.0464 0.1281 -0.9907
vn -0.4688 0.3843 -0.7953
vn -0.8966 0.1287 -0.4238
vn -0.5535 0.0995 -0.8269
vn -0.9053 -0.0000 -0.4249
vn 0.0275 0.0319 -0.9991
vn -0.5454 -0.0000 -0.8381
vn 0.0421 -0.0000 -0.9991
vn 0.0420 -0.0000 -0.9991
vn -0.5455 -0.0000 -0.8381
vn -0.9052 -0.0000 -0.4249
vn 0.3258 0.0599 -0.9436
vn 0.9009 -0.0000 -0.4341
vn 0.9009 0.0000 -0.4341
vn 0.0275 -0.0319 -0.9991
vn -0.5535 -0.0995 -0.8269
vn -0.8965 -0.1287 -0.4238
vn -0.4688 -0.3842 -0.7953
vn -0.7971 -0.4966 -0.3436
vn -0.4285 -0.8533 -0.2972
vn 0.0464 -0.1281 -0.9907
vn -0.1979 -0.6655 -0.7196
vn -0.0804 -0.9780 -0.1926
vn 0.2245 -0.2380 -0.9450
vn 0.1367 -0.2218 -0.9655
vn 0.0725 -0.7562 -0.6503
vn 0.2617 -0.2620 -0.9289
vn 0.1744 -0.7857 -0.5935
vn 0.0420 -0.9895 -0.1382
vn 0.2620 0.2283 -0.9377
vn 0.2609 -0.2296 -0.9377
vn 0.1710 -0.7520 -0.6366
vn 0.0392 -0.9862 -0.1610
vn 0.8986 -0.0000 0.4387
vn 0.9959 -0.0000 0.0906
vn 0.9959 -0.0000 0.0905
vn -0.1963 0.0010 0.9805
vn -0.5849 -0.2211 0.7804
vn -0.5566 -0.0017 0.8308
vn -0.1491 -0.2178 0.9645
vn 0.3219 0.2865 -0.9024
vn 0.1665 -0.1395 -0.9761
vn 0.4230 0.1430 -0.8948
vn 0.0357 -0.0330 -0.9988
vn 0.3881 0.2708 -0.8809
vn 0.2384 -0.1512 -0.9593
vn 0.4913 0.1293 -0.8614
vn 0.1050 -0.0449 -0.9935
vn -0.3250 0.3314 -0.8857
vn -0.0950 0.6008 -0.7937
vn 0.7819 -0.4789 0.3990
vn 0.4972 -0.8059 0.3215
vn 0.5891 -0.8080 -0.0134
vn 0.8794 -0.4714 0.0664
vn 0.8092 -0.3277 -0.4876
vn 0.5707 -0.6047 -0.5555
vn -0.4183 0.8164 -0.3981
vn -0.7208 0.4637 -0.5151
vn -0.7257 0.4852 -0.4878
vn -0.4528 0.8084 -0.3760
vn -0.8911 0.4526 -0.0327
vn -0.5780 0.8145 0.0500
vn -0.5915 0.8062 0.0143
vn -0.8741 0.4811 -0.0667
vn -0.2110 -0.8870 -0.4108
vn 0.0809 -0.9321 -0.3531
vn -0.3619 -0.2890 -0.8863
vn 0.2092 -0.4066 -0.8893
vn 0.0789 -0.9337 -0.3494
vn -0.1211 0.0009 -0.9926
vn -0.0152 -0.4520 -0.8919
vn 0.0865 -0.9201 -0.3821
vn -0.1324 -0.8872 -0.4421
vn 0.2645 -0.0061 -0.9644
vn -0.3450 0.2967 -0.8905
vn -0.1066 -0.1699 -0.9797
vn 0.1028 0.9239 -0.3686
vn -0.1977 0.8908 -0.4091
vn 0.2483 0.3827 -0.8899
vn -0.1236 0.3360 -0.9337
vn -0.1527 0.8983 -0.4120
vn -0.8216 -0.2935 0.4887
vn -0.1404 -0.9318 0.3347
vn -0.4101 -0.8899 0.1998
vn -0.3506 -0.4031 0.8453
vn -0.1387 -0.9337 0.3302
vn -0.7070 0.0022 0.7072
vn -0.1553 -0.9177 0.3656
vn -0.5597 -0.4317 0.7074
vn -0.3751 -0.8845 0.2774
vn -0.3825 0.0021 0.9239
vn -0.8207 0.2967 0.4882
vn -0.6891 -0.1623 0.7062
vn -0.1464 0.9239 0.3536
vn -0.4079 0.8908 0.2001
vn -0.3534 0.3827 0.8536
vn -0.6729 0.3361 0.6590
vn -0.3741 0.8984 0.2302
vn 0.8703 0.0045 -0.4925
vn 0.9110 -0.1247 -0.3931
vn 0.9972 0.0066 0.0742
vn 0.9861 -0.0390 0.1612
vn 0.8929 0.0069 0.4502
vn 0.9124 -0.3936 -0.1120
vn 0.7727 -0.6280 0.0930
vn 0.9745 -0.0778 0.2103
vn 0.6715 -0.7111 0.2087
vn 0.9610 -0.1351 0.2411
vn 0.9360 -0.1980 0.2910
vn 0.6733 -0.7019 0.2324
vn 0.9285 -0.1877 0.3205
vn 0.6572 -0.7111 0.2498
vn 0.9163 -0.1980 0.3482
vn 0.6810 -0.5935 0.4289
vn 0.9052 -0.1352 0.4029
vn 0.6916 -0.3633 0.6242
vn 0.4943 -0.1315 0.8593
vn 0.3813 0.0045 0.9244
vn 0.8308 0.0066 0.5566
vn 0.8757 -0.0390 0.4812
vn 0.9805 0.0069 0.1963
vn 0.8968 -0.0779 0.4355
vn 0.9806 0.0075 0.1960
vn 0.9243 0.0055 -0.3817
vn 0.9243 0.0052 -0.3817
vn 0.9255 0.1114 -0.3620
vn 0.9755 0.1044 0.1939
vn 0.9087 0.3392 -0.2434
vn 0.9109 0.2777 0.3053
vn 0.7890 0.4351 -0.4338
vn 0.8056 0.5319 0.2609
vn 0.6363 0.6248 -0.4525
vn 0.7484 0.6561 0.0972
vn 0.3413 0.8708 -0.3540
vn 0.6684 0.7395 0.0798
vn 0.5811 0.8056 0.1155
vn 0.0516 0.9926 -0.1099
vn 0.6400 0.6860 0.3461
vn 0.0911 0.9911 -0.0969
vn 0.4907 0.8524 0.1807
vn 0.4076 0.8743 -0.2636
vn 0.5338 0.8263 0.1797
vn 0.6938 0.6420 0.3264
vn 0.6469 0.6293 -0.4307
vn 0.7218 0.5018 -0.4766
vn 0.7084 0.7029 0.0641
vn 0.6627 0.7416 0.1040
vn 0.5641 0.7079 0.4251
vn 0.6020 0.7836 0.1539
vn 0.5588 0.7444 0.3654
vn 0.1805 0.6435 0.7438
vn 0.2007 0.5207 0.8298
vn 0.1199 0.8786 0.4622
vn 0.5481 0.7853 0.2881
vn 0.0062 0.9913 0.1318
vn 0.5159 0.8268 0.2240
vn -0.0476 0.9987 -0.0167
vn 0.4833 0.8585 0.1716
vn 0.0797 0.9916 -0.1023
vn 0.3810 0.8786 -0.2878
vn 0.5362 0.8312 0.1468
vn 0.6079 0.6414 -0.4680
vn 0.6789 0.5164 -0.5219
vn 0.7031 0.7108 0.0200
vn 0.6616 0.7473 0.0619
vn 0.6036 0.7889 0.1154
vn 0.5773 0.7470 0.3296
vn 0.5859 0.7099 0.3908
vn 0.5605 0.7887 0.2524
vn 0.2294 0.6400 0.7333
vn 0.2551 0.5134 0.8193
vn 0.1468 0.8781 0.4554
vn 0.0061 0.9915 0.1298
vn 0.5232 0.8312 0.1880
vn -0.0282 0.9935 0.1100
vn 0.4969 0.8535 0.1573
vn 0.0388 0.8779 0.4772
vn 0.5203 0.8133 0.2605
vn 0.2018 0.6393 0.7420
vn 0.7135 0.6900 0.1219
vn 0.3472 0.4738 0.8093
vn 0.5640 0.7482 0.3495
vn 0.6999 0.7121 0.0553
vn 0.5700 0.3496 0.7436
vn 0.6423 0.6648 0.3815
vn 0.7924 0.5368 0.2899
vn 0.5001 0.1182 0.8579
vn 0.9038 0.2821 0.3219
vn 0.4921 0.0055 0.8705
vn 0.4921 0.0052 0.8705
vn 0.8844 0.1097 0.4536
vn 0.8928 0.0075 0.4504
vn 0.9732 0.0938 0.2100
vn 0.9856 0.0543 0.1604
vn 0.9588 0.1513 0.2405
vn 0.9063 0.4069 -0.1142
vn 0.9935 0.0345 0.1089
vn 0.9351 0.1450 0.3234
vn 0.9088 0.1357 -0.3945
vn 0.7632 0.6400 0.0892
vn 0.9114 -0.0876 -0.4020
vn 0.7066 0.6347 0.3130
vn 0.6738 0.3912 0.6268
vn 0.9828 -0.1377 -0.1233
vn 0.5281 0.1326 0.8388
vn 0.9797 0.1731 0.1013
vn 0.6123 -0.0541 0.7888
vn 0.9080 0.4052 0.1067
vn 0.9303 0.3530 0.0997
vn 0.7938 0.6063 0.0479
vn 0.8877 0.4522 0.0871
vn 0.9569 0.2645 0.1196
vn 0.8462 0.5240 0.0966
vn 0.7019 0.7118 0.0237
vn 0.5918 0.7726 -0.2299
vn 0.9523 0.2074 0.2237
vn 0.9113 -0.3922 0.1254
vn 0.8455 -0.3565 0.3975
vn 0.8021 0.5733 0.1672
vn 0.8866 0.2753 0.3717
vn 0.7184 -0.1036 0.6879
vn 0.7709 0.5369 0.3427
vn 0.9008 0.1509 0.4072
vn 0.8655 0.3019 0.3997
vn 0.8968 0.0300 0.4414
vn 0.9735 0.1458 0.1763
vn 0.9210 0.0742 0.3825
vn 0.9895 0.0306 0.1411
vn 0.9536 0.1472 0.2626
vn 0.9758 0.0755 0.2050
vn 0.9081 0.3951 -0.1384
vn 0.9069 0.1356 -0.3990
vn 0.7526 0.6433 0.1403
vn 0.9505 -0.0583 -0.3051
vn 0.6773 0.6402 0.3625
vn 0.9202 0.1077 0.3763
vn 0.6515 0.3572 0.6693
vn 0.4938 0.1264 0.8603
vn 0.9048 0.0558 0.4222
vn 0.5854 -0.0510 0.8091
vn 0.8793 0.0287 0.4755
vn 0.6881 -0.0996 0.7187
vn 0.8888 0.1520 0.4324
vn 0.8256 -0.3449 0.4465
vn 0.8488 0.3114 0.4273
vn 0.9161 -0.3697 0.1549
vn 0.8629 0.2874 0.4158
vn 0.9816 -0.1144 -0.1528
vn 0.9438 0.2631 0.2002
vn 0.9410 0.2933 0.1688
vn 0.7752 0.5047 0.3800
vn 0.8545 0.4976 0.1489
vn 0.8358 0.5241 0.1636
vn 0.3502 0.7339 0.5821
vn 0.6907 0.6348 0.3465
vn 0.2783 0.9305 0.2381
vn 0.3415 0.9387 -0.0476
vn 0.3115 0.6492 0.6939
vn 0.6048 0.6201 -0.4998
vn 0.2924 0.2668 -0.9183
vn 0.5405 0.0425 -0.8402
vn 0.7594 0.4887 -0.4296
vn 0.9213 0.3628 -0.1399
vn 0.9762 0.1602 0.1463
vn 0.7438 0.6463 0.1705
vn 0.9111 0.1449 0.3859
vn 0.7234 0.6437 0.2499
vn 0.6979 0.3625 0.6177
vn 0.6630 0.6921 0.2853
vn 0.3846 0.4893 0.7827
vn 0.6103 0.7152 0.3405
vn 0.7061 0.6927 0.1471
vn 0.6948 0.7155 0.0731
vn 0.7654 0.6324 0.1191
vn 0.7357 0.6436 0.2108
vn 0.6269 0.7282 -0.2770
vn 0.6538 0.6456 -0.3947
vn 0.9258 0.3623 -0.1076
vn 0.7637 0.4896 -0.4208
vn 0.9677 0.1424 0.2082
vn 0.3827 0.9234 -0.0313
vn 0.8790 0.1559 0.4507
vn 0.2659 0.9308 0.2507
vn 0.7496 0.5446 0.3762
vn 0.3242 0.7419 0.5869
vn 0.2781 0.6497 0.7075
vn 0.7541 0.5186 0.4029
vn 0.6743 0.6406 0.3674
vn 0.3464 0.4934 0.7978
vn 0.5899 0.7186 0.3682
vn 0.6482 0.3945 0.6513
vn 0.6413 0.6976 0.3194
vn 0.6881 0.6637 0.2933
vn 0.6907 0.7171 0.0930
vn 0.6981 0.6987 0.1567
vn 0.7191 0.6636 0.2063
vn 0.9146 0.3913 -0.1017
vn 0.7577 0.6372 0.1408
vn 0.7092 0.6383 0.2994
vn 0.8431 0.5098 0.1709
vn 0.9662 0.1568 0.2044
vn 0.9331 0.3022 0.1948
vn 0.8700 -0.2538 -0.4226
vn 0.9670 0.1464 0.2083
vn 0.8660 -0.4816 0.1348
vn 0.7771 0.4863 -0.3996
vn 0.5695 0.0292 -0.8215
vn 0.8831 0.1366 0.4489
vn 0.7478 -0.4864 0.4519
vn 0.6665 0.6402 -0.3820
vn 0.3379 0.2684 -0.9021
vn 0.6313 0.7322 -0.2554
vn 0.3852 0.9225 -0.0260
vn 0.8299 0.5289 0.1776
vn 0.2697 0.9290 0.2534
vn 0.7527 0.5337 0.3856
vn 0.3144 0.7373 0.5980
vn 0.9381 0.2750 0.2104
vn 0.8643 0.2752 0.4209
vn 0.9844 -0.1125 -0.1351
vn 0.9192 -0.3597 0.1601
vn 0.9590 -0.0554 -0.2780
vn 0.9160 0.1286 -0.3799
vn 0.8216 -0.3550 0.4459
vn 0.6781 -0.1048 0.7274
vn 0.5598 -0.0534 0.8269
vn 0.8457 0.3002 0.4413
vn 0.8767 0.1490 0.4575
vn 0.4756 0.1352 0.8692
vn 0.8680 0.0306 0.4956
vn 0.6342 0.3920 0.6665
vn 0.6858 0.6355 0.3548
vn 0.7515 0.6469 0.1292
vn 0.9136 0.1449 0.3800
vn 0.9238 0.3601 -0.1298
vn 0.9567 0.1086 0.2700
vn 0.9860 0.0292 0.1642
vn 0.9732 0.0565 0.2227
vn 0.9358 0.1472 0.3205
vn 0.8958 0.0744 0.4382
vn 0.9031 0.1513 0.4020
vn 0.9615 0.0754 0.2644
vn 0.8956 0.0937 0.4349
vn 0.9790 0.0305 0.2016
vn 0.9149 0.3952 -0.0824
vn 0.8747 0.0542 0.4815
vn 0.6431 0.4068 0.6488
vn 0.8476 0.0370 0.5294
vn 0.6558 0.6400 0.4004
vn 0.4718 0.1353 0.8712
vn 0.7437 0.6421 0.1859
vn 0.9297 0.1356 -0.3425
vn 0.9679 -0.0586 -0.2444
vn 0.9623 0.1440 0.2308
vn 0.9885 -0.1175 -0.0948
vn 0.9328 0.2890 0.2154
vn 0.9033 -0.3749 0.2085
vn 0.9323 0.2570 0.2544
vn 0.7573 0.5036 0.4158
vn 0.8491 0.4926 0.1904
vn 0.6729 0.6321 0.3842
vn 0.2645 0.6511 0.7114
vn 0.3295 0.4911 0.8064
vn 0.5925 0.7110 0.3786
vn 0.6555 0.3596 0.6641
vn 0.6482 0.6872 0.3279
vn 0.7629 0.6258 0.1627
vn 0.6959 0.7082 0.1191
vn 0.7018 0.6861 0.1918
vn 0.7260 0.6387 0.2549
vn 0.9349 0.3516 -0.0484
vn 0.8586 0.1564 0.4882
vn 0.9550 0.1395 0.2616
vn 0.7987 0.4781 -0.3654
vn 0.6359 0.3626 0.6813
vn 0.3232 0.4914 0.8088
vn 0.5870 0.7090 0.3909
vn 0.1722 0.6340 0.7539
vn 0.5699 0.7119 0.4104
vn 0.3358 0.7796 0.5287
vn 0.6454 0.5849 0.4912
vn 0.7775 0.4091 0.4775
vn 0.7263 0.4813 0.4909
vn 0.7891 0.3618 0.4964
vn 0.7241 0.5710 0.3869
vn 0.2226 0.9454 0.2381
vn 0.7253 0.5906 0.3538
vn 0.3866 0.9222 -0.0076
vn 0.8194 0.2797 0.5003
vn 0.8269 0.5210 0.2116
vn 0.8312 0.1809 0.5257
vn 0.8809 0.2283 0.4146
vn 0.6984 -0.1212 0.7054
vn 0.7997 -0.3755 0.4684
vn 0.6517 0.7205 -0.2371
vn 0.6884 0.6357 -0.3493
vn 0.4585 -0.0865 0.8845
vn -0.4926 -0.0051 -0.8702
vn -0.5922 -0.1348 -0.7944
vn -0.8929 -0.0068 -0.4501
vn -0.9301 -0.0531 -0.3633
vn -0.9972 -0.0068 -0.0742
vn -0.7243 -0.4067 -0.5567
vn -0.7003 -0.6404 -0.3152
vn -0.9429 -0.0954 -0.3190
vn -0.6785 -0.7035 -0.2112
vn -0.9457 -0.1525 -0.2871
vn -0.9370 -0.1923 -0.2916
vn -0.6635 -0.7123 -0.2289
vn -0.6644 -0.7035 -0.2523
vn -0.9257 -0.2025 -0.3194
vn -0.7757 -0.6058 -0.1767
vn -0.9174 -0.1922 -0.3484
vn -0.9248 -0.3761 -0.0573
vn -0.9215 -0.1524 -0.3574
vn -0.9610 -0.1418 0.2375
vn -0.9245 -0.0050 0.3812
vn -0.9805 -0.0068 -0.1964
vn -0.9563 -0.0531 -0.2876
vn -0.8307 -0.0068 -0.5566
vn -0.9390 -0.0953 -0.3304
vn -0.8304 -0.0037 -0.5572
vn -0.3824 -0.0017 -0.9240
vn -0.3816 -0.0047 -0.9243
vn -0.3192 -0.0060 -0.9477
vn -0.7591 0.0248 -0.6505
vn -0.3189 -0.3091 -0.8960
vn -0.7745 -0.2233 -0.5918
vn -0.1016 -0.4493 -0.8876
vn -0.5058 -0.6817 -0.5286
vn -0.2836 -0.4654 -0.8384
vn -0.6142 -0.2517 -0.7479
vn -0.5476 -0.7150 -0.4346
vn -0.6529 -0.5588 -0.5113
vn -0.8683 -0.0924 -0.4874
vn -0.6454 -0.6517 -0.3984
vn -0.8607 -0.1450 -0.4879
vn -0.7308 -0.5988 -0.3277
vn -0.5920 -0.7878 -0.1697
vn -0.6467 -0.3509 -0.6773
vn -0.6961 -0.6403 -0.3247
vn -0.3449 -0.4771 -0.8083
vn -0.1895 -0.5123 -0.8377
vn -0.5617 -0.7071 -0.4296
vn -0.6101 -0.6953 -0.3799
vn -0.7078 -0.7033 -0.0666
vn -0.6493 -0.6822 -0.3361
vn -0.7095 -0.6928 -0.1290
vn -0.8104 -0.4662 0.3550
vn -0.7211 -0.4990 0.4806
vn -0.9379 -0.3411 0.0629
vn -0.7086 -0.6805 -0.1865
vn -0.9660 -0.1393 -0.2179
vn -0.7348 -0.6391 -0.2271
vn -0.9412 -0.0505 -0.3340
vn -0.7561 -0.5969 -0.2683
vn -0.8860 -0.1484 -0.4392
vn -0.6858 -0.3488 -0.6388
vn -0.7097 -0.6453 -0.2828
vn -0.3960 -0.4720 -0.7876
vn -0.2491 -0.5081 -0.8245
vn -0.5858 -0.7097 -0.3913
vn -0.6648 -0.6860 -0.2956
vn -0.6297 -0.6980 -0.3410
vn -0.7111 -0.6983 -0.0823
vn -0.7035 -0.7104 -0.0181
vn -0.7139 -0.6862 -0.1397
vn -0.7756 -0.4735 0.4174
vn -0.6764 -0.5101 0.5313
vn -0.9278 -0.3501 0.1291
vn -0.9775 -0.1495 -0.1490
vn -0.7432 -0.6455 -0.1759
vn -0.9833 -0.1068 -0.1475
vn -0.7707 -0.6077 -0.1918
vn -0.9402 -0.2599 0.2200
vn -0.7494 -0.6570 -0.0821
vn -0.7411 -0.4596 0.4894
vn -0.5657 -0.7913 -0.2320
vn -0.6094 -0.4757 0.6343
vn -0.6981 -0.7159 0.0089
vn -0.8306 -0.2872 0.4770
vn -0.7040 -0.7021 0.1069
vn -0.5731 -0.7647 -0.2946
vn -0.8248 0.0221 0.5649
vn -0.8709 -0.0016 0.4915
vn -0.8705 -0.0047 0.4922
vn -0.9993 -0.0257 0.0276
vn -0.9973 -0.0037 -0.0735
vn -0.9444 0.0795 -0.3191
vn -0.9327 0.0429 -0.3581
vn -0.9855 -0.1687 -0.0186
vn -0.9478 0.1364 -0.2882
vn -0.8574 -0.5146 -0.0005
vn -0.9439 -0.0854 -0.3190
vn -0.9294 -0.3677 -0.0332
vn -0.7303 0.3939 -0.5582
vn -0.9478 -0.2517 -0.1956
vn -0.9373 -0.3235 -0.1299
vn -0.8202 -0.5600 -0.1170
vn -0.8529 -0.4934 -0.1709
vn -0.6870 -0.6887 -0.2318
vn -0.6604 -0.5475 -0.5139
vn -0.2330 -0.6649 -0.7096
vn -0.5634 -0.1569 -0.8111
vn -0.1537 -0.8843 -0.4408
vn -0.5969 0.1264 -0.7923
vn -0.7097 0.6285 -0.3184
vn -0.4640 -0.8578 -0.2212
vn -0.7856 0.6095 -0.1071
vn -0.5223 -0.8521 -0.0337
vn -0.8052 -0.5603 -0.1942
vn -0.7660 -0.6263 0.1450
vn -0.8061 -0.5315 -0.2601
vn -0.9022 -0.4015 -0.1573
vn -0.8751 -0.4790 -0.0693
vn -0.9243 -0.2910 -0.2472
vn -0.8270 -0.1734 -0.5348
vn -0.9102 -0.2888 -0.2969
vn -0.4449 -0.4607 -0.7680
vn -0.9099 0.2076 -0.3592
vn 0.2502 -0.2937 -0.9226
vn 0.0200 -0.0373 -0.9991
vn -0.9747 0.1488 -0.1668
vn -0.0177 -0.9915 -0.1292
vn -0.9930 -0.1005 0.0617
vn -0.0814 -0.9913 0.1035
vn -0.5303 -0.8277 -0.1835
vn -0.5476 -0.8276 -0.1234
vn -0.3674 -0.8832 0.2914
vn -0.6000 -0.7926 -0.1087
vn -0.5868 -0.6530 0.4788
vn -0.6421 -0.7644 -0.0582
vn -0.5537 -0.7925 -0.2557
vn -0.7800 -0.4136 0.4696
vn -0.8134 -0.5756 -0.0841
vn -0.8931 -0.3744 -0.2493
vn -0.5590 -0.7643 -0.3217
vn -0.8671 -0.4414 -0.2307
vn -0.8753 -0.3564 -0.3270
vn -0.9692 -0.2156 -0.1194
vn -0.7115 -0.5701 -0.4108
vn -0.8877 -0.1936 0.4177
vn -0.9027 0.1322 0.4094
vn -0.9899 0.0277 -0.1387
vn -0.9103 0.3843 0.1536
vn -0.9780 0.0528 -0.2019
vn -0.9660 0.1194 -0.2294
vn -0.9205 0.0527 -0.3872
vn -0.9257 0.1208 -0.3585
vn -0.8951 0.0275 -0.4450
vn -0.6624 0.3844 -0.6430
vn -0.8693 -0.2053 -0.4497
vn -0.5147 0.1296 -0.8475
vn -0.8535 -0.4195 -0.3090
vn -0.4774 -0.1763 -0.8608
vn -0.5611 -0.6126 -0.5567
vn -0.4914 -0.8239 -0.2824
vn -0.7073 0.6102 -0.3569
vn -0.7608 0.6355 -0.1320
vn -0.9581 0.0941 -0.2705
vn -0.9279 0.3494 0.1305
vn -0.9157 0.1231 0.3825
vn -0.9738 0.0432 -0.2231
vn -0.9053 -0.2022 0.3736
vn -0.9865 0.0200 -0.1624
vn -0.9054 0.0425 -0.4224
vn -0.7653 -0.6377 0.0874
vn -0.9634 -0.2210 -0.1521
vn -0.8785 0.0196 -0.4774
vn -0.9216 0.0933 -0.3767
vn -0.6542 0.3465 -0.6723
vn -0.9500 0.1194 -0.2884
vn -0.6862 0.6285 -0.3661
vn -0.4919 0.1209 -0.8622
vn -0.7769 0.6102 -0.1555
vn -0.4574 -0.1768 -0.8715
vn -0.8536 -0.2109 -0.4764
vn -0.5432 -0.6251 -0.5605
vn -0.4747 -0.8360 -0.2751
vn -0.8490 -0.4602 -0.2596
vn -0.5205 -0.8513 -0.0663
vn -0.8115 -0.5265 -0.2536
vn -0.8302 -0.4468 -0.3334
vn -0.7768 -0.6207 0.1065
vn -0.7924 -0.5286 -0.3043
vn -0.9113 -0.1880 0.3662
vn -0.9122 -0.2862 -0.2931
vn -0.9260 0.1347 0.3526
vn -0.9628 -0.2099 -0.1702
vn -0.9177 0.3852 0.0970
vn -0.9795 0.0283 -0.1993
vn -0.9637 0.0530 -0.2616
vn -0.8949 0.0528 -0.4431
vn -0.9019 0.1209 -0.4147
vn -0.8661 0.0275 -0.4992
vn -0.9244 0.1350 -0.3566
vn -0.6216 0.3845 -0.6825
vn -0.9413 0.0780 -0.3283
vn -0.6845 0.6094 -0.4002
vn -0.9575 0.0435 -0.2853
vn -0.9191 0.3940 -0.0006
vn -0.7557 0.6279 -0.1860
vn -0.9372 -0.0920 -0.3365
vn -0.9528 0.1270 0.2757
vn -0.9437 -0.1771 0.2793
vn -0.4616 0.1297 -0.8775
vn -0.4267 -0.1770 -0.8869
vn -0.8449 -0.2066 -0.4934
vn -0.5318 -0.6150 -0.5821
vn -0.4757 -0.8230 -0.3104
vn -0.8391 -0.4184 -0.3477
vn -0.4972 -0.8630 -0.0895
vn -0.8143 -0.4995 -0.2956
vn -0.7692 -0.5443 -0.3347
vn -0.7962 -0.6044 -0.0274
vn -0.8628 -0.2667 -0.4295
vn -0.7770 -0.4642 -0.4252
vn -0.7516 -0.4042 -0.5213
vn -0.7676 -0.3625 -0.5285
vn -0.8771 -0.2622 -0.4025
vn -0.7289 -0.4578 -0.5091
vn -0.8330 -0.3596 -0.4205
vn -0.7635 -0.5273 -0.3728
vn -0.9073 -0.2618 -0.3290
vn -0.6991 -0.6800 -0.2211
vn -0.8607 -0.3550 -0.3649
vn -0.6385 -0.7595 -0.1247
vn -0.6362 -0.6551 0.4076
vn -0.4022 -0.8814 0.2476
vn -0.5341 -0.8249 -0.1850
vn -0.5098 -0.8248 -0.2446
vn -0.0976 -0.9911 0.0903
vn -0.8185 -0.4630 0.3400
vn -0.9760 -0.2037 -0.0770
vn -0.9406 0.1735 -0.2918
vn -0.8711 0.1955 -0.4505
vn -0.7428 -0.0751 -0.6653
vn -0.3343 -0.4178 -0.8448
vn -0.6935 -0.5672 -0.4443
vn -0.1591 -0.6569 -0.7370
vn -0.8131 -0.5688 -0.1240
vn -0.1072 -0.8832 -0.4566
vn -0.5426 -0.7605 -0.3568
vn -0.6450 -0.7575 -0.1008
vn -0.0028 -0.9913 -0.1318
vn -0.5414 -0.7889 -0.2906
vn -0.5993 -0.7866 -0.1486
vn -0.3984 -0.8782 0.2647
vn -0.5447 -0.8230 -0.1615
vn -0.5401 -0.8033 -0.2509
vn -0.6289 -0.6438 0.4359
vn -0.0965 -0.9907 0.0964
vn 0.4669 -0.8102 0.3544
vn 0.5597 -0.8283 0.0262
vn -0.8154 -0.3988 0.4196
vn 0.0018 -0.9919 -0.1273
vn 0.5308 -0.6485 -0.5457
vn -0.9959 -0.0897 0.0086
vn -0.1402 -0.8579 -0.4943
vn -0.8831 -0.3698 -0.2887
vn -0.9612 0.1571 -0.2270
vn -0.8935 -0.2842 -0.3476
vn -0.8583 -0.4357 -0.2710
vn -0.8947 0.1772 -0.4101
vn -0.7572 -0.0989 -0.6456
vn -0.8523 -0.3815 -0.3579
vn -0.3602 -0.4201 -0.8329
vn 0.0424 -0.0679 -0.9968
vn 0.3262 -0.2874 -0.9006
vn -0.6911 -0.5824 -0.4280
vn -0.1599 -0.6387 -0.7527
vn -0.5498 -0.7481 -0.3716
vn -0.8100 -0.5771 -0.1045
vn -0.5581 -0.7696 -0.3102
vn -0.6284 -0.7698 -0.1120
vn -0.6615 -0.7475 -0.0595
vn -0.5759 -0.8046 -0.1450
vn -0.4221 -0.8560 0.2983
vn -0.5193 -0.8275 -0.2134
vn -0.0764 -0.9918 0.1023
vn -0.1340 -0.8825 -0.4508
vn -0.0083 -0.9912 -0.1322
vn -0.2047 -0.6507 -0.7312
vn -0.3865 -0.4110 -0.8256
vn -0.7764 -0.0734 -0.6259
vn -0.9237 -0.2634 -0.2782
vn -0.8966 0.1938 -0.3982
vn -0.8277 -0.5021 -0.2507
vn -0.9661 0.1363 -0.2192
vn -0.8882 -0.3130 -0.3364
vn -0.7799 -0.5467 -0.3048
vn -0.9925 -0.1194 0.0277
vn -0.7998 -0.4151 0.4335
vn -0.8746 -0.4053 -0.2660
vn -0.5201 -0.8502 -0.0818
vn -0.6052 -0.6345 0.4808
vn -0.1576 -0.6576 -0.7367
vn 0.0457 -0.9327 -0.3577
vn -0.2075 -0.8705 -0.4462
vn 0.1806 -0.7298 -0.6593
vn -0.0750 -0.3757 -0.9237
vn 0.2726 -0.4159 -0.8676
vn -0.0435 -0.0369 -0.9984
vn 0.3077 -0.0388 -0.9507
vn 0.4115 -0.0383 -0.9106
vn 0.2804 0.3441 -0.8961
vn -0.0680 0.3070 -0.9493
vn 0.1950 0.6746 -0.7120
vn -0.1446 0.6038 -0.7839
vn 0.1670 0.9085 -0.3831
vn 0.0645 0.9022 -0.4265
vn -0.2618 0.8082 -0.5275
vn -0.0912 0.9924 -0.0830
vn -0.4017 0.8892 -0.2190
vn -0.5430 0.8344 0.0946
vn -0.2485 0.9314 0.2661
vn -0.6642 0.6521 0.3655
vn -0.3834 0.7284 0.5678
vn -0.4754 0.4146 0.7760
vn -0.7468 0.3702 0.5525
vn -0.5105 0.0374 0.8591
vn -0.7783 0.0315 0.6271
vn -0.7538 -0.3124 0.5781
vn -0.4832 -0.3455 0.8045
vn -0.3842 -0.3470 0.8556
vn -0.6771 -0.6092 0.4127
vn -0.3978 -0.6759 0.6204
vn -0.2983 -0.6795 0.6703
vn -0.2673 -0.9036 0.3349
vn -0.5599 -0.8137 0.1563
vn -0.1116 -0.9937 -0.0086
vn -0.4201 -0.8946 -0.1522
vn -0.3541 -0.9273 -0.1210
vn -0.2787 -0.8399 -0.4658
vn -0.9553 -0.0001 -0.2956
vn -0.9516 0.0006 -0.3075
vn -0.9553 0.0000 -0.2955
vn -0.9477 0.0014 -0.3193
vn -0.9476 0.0014 -0.3195
vn -0.9516 0.0004 -0.3074
vn -0.9553 -0.0002 -0.2957
vn -0.9477 0.0013 -0.3191
vn -0.9516 0.0003 -0.3074
vn 0.9516 0.0000 0.3074
vn 0.9553 0.0002 0.2956
vn 0.9554 -0.0000 0.2955
vn 0.9516 0.0001 0.3074
vn 0.9476 0.0001 0.3193
vn 0.9477 0.0002 0.3192
vn 0.9553 0.0005 0.2955
vn 0.9477 0.0003 0.3192
vn -0.8236 -0.5669 0.0199
vn -0.3370 -0.9324 -0.1307
vn -0.9830 -0.1789 -0.0423
vn -0.7568 -0.5869 -0.2878
vn -0.3390 -0.9330 -0.1209
vn -0.9396 0.3416 -0.0203
vn -0.8623 0.3862 -0.3276
vn -0.3574 0.9240 -0.1358
vn -0.3615 0.9240 -0.1247
vn -0.9147 -0.2066 -0.3472
vn -0.7657 -0.5864 -0.2643
vn -0.8730 0.3835 -0.3013
vn -0.7705 -0.5903 -0.2405
vn -0.3411 -0.9337 -0.1085
vn -0.9249 -0.2067 -0.3192
vn -0.6307 -0.5709 -0.5257
vn -0.9338 -0.2085 -0.2907
vn -0.8025 -0.1771 -0.5698
vn -0.8808 0.3862 -0.2740
vn -0.3651 0.9240 -0.1135
vn -0.7524 0.3414 -0.5634
vn -0.8287 -0.0124 -0.5596
vn -0.9113 -0.0060 -0.4117
vn -0.9113 -0.0061 -0.4117
vn -0.8346 -0.0766 -0.5455
vn -0.8333 0.0527 -0.5503
vn -0.9113 -0.0060 -0.4116
vn -0.5113 -0.0269 -0.8590
vn -0.8502 -0.1300 -0.5101
vn -0.8478 0.1088 -0.5190
vn -0.8732 -0.1645 -0.4588
vn -0.9113 -0.0061 -0.4116
vn -0.5315 -0.2443 -0.8111
vn -0.5845 -0.4252 -0.6911
vn -0.9000 -0.1748 -0.3994
vn -0.5269 0.1938 -0.8275
vn -0.6622 -0.5422 -0.5173
vn -0.7529 -0.5773 -0.3160
vn -0.9264 -0.1595 -0.3410
vn -0.8426 -0.5254 -0.1180
vn -0.9486 -0.1208 -0.2924
vn -0.9179 -0.3942 0.0465
vn -0.9631 -0.0646 -0.2611
vn -0.9671 -0.2037 0.1527
vn -0.9678 0.0005 -0.2518
vn -0.9828 0.0170 0.1841
vn -0.9618 0.0646 -0.2661
vn -0.9626 0.2343 0.1362
vn -0.9462 0.1180 -0.3014
vn -0.9095 0.4153 0.0162
vn -0.9232 0.1525 -0.3527
vn -0.8318 0.5322 -0.1576
vn -0.7411 0.5674 -0.3589
vn -0.8965 0.1628 -0.4121
vn -0.6514 0.5154 -0.5568
vn -0.8700 0.1476 -0.4705
vn -0.5761 0.3842 -0.7214
vn -0.8911 0.1878 0.4132
vn -0.8119 0.5346 0.2346
vn -0.9015 -0.2287 0.3674
vn -0.6780 0.7309 -0.0777
vn -0.9956 0.0937 -0.0070
vn -0.9547 0.2789 -0.1034
vn -0.5241 0.7310 -0.4370
vn -0.8840 0.3826 -0.2686
vn -0.9630 0.0827 -0.2566
vn -0.3902 0.5347 -0.7496
vn -0.8043 0.3827 -0.4546
vn -0.9066 0.1654 -0.3883
vn -0.7336 0.2789 -0.6196
vn -0.3134 0.1962 -0.9291
vn -0.8502 0.0827 -0.5200
vn -0.6938 0.1036 -0.7127
vn -0.3134 -0.1962 -0.9291
vn -0.6938 -0.1036 -0.7127
vn -0.9192 0.0000 -0.3937
vn -0.8502 -0.0827 -0.5200
vn -0.7336 -0.2789 -0.6196
vn -0.3902 -0.5347 -0.7496
vn -0.9066 -0.1654 -0.3883
vn -0.8043 -0.3828 -0.4545
vn -0.5242 -0.7309 -0.4370
vn -0.8891 -0.3817 -0.2527
vn -0.9685 -0.0986 -0.2286
vn -0.6864 -0.7240 -0.0682
vn -0.9914 -0.1054 -0.0771
vn -0.9647 -0.2294 -0.1297
vn -0.8294 -0.4950 0.2588
vn -0.3794 -0.9070 -0.1827
vn -0.4211 -0.9070 0.0000
vn -0.2625 -0.9070 -0.3292
vn -0.3794 -0.9070 0.1827
vn -0.0937 -0.9070 -0.4105
vn -0.2625 -0.9070 0.3292
vn 0.0937 -0.9070 -0.4105
vn -0.0937 -0.9070 0.4105
vn 0.2625 -0.9070 -0.3292
vn 0.0937 -0.9070 0.4105
vn 0.3794 -0.9070 -0.1827
vn 0.2625 -0.9070 0.3292
vn 0.4211 -0.9070 0.0000
vn 0.3794 -0.9070 0.1827
vn -0.3794 0.9070 -0.1827
vn -0.2625 0.9070 -0.3292
vn -0.4211 0.9070 0.0000
vn -0.0937 0.9070 -0.4105
vn -0.3794 0.9070 0.1827
vn 0.0937 0.9070 -0.4105
vn -0.2625 0.9070 0.3292
vn 0.2625 0.9070 -0.3292
vn -0.0937 0.9070 0.4105
vn 0.3794 0.9070 -0.1827
vn 0.0937 0.9070 0.4105
vn 0.4211 0.9070 0.0000
vn 0.3794 0.9070 0.1827
vn 0.2625 0.9070 0.3292
vn -0.0937 -0.9070 -0.4106
vn -0.0937 -0.9070 0.4106
vn -0.0937 0.9070 -0.4106
vn -0.0937 0.9070 0.4106
vn 0.0937 -0.9070 -0.4106
vn 0.0937 -0.9070 0.4106
vn 0.0937 0.9070 -0.4106
vn 0.0937 0.9070 0.4106
vn 0.5368 -0.4466 0.7158
vn 0.6483 -0.6101 0.4554
vn 0.4724 -0.1634 0.8661
vn 0.7770 -0.6102 0.1549
vn 0.4724 0.1634 0.8661
vn 0.8885 -0.4467 -0.1054
vn 0.5368 0.4466 0.7158
vn 0.9529 -0.1635 -0.2554
vn 0.6483 0.6101 0.4555
vn 0.9512 -0.1092 0.2887
vn 0.9529 0.1635 -0.2554
vn 0.9669 -0.0400 0.2520
vn 0.9239 -0.1491 0.3523
vn 0.9192 0.0000 0.3937
vn 0.8925 -0.1491 0.4257
vn 0.8652 -0.1092 0.4894
vn 0.8495 -0.0399 0.5261
vn 0.8495 0.0399 0.5261
vn 0.8652 0.1092 0.4894
vn 0.8925 0.1491 0.4257
vn 0.9239 0.1491 0.3523
vn 0.9669 0.0400 0.2520
vn 0.9512 0.1092 0.2887
vn 0.7770 0.6102 0.1549
vn 0.8885 0.4467 -0.1054
vn -0.0009 -0.0000 -1.0000
vn -0.1196 0.0000 -0.9928
vn -0.0013 -1.0000 -0.0005
vn -0.0014 -1.0000 -0.0005
vn -0.0013 -1.0000 -0.0004
vn -0.0014 -1.0000 -0.0004
vn -0.1131 0.0000 -0.9936
vn -0.6019 0.0000 -0.7986
vn -0.2026 0.0000 -0.9793
vn -0.8650 0.0000 -0.5018
vn -0.9370 0.2171 -0.2735
vn -0.9838 0.0860 -0.1576
vn -0.9239 0.0000 -0.3825
vn -0.8693 0.3701 -0.3278
vn -0.3577 0.9239 -0.1356
vn -0.9576 -0.1307 -0.2567
vn -0.9577 0.1309 -0.2564
vn -0.9359 0.0219 -0.3516
vn -0.8733 0.3827 -0.3014
vn -0.3618 0.9239 -0.1248
vn -0.3652 0.9239 -0.1139
vn -0.8563 0.4001 -0.3267
vn -0.8864 0.3701 -0.2780
vn -0.8716 0.0860 -0.4827
vn -0.9063 0.2171 -0.3626
vn -0.9904 0.0000 -0.1385
vn -0.9663 0.0000 0.2575
vn -0.9663 0.0000 0.2574
vn -0.7018 0.0000 0.7124
vn -0.7634 0.0000 0.6459
vn -0.9632 0.0000 -0.2687
vn -0.9121 0.1307 -0.3886
vn -0.9535 0.0226 -0.3007
vn -0.9120 -0.1309 -0.3888
vn -0.8783 0.3941 -0.2706
vn -0.8755 -0.4001 -0.2710
vn -0.9684 -0.1367 -0.2085
vn -0.9686 0.1386 -0.2066
vn -0.9453 0.0000 -0.3262
vn -0.8909 0.1367 -0.4331
vn -0.8899 -0.1386 -0.4347
vn -0.8563 -0.4001 -0.3267
vn -0.8845 -0.0003 0.4666
vn -0.8875 0.0015 0.4609
vn -0.8875 0.0015 0.4608
vn -0.9014 0.0031 0.4330
vn -0.7077 -0.0000 -0.7065
vn -0.9348 -0.0000 -0.3553
vn -0.9445 0.0000 -0.3285
vn -0.9445 -0.0000 -0.3285
vn -0.9928 -0.0000 0.1196
vn -0.9549 -0.0000 -0.2968
vn -0.9549 0.0000 -0.2968
vn -0.9461 -0.0000 -0.3239
vn -0.9461 0.0000 -0.3239
vn -0.7866 0.0000 -0.6175
vn -0.9630 0.0000 -0.2695
vn -0.9630 0.0001 -0.2695
vn -0.9630 -0.0000 -0.2695
vn -0.7866 -0.0000 -0.6175
vn -0.9630 -0.0001 -0.2695
vn 0.8711 0.0001 -0.4912
vn 0.8680 0.0008 -0.4965
vn 0.8711 0.0001 -0.4911
vn 0.8519 0.0015 -0.5237
vn 0.8519 0.0015 -0.5238
vn -0.4912 -0.0001 -0.8711
vn -0.4965 0.0003 -0.8680
vn -0.4911 -0.0001 -0.8711
vn -0.5236 0.0006 -0.8519
vn -0.5237 0.0006 -0.8519
vn 0.8711 0.0004 -0.4912
vn 0.8680 0.0011 -0.4965
vn 0.8519 0.0017 -0.5237
vn 0.8519 0.0017 -0.5238
vn -0.4965 0.0015 -0.8680
vn -0.5237 0.0031 -0.8519
vn 0.2679 0.0013 -0.9634
vn 0.2687 0.0013 -0.9632
vn 0.2210 0.0003 -0.9753
vn 0.2195 0.0003 -0.9756
vn 0.2685 0.0018 -0.9633
vn 0.2687 0.0018 -0.9632
vn 0.2199 0.0028 -0.9755
vn 0.2194 0.0028 -0.9756
vn 0.9665 0.0001 0.2567
vn 0.9632 0.0002 0.2687
vn 0.9633 0.0002 0.2685
vn 0.9665 0.0001 0.2566
vn 0.9696 -0.0006 0.2447
vn 0.9696 -0.0006 0.2446
vn 0.4612 0.0011 0.8873
vn 0.4327 0.0017 0.9015
vn 0.4327 0.0017 0.9016
vn -0.2957 0.0018 0.9553
vn -0.2955 0.0018 0.9553
vn -0.3432 0.0028 0.9392
vn -0.3437 0.0028 0.9391
vn -0.9242 -0.0000 -0.3818
vn -1.0000 -0.0000 0.0009
vn -0.9242 0.0000 -0.3818
vn 0.2821 0.0000 -0.9594
vn 0.4069 0.0000 -0.9135
vn -0.1132 -0.0017 -0.9936
vn 0.2820 -0.0022 -0.9594
vn 0.4070 -0.0014 -0.9134
vn 0.4070 -0.0047 -0.9134
vn 0.2806 -0.0039 -0.9598
vn -0.2068 0.0011 -0.9784
vn -0.3696 0.0000 0.9292
vn -0.2430 0.0000 0.9700
vn -0.7018 -0.0017 0.7123
vn -0.3697 -0.0022 0.9292
vn -0.2430 -0.0014 0.9700
vn -0.2429 -0.0047 0.9700
vn -0.3710 -0.0042 0.9286
vn -0.7662 0.0003 0.6426
vn 0.9632 0.0001 0.2686
vn 0.9665 0.0000 0.2566
vn 0.9632 -0.0000 0.2687
vn 0.9665 0.0002 0.2567
vn 0.9697 0.0001 0.2445
vn 0.9696 0.0002 0.2446
vn 0.9665 0.0003 0.2566
vn 0.9696 0.0003 0.2446
vn -0.0000 1.0000 0.0000
vn -0.3665 -0.9234 -0.1142
vn -0.3589 -0.9234 -0.1361
vn 0.1952 -0.9788 -0.0621
vn 0.3578 -0.9270 0.1126
vn 0.1423 -0.9610 -0.2372
vn -0.0211 -0.9600 -0.2792
vn 0.3511 -0.9268 0.1331
vn 0.1216 -0.9776 0.1716
vn -0.0241 -0.9607 0.2764
vn -0.1808 -0.9609 0.2095
vn -0.2099 -0.9771 0.0336
vn -0.3628 -0.9213 -0.1398
vn -0.3615 -0.9233 -0.1297
vn -0.3726 -0.9203 -0.1191
vn -0.1486 -0.9763 -0.1572
vn -0.8729 -0.0823 -0.4809
vn -0.9076 -0.2106 -0.3631
vn -0.9902 0.0014 -0.1394
vn -0.8835 -0.3789 -0.2753
vn -0.9801 0.1240 -0.1549
vn -0.9670 0.0018 0.2546
vn -0.8653 -0.3789 -0.3281
vn -0.8731 0.4802 0.0840
vn -0.7036 0.6766 -0.2171
vn -0.9457 0.1853 -0.2672
vn -0.7016 0.6782 -0.2186
vn -0.9379 0.1868 -0.2923
vn -0.6871 0.6782 -0.2606
vn -0.9186 0.1868 -0.3483
vn -0.6835 0.6773 -0.2720
vn -0.9374 -0.2153 -0.2736
vn -0.9839 -0.0837 -0.1578
vn -0.8654 0.0017 -0.5011
vn -0.9070 0.1882 -0.3769
vn -0.8657 0.1196 -0.4860
vn -0.6040 0.0026 -0.7970
vn -0.6345 0.4732 -0.6112
vn -0.9665 0.0006 -0.2566
vn -0.9632 -0.0001 -0.2686
vn -0.9697 0.0014 -0.2444
vn -0.9696 0.0014 -0.2445
vn -0.9665 0.0004 -0.2566
vn -0.9696 0.0013 -0.2447
vn -0.9665 0.0003 -0.2566
vn -0.7869 0.0014 -0.6171
vn -0.9903 0.0004 -0.1387
vn -0.9664 -0.0005 0.2570
vn -1.0000 0.0015 0.0006
vn -0.8651 0.0004 -0.5016
vn -0.6022 -0.0005 -0.7983
# 1956 vertex normals

vt 0.9771 0.9335 0.9335
vt 0.9771 0.7594 0.7594
vt 0.9785 0.9335 0.9335
vt 0.9785 0.7594 0.7594
vt 0.9595 0.9339 0.9339
vt 0.9609 0.7594 0.7594
vt 0.9609 0.9339 0.9339
vt 0.9595 0.7594 0.7594
vt 0.8447 0.7478 0.7478
vt 0.6704 0.7500 0.7500
vt 0.6704 0.7478 0.7478
vt 0.8447 0.7500 0.7500
vt 0.9360 0.4487 0.4487
vt 0.7617 0.4512 0.4512
vt 0.7617 0.4487 0.4487
vt 0.9360 0.4512 0.4512
vt 0.6265 0.2417 0.2417
vt 0.6182 0.2417 0.2417
vt 0.6265 0.2407 0.2407
vt 0.6182 0.2407 0.2407
vt 0.6265 0.2373 0.2373
vt 0.6182 0.2373 0.2373
vt 0.6182 0.2358 0.2358
vt 0.6265 0.2358 0.2358
vt 0.4417 0.3491 0.3491
vt 0.4417 0.3525 0.3525
vt 0.4385 0.3491 0.3491
vt 0.4385 0.3525 0.3525
vt 0.4355 0.3491 0.3491
vt 0.4355 0.3525 0.3525
vt 0.4324 0.3491 0.3491
vt 0.4324 0.3521 0.3521
vt 0.4290 0.3491 0.3491
vt 0.4290 0.3525 0.3525
vt 0.4114 0.3555 0.3555
vt 0.4026 0.3555 0.3555
vt 0.4109 0.3545 0.3545
vt 0.4026 0.3545 0.3545
vt 0.4109 0.3511 0.3511
vt 0.4026 0.3511 0.3511
vt 0.4026 0.3501 0.3501
vt 0.4114 0.3501 0.3501
vt 0.3870 0.3535 0.3535
vt 0.3784 0.3535 0.3535
vt 0.3867 0.3525 0.3525
vt 0.3784 0.3525 0.3525
vt 0.3867 0.3491 0.3491
vt 0.3784 0.3491 0.3491
vt 0.3784 0.3481 0.3481
vt 0.3870 0.3481 0.3481
vt 0.6646 0.0303 0.0303
vt 0.6646 0.0337 0.0337
vt 0.6616 0.0303 0.0303
vt 0.6616 0.0337 0.0337
vt 0.6587 0.0303 0.0303
vt 0.6587 0.0337 0.0337
vt 0.6558 0.0303 0.0303
vt 0.6558 0.0337 0.0337
vt 0.6519 0.0303 0.0303
vt 0.6519 0.0337 0.0337
vt 0.7168 0.1084 0.1084
vt 0.7168 0.0732 0.0732
vt 0.7183 0.1084 0.1084
vt 0.7183 0.0737 0.0737
vt 0.7217 0.1084 0.1084
vt 0.7217 0.0737 0.0737
vt 0.7227 0.0732 0.0732
vt 0.7227 0.1084 0.1084
vt 0.7822 0.1396 0.1396
vt 0.7822 0.1563 0.1563
vt 0.7817 0.1396 0.1396
vt 0.7817 0.1563 0.1563
vt 0.7808 0.1396 0.1396
vt 0.7808 0.1563 0.1563
vt 0.7803 0.1396 0.1396
vt 0.7803 0.1563 0.1563
vt 0.7798 0.1396 0.1396
vt 0.7798 0.1563 0.1563
vt 0.7788 0.1396 0.1396
vt 0.7788 0.1563 0.1563
vt 0.7783 0.1396 0.1396
vt 0.7783 0.1563 0.1563
vt 0.7778 0.1396 0.1396
vt 0.7778 0.1563 0.1563
vt 0.7769 0.1396 0.1396
vt 0.7769 0.1563 0.1563
vt 0.7764 0.1396 0.1396
vt 0.7764 0.1563 0.1563
vt 0.7759 0.1396 0.1396
vt 0.7759 0.1563 0.1563
vt 0.7754 0.1396 0.1396
vt 0.7754 0.1563 0.1563
vt 0.7744 0.1396 0.1396
vt 0.7744 0.1563 0.1563
vt 0.7739 0.1396 0.1396
vt 0.7739 0.1563 0.1563
vt 0.7734 0.1396 0.1396
vt 0.7734 0.1563 0.1563
vt 0.8638 0.0068 0.0068
vt 0.8638 0.0234 0.0234
vt 0.8633 0.0068 0.0068
vt 0.8633 0.0234 0.0234
vt 0.8623 0.0068 0.0068
vt 0.8623 0.0234 0.0234
vt 0.8618 0.0068 0.0068
vt 0.8618 0.0234 0.0234
vt 0.8613 0.0068 0.0068
vt 0.8613 0.0234 0.0234
vt 0.8604 0.0068 0.0068
vt 0.8604 0.0234 0.0234
vt 0.8599 0.0068 0.0068
vt 0.8599 0.0234 0.0234
vt 0.8594 0.0068 0.0068
vt 0.8594 0.0234 0.0234
vt 0.8584 0.0068 0.0068
vt 0.8584 0.0234 0.0234
vt 0.8579 0.0068 0.0068
vt 0.8579 0.0234 0.0234
vt 0.8574 0.0068 0.0068
vt 0.8574 0.0234 0.0234
vt 0.8564 0.0068 0.0068
vt 0.8564 0.0234 0.0234
vt 0.8560 0.0068 0.0068
vt 0.8560 0.0234 0.0234
vt 0.8555 0.0068 0.0068
vt 0.8555 0.0234 0.0234
vt 0.8545 0.0068 0.0068
vt 0.8550 0.0234 0.0234
vt 0.9004 0.1494 0.1494
vt 0.8955 0.1494 0.1494
vt 0.9004 0.1470 0.1470
vt 0.8955 0.1470 0.1470
vt 0.9004 0.0625 0.0625
vt 0.8955 0.0620 0.0620
vt 0.4036 0.3027 0.3027
vt 0.4036 0.2866 0.2866
vt 0.4043 0.3027 0.3027
vt 0.4043 0.2866 0.2866
vt 0.4050 0.3027 0.3027
vt 0.4050 0.2866 0.2866
vt 0.4055 0.3027 0.3027
vt 0.4055 0.2866 0.2866
vt 0.4063 0.3027 0.3027
vt 0.4063 0.2866 0.2866
vt 0.4070 0.3027 0.3027
vt 0.4070 0.2866 0.2866
vt 0.4075 0.3027 0.3027
vt 0.4075 0.2866 0.2866
vt 0.4082 0.3027 0.3027
vt 0.4082 0.2866 0.2866
vt 0.4087 0.3027 0.3027
vt 0.4087 0.2866 0.2866
vt 0.4094 0.3027 0.3027
vt 0.4094 0.2866 0.2866
vt 0.4102 0.3027 0.3027
vt 0.4102 0.2866 0.2866
vt 0.4106 0.3027 0.3027
vt 0.4106 0.2866 0.2866
vt 0.4114 0.3027 0.3027
vt 0.4114 0.2866 0.2866
vt 0.4121 0.3027 0.3027
vt 0.4121 0.2866 0.2866
vt 0.4126 0.3027 0.3027
vt 0.4126 0.2866 0.2866
vt 0.3784 0.3008 0.3008
vt 0.3784 0.2847 0.2847
vt 0.3792 0.3008 0.3008
vt 0.3792 0.2847 0.2847
vt 0.3796 0.3008 0.3008
vt 0.3796 0.2847 0.2847
vt 0.3804 0.3008 0.3008
vt 0.3804 0.2847 0.2847
vt 0.3811 0.3008 0.3008
vt 0.3811 0.2847 0.2847
vt 0.3816 0.3008 0.3008
vt 0.3816 0.2847 0.2847
vt 0.3823 0.3008 0.3008
vt 0.3823 0.2847 0.2847
vt 0.3831 0.3008 0.3008
vt 0.3831 0.2847 0.2847
vt 0.3835 0.3008 0.3008
vt 0.3835 0.2847 0.2847
vt 0.3843 0.3008 0.3008
vt 0.3843 0.2847 0.2847
vt 0.3848 0.3008 0.3008
vt 0.3848 0.2847 0.2847
vt 0.3855 0.3008 0.3008
vt 0.3855 0.2847 0.2847
vt 0.3862 0.3008 0.3008
vt 0.3862 0.2847 0.2847
vt 0.3867 0.3008 0.3008
vt 0.3867 0.2847 0.2847
vt 0.3875 0.3008 0.3008
vt 0.3875 0.2847 0.2847
vt 0.4036 0.3345 0.3345
vt 0.4036 0.3184 0.3184
vt 0.4043 0.3345 0.3345
vt 0.4043 0.3184 0.3184
vt 0.4050 0.3345 0.3345
vt 0.4050 0.3184 0.3184
vt 0.4055 0.3345 0.3345
vt 0.4055 0.3184 0.3184
vt 0.4063 0.3345 0.3345
vt 0.4063 0.3184 0.3184
vt 0.4070 0.3345 0.3345
vt 0.4070 0.3184 0.3184
vt 0.4075 0.3345 0.3345
vt 0.4075 0.3184 0.3184
vt 0.4082 0.3345 0.3345
vt 0.4082 0.3184 0.3184
vt 0.4087 0.3345 0.3345
vt 0.4087 0.3184 0.3184
vt 0.4094 0.3345 0.3345
vt 0.4094 0.3184 0.3184
vt 0.4102 0.3345 0.3345
vt 0.4102 0.3184 0.3184
vt 0.4106 0.3345 0.3345
vt 0.4106 0.3184 0.3184
vt 0.4114 0.3345 0.3345
vt 0.4114 0.3184 0.3184
vt 0.4121 0.3345 0.3345
vt 0.4121 0.3184 0.3184
vt 0.4126 0.3345 0.3345
vt 0.4126 0.3184 0.3184
vt 0.6230 0.0908 0.0908
vt 0.6230 0.0742 0.0742
vt 0.6235 0.0908 0.0908
vt 0.6235 0.0742 0.0742
vt 0.6240 0.0908 0.0908
vt 0.6240 0.0742 0.0742
vt 0.6250 0.0908 0.0908
vt 0.6250 0.0742 0.0742
vt 0.6255 0.0908 0.0908
vt 0.6255 0.0742 0.0742
vt 0.6260 0.0908 0.0908
vt 0.6260 0.0742 0.0742
vt 0.6265 0.0908 0.0908
vt 0.6265 0.0742 0.0742
vt 0.6274 0.0908 0.0908
vt 0.6274 0.0742 0.0742
vt 0.6279 0.0908 0.0908
vt 0.6279 0.0742 0.0742
vt 0.6284 0.0908 0.0908
vt 0.6284 0.0742 0.0742
vt 0.6294 0.0908 0.0908
vt 0.6294 0.0742 0.0742
vt 0.6299 0.0908 0.0908
vt 0.6299 0.0742 0.0742
vt 0.6304 0.0908 0.0908
vt 0.6304 0.0742 0.0742
vt 0.6313 0.0908 0.0908
vt 0.6313 0.0742 0.0742
vt 0.6318 0.0908 0.0908
vt 0.6318 0.0742 0.0742
vt 0.3784 0.3325 0.3325
vt 0.3784 0.3164 0.3164
vt 0.3792 0.3325 0.3325
vt 0.3792 0.3164 0.3164
vt 0.3796 0.3325 0.3325
vt 0.3796 0.3164 0.3164
vt 0.3804 0.3325 0.3325
vt 0.3804 0.3164 0.3164
vt 0.3811 0.3325 0.3325
vt 0.3811 0.3164 0.3164
vt 0.3816 0.3325 0.3325
vt 0.3816 0.3164 0.3164
vt 0.3823 0.3325 0.3325
vt 0.3823 0.3164 0.3164
vt 0.3831 0.3325 0.3325
vt 0.3831 0.3164 0.3164
vt 0.3835 0.3325 0.3325
vt 0.3835 0.3164 0.3164
vt 0.3843 0.3325 0.3325
vt 0.3843 0.3164 0.3164
vt 0.3848 0.3325 0.3325
vt 0.3848 0.3164 0.3164
vt 0.3855 0.3325 0.3325
vt 0.3855 0.3164 0.3164
vt 0.3862 0.3325 0.3325
vt 0.3862 0.3164 0.3164
vt 0.3867 0.3325 0.3325
vt 0.3867 0.3164 0.3164
vt 0.3875 0.3325 0.3325
vt 0.3875 0.3164 0.3164
vt 0.6382 0.3232 0.3232
vt 0.6382 0.3066 0.3066
vt 0.6392 0.3232 0.3232
vt 0.6392 0.3066 0.3066
vt 0.6396 0.3232 0.3232
vt 0.6396 0.3066 0.3066
vt 0.6401 0.3232 0.3232
vt 0.6401 0.3066 0.3066
vt 0.6411 0.3232 0.3232
vt 0.6411 0.3066 0.3066
vt 0.6416 0.3232 0.3232
vt 0.6416 0.3066 0.3066
vt 0.6421 0.3232 0.3232
vt 0.6421 0.3066 0.3066
vt 0.6431 0.3232 0.3232
vt 0.6431 0.3066 0.3066
vt 0.6436 0.3232 0.3232
vt 0.6436 0.3066 0.3066
vt 0.6440 0.3232 0.3232
vt 0.6440 0.3066 0.3066
vt 0.6450 0.3232 0.3232
vt 0.6450 0.3066 0.3066
vt 0.6455 0.3232 0.3232
vt 0.6455 0.3066 0.3066
vt 0.6460 0.3232 0.3232
vt 0.6460 0.3066 0.3066
vt 0.6465 0.3232 0.3232
vt 0.6465 0.3066 0.3066
vt 0.6475 0.3232 0.3232
vt 0.6475 0.3066 0.3066
vt 0.6450 0.3438 0.3438
vt 0.6362 0.3438 0.3438
vt 0.6445 0.3428 0.3428
vt 0.6362 0.3428 0.3428
vt 0.6445 0.3394 0.3394
vt 0.6362 0.3394 0.3394
vt 0.6362 0.3384 0.3384
vt 0.6450 0.3384 0.3384
vt 0.5986 0.3467 0.3467
vt 0.5898 0.3467 0.3467
vt 0.5981 0.3457 0.3457
vt 0.5898 0.3457 0.3457
vt 0.5981 0.3423 0.3423
vt 0.5898 0.3423 0.3423
vt 0.5898 0.3408 0.3408
vt 0.5986 0.3408 0.3408
vt 0.0798 0.5703 0.5703
vt 0.0815 0.5706 0.5706
vt 0.0797 0.5718 0.5718
vt 0.0815 0.5723 0.5723
vt 0.0797 0.6997 0.6997
vt 0.0816 0.6997 0.6997
vt 0.0816 0.7012 0.7012
vt 0.0797 0.7012 0.7012
vt 0.5356 0.4336 0.4336
vt 0.5356 0.4316 0.4316
vt 0.5371 0.4336 0.4336
vt 0.5371 0.4316 0.4316
vt 0.6182 0.4336 0.4336
vt 0.6182 0.4316 0.4316
vt 0.6201 0.4336 0.4336
vt 0.6201 0.4316 0.4316
vt 0.6782 0.4800 0.4800
vt 0.6802 0.4800 0.4800
vt 0.6782 0.4814 0.4814
vt 0.6797 0.4814 0.4814
vt 0.6782 0.6079 0.6079
vt 0.6802 0.6079 0.6079
vt 0.6802 0.6094 0.6094
vt 0.6782 0.6094 0.6094
vt 0.5376 0.5376 0.5376
vt 0.5376 0.5356 0.5356
vt 0.5391 0.5376 0.5376
vt 0.5391 0.5356 0.5356
vt 0.6133 0.5376 0.5376
vt 0.6133 0.5356 0.5356
vt 0.6147 0.5356 0.5356
vt 0.6147 0.5376 0.5376
vt 0.5493 0.4858 0.4858
vt 0.5493 0.4839 0.4839
vt 0.5508 0.4858 0.4858
vt 0.5508 0.4839 0.4839
vt 0.6348 0.4858 0.4858
vt 0.6348 0.4839 0.4839
vt 0.5444 0.3989 0.3989
vt 0.5444 0.3970 0.3970
vt 0.5459 0.3989 0.3989
vt 0.5459 0.3970 0.3970
vt 0.6289 0.3989 0.3989
vt 0.6289 0.3970 0.3970
vt 0.8081 0.2324 0.2324
vt 0.8052 0.2358 0.2358
vt 0.8052 0.2324 0.2324
vt 0.8081 0.2358 0.2358
vt 0.8096 0.2324 0.2324
vt 0.8096 0.2358 0.2358
vt 0.8442 0.2358 0.2358
vt 0.8442 0.2324 0.2324
vt 0.8457 0.2324 0.2324
vt 0.8457 0.2358 0.2358
vt 0.8486 0.2358 0.2358
vt 0.8486 0.2324 0.2324
vt 0.4900 0.4087 0.4087
vt 0.4934 0.4116 0.4116
vt 0.4900 0.4116 0.4116
vt 0.4934 0.4087 0.4087
vt 0.4900 0.4058 0.4058
vt 0.4934 0.4058 0.4058
vt 0.4934 0.4028 0.4028
vt 0.4902 0.4028 0.4028
vt 0.4900 0.3994 0.3994
vt 0.4934 0.3994 0.3994
vt 0.5498 0.2378 0.2378
vt 0.5415 0.2368 0.2368
vt 0.5498 0.2368 0.2368
vt 0.5415 0.2378 0.2378
vt 0.5498 0.2412 0.2412
vt 0.5415 0.2412 0.2412
vt 0.5415 0.2427 0.2427
vt 0.5498 0.2427 0.2427
vt 0.7217 0.1831 0.1831
vt 0.7227 0.1479 0.1479
vt 0.7227 0.1836 0.1836
vt 0.7217 0.1484 0.1484
vt 0.7183 0.1831 0.1831
vt 0.7183 0.1484 0.1484
vt 0.7168 0.1479 0.1479
vt 0.7168 0.1836 0.1836
vt 0.5474 0.1528 0.1528
vt 0.5444 0.1494 0.1494
vt 0.5479 0.1494 0.1494
vt 0.5444 0.1528 0.1528
vt 0.5479 0.1558 0.1558
vt 0.5444 0.1558 0.1558
vt 0.5444 0.1592 0.1592
vt 0.5479 0.1592 0.1592
vt 0.5479 0.1621 0.1621
vt 0.5444 0.1621 0.1621
vt 0.4106 0.2358 0.2358
vt 0.4075 0.2393 0.2393
vt 0.4075 0.2358 0.2358
vt 0.4106 0.2393 0.2393
vt 0.4121 0.2358 0.2358
vt 0.4121 0.2393 0.2393
vt 0.4465 0.2393 0.2393
vt 0.4465 0.2358 0.2358
vt 0.4480 0.2358 0.2358
vt 0.4480 0.2393 0.2393
vt 0.4512 0.2393 0.2393
vt 0.4512 0.2358 0.2358
vt 0.8799 0.1021 0.1021
vt 0.8760 0.1016 0.1016
vt 0.8799 0.1016 0.1016
vt 0.8760 0.1021 0.1021
vt 0.8799 0.1030 0.1030
vt 0.8760 0.1030 0.1030
vt 0.8799 0.1035 0.1035
vt 0.8760 0.1035 0.1035
vt 0.8799 0.1045 0.1045
vt 0.8760 0.1045 0.1045
vt 0.8760 0.1050 0.1050
vt 0.8799 0.1050 0.1050
vt 0.8760 0.1060 0.1060
vt 0.8799 0.1060 0.1060
vt 0.8799 0.1064 0.1064
vt 0.8760 0.1064 0.1064
vt 0.8799 0.1074 0.1074
vt 0.8760 0.1074 0.1074
vt 0.8760 0.1084 0.1084
vt 0.8799 0.1084 0.1084
vt 0.8760 0.1089 0.1089
vt 0.8799 0.1089 0.1089
vt 0.8760 0.1099 0.1099
vt 0.8799 0.1099 0.1099
vt 0.8760 0.1104 0.1104
vt 0.8799 0.1104 0.1104
vt 0.8799 0.1113 0.1113
vt 0.8760 0.1113 0.1113
vt 0.8799 0.1118 0.1118
vt 0.8760 0.1118 0.1118
vt 0.8760 0.1128 0.1128
vt 0.8799 0.1128 0.1128
vt 0.8760 0.1138 0.1138
vt 0.8799 0.1138 0.1138
vt 0.7764 0.2749 0.2749
vt 0.7764 0.2686 0.2686
vt 0.7773 0.2749 0.2749
vt 0.7773 0.2686 0.2686
vt 0.7764 0.2661 0.2661
vt 0.7773 0.2661 0.2661
vt 0.7773 0.2598 0.2598
vt 0.7764 0.2598 0.2598
vt 0.9258 0.3457 0.3457
vt 0.9321 0.3457 0.3457
vt 0.9258 0.3472 0.3472
vt 0.9321 0.3472 0.3472
vt 0.9341 0.3457 0.3457
vt 0.9341 0.3472 0.3472
vt 0.9404 0.3472 0.3472
vt 0.9404 0.3457 0.3457
vt 0.4661 0.5144 0.5144
vt 0.4648 0.5120 0.5120
vt 0.4661 0.5120 0.5120
vt 0.4648 0.5144 0.5144
vt 0.4661 0.5208 0.5208
vt 0.4648 0.5208 0.5208
vt 0.4648 0.5232 0.5232
vt 0.4661 0.5232 0.5232
vt 0.4971 0.4878 0.4878
vt 0.4961 0.4854 0.4854
vt 0.4971 0.4854 0.4854
vt 0.4961 0.4878 0.4878
vt 0.4971 0.4941 0.4941
vt 0.4958 0.4941 0.4941
vt 0.4958 0.4966 0.4966
vt 0.4971 0.4966 0.4966
vt 0.4297 0.3301 0.3301
vt 0.4290 0.3335 0.3335
vt 0.4290 0.3301 0.3301
vt 0.4297 0.3335 0.3335
vt 0.4304 0.3301 0.3301
vt 0.4304 0.3335 0.3335
vt 0.4312 0.3301 0.3301
vt 0.4312 0.3335 0.3335
vt 0.4319 0.3335 0.3335
vt 0.4319 0.3301 0.3301
vt 0.4326 0.3335 0.3335
vt 0.4326 0.3301 0.3301
vt 0.4336 0.3301 0.3301
vt 0.4336 0.3335 0.3335
vt 0.4343 0.3301 0.3301
vt 0.4343 0.3335 0.3335
vt 0.4351 0.3335 0.3335
vt 0.4351 0.3301 0.3301
vt 0.4358 0.3335 0.3335
vt 0.4358 0.3301 0.3301
vt 0.4365 0.3335 0.3335
vt 0.4365 0.3301 0.3301
vt 0.4373 0.3335 0.3335
vt 0.4373 0.3301 0.3301
vt 0.4380 0.3301 0.3301
vt 0.4380 0.3335 0.3335
vt 0.4387 0.3301 0.3301
vt 0.4387 0.3335 0.3335
vt 0.4397 0.3335 0.3335
vt 0.4397 0.3301 0.3301
vt 0.4404 0.3335 0.3335
vt 0.4404 0.3301 0.3301
vt 0.4412 0.3301 0.3301
vt 0.4412 0.3335 0.3335
vt 0.6890 0.2319 0.2319
vt 0.6890 0.2256 0.2256
vt 0.6899 0.2319 0.2319
vt 0.6899 0.2256 0.2256
vt 0.6890 0.2231 0.2231
vt 0.6899 0.2231 0.2231
vt 0.6899 0.2168 0.2168
vt 0.6890 0.2168 0.2168
vt 0.4629 0.4282 0.4282
vt 0.4692 0.4282 0.4282
vt 0.4629 0.4292 0.4292
vt 0.4692 0.4292 0.4292
vt 0.4714 0.4282 0.4282
vt 0.4714 0.4292 0.4292
vt 0.4778 0.4292 0.4292
vt 0.4778 0.4282 0.4282
vt 0.4971 0.5142 0.5142
vt 0.4958 0.5117 0.5117
vt 0.4971 0.5117 0.5117
vt 0.4958 0.5142 0.5142
vt 0.4971 0.5205 0.5205
vt 0.4958 0.5205 0.5205
vt 0.4958 0.5227 0.5227
vt 0.4971 0.5227 0.5227
vt 0.4783 0.4946 0.4946
vt 0.4795 0.4971 0.4971
vt 0.4783 0.4971 0.4971
vt 0.4795 0.4946 0.4946
vt 0.4783 0.4883 0.4883
vt 0.4797 0.4883 0.4883
vt 0.4797 0.4858 0.4858
vt 0.4783 0.4858 0.4858
vt 0.4150 0.1040 0.1040
vt 0.4143 0.1074 0.1074
vt 0.4143 0.1040 0.1040
vt 0.4150 0.1074 0.1074
vt 0.4158 0.1040 0.1040
vt 0.4158 0.1074 0.1074
vt 0.4167 0.1040 0.1040
vt 0.4167 0.1074 0.1074
vt 0.4175 0.1040 0.1040
vt 0.4175 0.1074 0.1074
vt 0.4182 0.1074 0.1074
vt 0.4182 0.1040 0.1040
vt 0.4189 0.1074 0.1074
vt 0.4189 0.1040 0.1040
vt 0.4197 0.1040 0.1040
vt 0.4197 0.1074 0.1074
vt 0.4204 0.1040 0.1040
vt 0.4204 0.1074 0.1074
vt 0.4211 0.1074 0.1074
vt 0.4211 0.1040 0.1040
vt 0.4219 0.1074 0.1074
vt 0.4219 0.1040 0.1040
vt 0.4229 0.1074 0.1074
vt 0.4229 0.1040 0.1040
vt 0.4236 0.1074 0.1074
vt 0.4236 0.1040 0.1040
vt 0.4243 0.1040 0.1040
vt 0.4243 0.1074 0.1074
vt 0.4250 0.1040 0.1040
vt 0.4250 0.1074 0.1074
vt 0.4258 0.1074 0.1074
vt 0.4258 0.1040 0.1040
vt 0.4265 0.1074 0.1074
vt 0.4265 0.1040 0.1040
vt 0.7744 0.1865 0.1865
vt 0.7744 0.1802 0.1802
vt 0.7754 0.1865 0.1865
vt 0.7754 0.1802 0.1802
vt 0.7744 0.1777 0.1777
vt 0.7754 0.1777 0.1777
vt 0.7754 0.1714 0.1714
vt 0.7744 0.1714 0.1714
vt 0.9517 0.4502 0.4502
vt 0.9580 0.4502 0.4502
vt 0.9517 0.4512 0.4512
vt 0.9580 0.4512 0.4512
vt 0.9604 0.4502 0.4502
vt 0.9604 0.4512 0.4512
vt 0.9668 0.4512 0.4512
vt 0.9668 0.4502 0.4502
vt 0.4680 0.5803 0.5803
vt 0.4668 0.5781 0.5781
vt 0.4680 0.5781 0.5781
vt 0.4668 0.5803 0.5803
vt 0.4680 0.5867 0.5867
vt 0.4668 0.5867 0.5867
vt 0.4668 0.5891 0.5891
vt 0.4680 0.5891 0.5891
vt 0.4951 0.4321 0.4321
vt 0.4941 0.4297 0.4297
vt 0.4951 0.4297 0.4297
vt 0.4941 0.4321 0.4321
vt 0.4951 0.4385 0.4385
vt 0.4939 0.4385 0.4385
vt 0.4939 0.4409 0.4409
vt 0.4951 0.4409 0.4409
vt 0.9116 0.7704 0.7704
vt 0.9136 0.7654 0.7654
vt 0.9136 0.7705 0.7705
vt 0.9116 0.7654 0.7654
vt 0.7524 0.7704 0.7704
vt 0.7524 0.7654 0.7654
vt 0.6538 0.7705 0.7705
vt 0.6538 0.7654 0.7654
vt 0.5552 0.7705 0.7705
vt 0.5552 0.7654 0.7654
vt 0.3965 0.7705 0.7705
vt 0.3962 0.7655 0.7655
vt 0.3940 0.7655 0.7655
vt 0.3940 0.7706 0.7706
vt 0.7578 0.7858 0.7858
vt 0.9233 0.7858 0.7858
vt 0.9233 0.7909 0.7909
vt 0.7578 0.7909 0.7909
vt 0.5591 0.7858 0.7858
vt 0.5591 0.7909 0.7909
vt 0.3940 0.7909 0.7909
vt 0.3940 0.7859 0.7859
vt 0.6201 0.8612 0.8612
vt 0.6011 0.8564 0.8564
vt 0.6211 0.8571 0.8571
vt 0.6016 0.8613 0.8613
vt 0.4211 0.8668 0.8668
vt 0.4214 0.8717 0.8717
vt 0.2206 0.8717 0.8717
vt 0.2208 0.8668 0.8668
vt 0.0403 0.8613 0.8613
vt 0.0407 0.8564 0.8564
vt 0.0217 0.8615 0.8615
vt 0.0205 0.8574 0.8574
vt 0.6958 0.3354 0.3354
vt 0.8672 0.3315 0.3315
vt 0.8672 0.3354 0.3354
vt 0.6958 0.3315 0.3315
vt 0.6948 0.3354 0.3354
vt 0.6948 0.3315 0.3315
vt 0.9634 0.3726 0.3726
vt 0.9619 0.3687 0.3687
vt 0.9629 0.3687 0.3687
vt 0.9619 0.3726 0.3726
vt 0.7925 0.3721 0.3721
vt 0.7925 0.3765 0.3765
vt 0.6958 0.3726 0.3726
vt 0.6958 0.3687 0.3687
vt 0.6948 0.3726 0.3726
vt 0.6948 0.3687 0.3687
vt 0.6948 0.2891 0.2891
vt 0.6938 0.2930 0.2930
vt 0.6938 0.2891 0.2891
vt 0.6948 0.2930 0.2930
vt 0.8643 0.2925 0.2925
vt 0.8643 0.2969 0.2969
vt 0.9614 0.2930 0.2930
vt 0.9609 0.2891 0.2891
vt 0.9624 0.2930 0.2930
vt 0.9624 0.2891 0.2891
vt 0.7915 0.4307 0.4307
vt 0.6763 0.4336 0.4336
vt 0.6763 0.4307 0.4307
vt 0.7915 0.4336 0.4336
vt 0.9458 0.4307 0.4307
vt 0.9458 0.4336 0.4336
vt 0.0236 0.6870 0.6870
vt 0.0207 0.5715 0.5715
vt 0.0238 0.5715 0.5715
vt 0.0205 0.6870 0.6870
vt 0.0237 0.8408 0.8408
vt 0.0207 0.8408 0.8408
vt 0.8999 0.3462 0.3462
vt 0.8965 0.3491 0.3491
vt 0.8965 0.3457 0.3457
vt 0.8999 0.3491 0.3491
vt 0.9028 0.3457 0.3457
vt 0.9028 0.3491 0.3491
vt 0.9063 0.3491 0.3491
vt 0.9063 0.3457 0.3457
vt 0.9092 0.3457 0.3457
vt 0.9092 0.3491 0.3491
vt 0.4707 0.4038 0.4038
vt 0.4707 0.3999 0.3999
vt 0.4741 0.3999 0.3999
vt 0.4739 0.4038 0.4038
vt 0.4707 0.4067 0.4067
vt 0.4741 0.4067 0.4067
vt 0.4707 0.4097 0.4097
vt 0.4741 0.4097 0.4097
vt 0.4707 0.4126 0.4126
vt 0.4741 0.4126 0.4126
vt 0.5938 0.2173 0.2173
vt 0.5908 0.2207 0.2207
vt 0.5908 0.2173 0.2173
vt 0.5938 0.2207 0.2207
vt 0.5952 0.2173 0.2173
vt 0.5952 0.2207 0.2207
vt 0.6299 0.2173 0.2173
vt 0.6299 0.2207 0.2207
vt 0.6313 0.2173 0.2173
vt 0.6313 0.2207 0.2207
vt 0.6343 0.2207 0.2207
vt 0.6343 0.2173 0.2173
vt 0.4373 0.3101 0.3101
vt 0.4290 0.3091 0.3091
vt 0.4375 0.3091 0.3091
vt 0.4290 0.3101 0.3101
vt 0.4373 0.3135 0.3135
vt 0.4290 0.3135 0.3135
vt 0.4290 0.3149 0.3149
vt 0.4375 0.3149 0.3149
vt 0.4490 0.1074 0.1074
vt 0.4502 0.0728 0.0728
vt 0.4502 0.1079 0.1079
vt 0.4490 0.0732 0.0732
vt 0.4456 0.1074 0.1074
vt 0.4456 0.0732 0.0732
vt 0.4443 0.0728 0.0728
vt 0.4443 0.1079 0.1079
vt 0.5444 0.1899 0.1899
vt 0.5479 0.1870 0.1870
vt 0.5479 0.1899 0.1899
vt 0.5444 0.1870 0.1870
vt 0.5479 0.1836 0.1836
vt 0.5444 0.1836 0.1836
vt 0.5474 0.1807 0.1807
vt 0.5444 0.1807 0.1807
vt 0.5444 0.1772 0.1772
vt 0.5479 0.1772 0.1772
vt 0.4373 0.2896 0.2896
vt 0.4290 0.2881 0.2881
vt 0.4375 0.2881 0.2881
vt 0.4290 0.2896 0.2896
vt 0.4373 0.2930 0.2930
vt 0.4290 0.2930 0.2930
vt 0.4290 0.2939 0.2939
vt 0.4375 0.2939 0.2939
vt 0.5278 0.1885 0.1885
vt 0.5259 0.1489 0.1489
vt 0.5278 0.1489 0.1489
vt 0.5259 0.1885 0.1885
vt 0.5278 0.1899 0.1899
vt 0.5259 0.1899 0.1899
vt 0.8843 0.3286 0.3286
vt 0.8853 0.3306 0.3306
vt 0.8838 0.3306 0.3306
vt 0.8857 0.3286 0.3286
vt 0.9482 0.3306 0.3306
vt 0.9482 0.3286 0.3286
vt 0.9497 0.3306 0.3306
vt 0.9497 0.3286 0.3286
vt 0.7510 0.8062 0.8062
vt 0.7490 0.8076 0.8076
vt 0.7490 0.8062 0.8062
vt 0.7510 0.8075 0.8075
vt 0.7490 0.8815 0.8815
vt 0.7505 0.8815 0.8815
vt 0.7510 0.8831 0.8831
vt 0.7490 0.8830 0.8830
vt 0.8032 0.8708 0.8708
vt 0.8052 0.8718 0.8718
vt 0.8032 0.8723 0.8723
vt 0.8052 0.8704 0.8704
vt 0.8032 0.8076 0.8076
vt 0.8052 0.8076 0.8076
vt 0.8052 0.8062 0.8062
vt 0.8032 0.8062 0.8062
vt 0.0815 0.7178 0.7178
vt 0.0797 0.7166 0.7166
vt 0.0815 0.7166 0.7166
vt 0.0797 0.7180 0.7180
vt 0.0816 0.7919 0.7919
vt 0.0797 0.7920 0.7920
vt 0.0797 0.7933 0.7933
vt 0.0816 0.7933 0.7933
vt 0.6211 0.3086 0.3086
vt 0.6221 0.3066 0.3066
vt 0.6226 0.3086 0.3086
vt 0.6206 0.3066 0.3066
vt 0.4934 0.3086 0.3086
vt 0.4934 0.3066 0.3066
vt 0.4919 0.3086 0.3086
vt 0.4919 0.3066 0.3066
vt 0.4172 0.0303 0.0303
vt 0.4187 0.0322 0.0322
vt 0.4172 0.0322 0.0322
vt 0.4187 0.0303 0.0303
vt 0.5044 0.0322 0.0322
vt 0.5044 0.0303 0.0303
vt 0.5059 0.0303 0.0303
vt 0.5059 0.0322 0.0322
vt 0.5073 0.0303 0.0303
vt 0.5073 0.0322 0.0322
vt 0.6343 0.0303 0.0303
vt 0.6343 0.0322 0.0322
vt 0.6357 0.0317 0.0317
vt 0.6357 0.0303 0.0303
vt 0.7158 0.8075 0.8075
vt 0.7139 0.8062 0.8062
vt 0.7158 0.8062 0.8062
vt 0.7139 0.8076 0.8076
vt 0.7158 0.8889 0.8889
vt 0.7139 0.8888 0.8888
vt 0.7139 0.8903 0.8903
vt 0.7158 0.8903 0.8903
vt 0.6807 0.8075 0.8075
vt 0.6792 0.8063 0.8063
vt 0.6807 0.8062 0.8062
vt 0.6792 0.8077 0.8077
vt 0.6812 0.8887 0.8887
vt 0.6792 0.8887 0.8887
vt 0.6812 0.8902 0.8902
vt 0.6792 0.8902 0.8902
vt 0.7852 0.8705 0.8705
vt 0.7866 0.8716 0.8716
vt 0.7852 0.8719 0.8719
vt 0.7866 0.8701 0.8701
vt 0.7847 0.8076 0.8076
vt 0.7871 0.8076 0.8076
vt 0.7871 0.8062 0.8062
vt 0.7847 0.8062 0.8062
vt 0.5376 0.5962 0.5962
vt 0.5391 0.5979 0.5979
vt 0.5376 0.5979 0.5979
vt 0.5391 0.5962 0.5962
vt 0.6021 0.5981 0.5981
vt 0.6021 0.5959 0.5959
vt 0.6035 0.5979 0.5979
vt 0.6035 0.5959 0.5959
vt 0.6133 0.5203 0.5203
vt 0.6147 0.5183 0.5183
vt 0.6147 0.5203 0.5203
vt 0.6133 0.5183 0.5183
vt 0.5391 0.5203 0.5203
vt 0.5391 0.5183 0.5183
vt 0.5376 0.5183 0.5183
vt 0.5376 0.5203 0.5203
vt 0.9780 0.0068 0.0068
vt 0.9761 0.0083 0.0083
vt 0.9761 0.0068 0.0068
vt 0.9780 0.0083 0.0083
vt 0.9810 0.0879 0.0879
vt 0.9829 0.0879 0.0879
vt 0.9829 0.1802 0.1802
vt 0.9810 0.1802 0.1802
vt 0.9810 0.2720 0.2720
vt 0.9829 0.2725 0.2725
vt 0.9780 0.3516 0.3516
vt 0.9761 0.3516 0.3516
vt 0.9780 0.3535 0.3535
vt 0.9761 0.3535 0.3535
vt 0.9790 0.4336 0.4336
vt 0.9810 0.4346 0.4346
vt 0.9795 0.4351 0.4351
vt 0.9810 0.4331 0.4331
vt 0.9790 0.3701 0.3701
vt 0.9810 0.3701 0.3701
vt 0.9810 0.3687 0.3687
vt 0.9790 0.3687 0.3687
vt 0.5361 0.4146 0.4146
vt 0.5347 0.4160 0.4160
vt 0.5347 0.4141 0.4141
vt 0.5361 0.4160 0.4160
vt 0.6177 0.4146 0.4146
vt 0.6177 0.4165 0.4165
vt 0.6191 0.4141 0.4141
vt 0.6191 0.4165 0.4165
vt 0.6982 0.8075 0.8075
vt 0.6968 0.8062 0.8062
vt 0.6982 0.8062 0.8062
vt 0.6968 0.8077 0.8077
vt 0.6982 0.8892 0.8892
vt 0.6968 0.8892 0.8892
vt 0.6968 0.8906 0.8906
vt 0.6982 0.8906 0.8906
vt 0.8950 0.3115 0.3115
vt 0.8960 0.3130 0.3130
vt 0.8945 0.3130 0.3130
vt 0.8965 0.3115 0.3115
vt 0.9590 0.3135 0.3135
vt 0.9590 0.3110 0.3110
vt 0.9604 0.3135 0.3135
vt 0.9604 0.3110 0.3110
vt 0.7314 0.8890 0.8890
vt 0.7334 0.8905 0.8905
vt 0.7314 0.8904 0.8904
vt 0.7334 0.8890 0.8890
vt 0.7314 0.8077 0.8077
vt 0.7334 0.8075 0.8075
vt 0.7334 0.8062 0.8062
vt 0.7314 0.8062 0.8062
vt 0.4924 0.3237 0.3237
vt 0.4910 0.3257 0.3257
vt 0.4910 0.3237 0.3237
vt 0.4924 0.3257 0.3257
vt 0.6187 0.3242 0.3242
vt 0.6191 0.3257 0.3257
vt 0.6206 0.3257 0.3257
vt 0.6201 0.3237 0.3237
vt 0.0603 0.7590 0.7590
vt 0.0584 0.7605 0.7605
vt 0.0584 0.7590 0.7590
vt 0.0603 0.7605 0.7605
vt 0.0583 0.8350 0.8350
vt 0.0604 0.8350 0.8350
vt 0.0604 0.8364 0.8364
vt 0.0583 0.8364 0.8364
vt 0.6128 0.5808 0.5808
vt 0.6143 0.5789 0.5789
vt 0.6143 0.5808 0.5808
vt 0.6128 0.5789 0.5789
vt 0.5391 0.5808 0.5808
vt 0.5391 0.5789 0.5789
vt 0.5376 0.5789 0.5789
vt 0.5376 0.5808 0.5808
vt 0.5381 0.6133 0.6133
vt 0.5391 0.6152 0.6152
vt 0.5376 0.6152 0.6152
vt 0.5391 0.6135 0.6135
vt 0.6021 0.6152 0.6152
vt 0.6021 0.6133 0.6133
vt 0.6035 0.6152 0.6152
vt 0.6035 0.6133 0.6133
vt 0.1525 0.8395 0.8395
vt 0.1543 0.8409 0.8409
vt 0.1525 0.8409 0.8409
vt 0.1543 0.8395 0.8395
vt 0.1525 0.7655 0.7655
vt 0.1542 0.7653 0.7653
vt 0.1525 0.7640 0.7640
vt 0.1542 0.7639 0.7639
vt 0.7666 0.8705 0.8705
vt 0.7681 0.8716 0.8716
vt 0.7666 0.8719 0.8719
vt 0.7681 0.8701 0.8701
vt 0.7666 0.8076 0.8076
vt 0.7686 0.8076 0.8076
vt 0.7686 0.8062 0.8062
vt 0.7666 0.8062 0.8062
vt 0.5059 0.2896 0.2896
vt 0.5044 0.2915 0.2915
vt 0.5044 0.2896 0.2896
vt 0.5059 0.2915 0.2915
vt 0.6318 0.2896 0.2896
vt 0.6323 0.2915 0.2915
vt 0.6338 0.2910 0.2910
vt 0.6333 0.2896 0.2896
vt 0.8970 0.2437 0.2437
vt 0.8984 0.2417 0.2417
vt 0.8989 0.2432 0.2432
vt 0.8965 0.2427 0.2427
vt 0.8477 0.1147 0.1147
vt 0.8462 0.1147 0.1147
vt 0.8472 0.1138 0.1138
vt 0.8462 0.1138 0.1138
vt 0.8462 0.1123 0.1123
vt 0.8477 0.1123 0.1123
vt 0.8774 0.0474 0.0474
vt 0.8794 0.0483 0.0483
vt 0.8970 0.0068 0.0068
vt 0.8989 0.0078 0.0078
vt 0.8789 0.3525 0.3525
vt 0.8804 0.3506 0.3506
vt 0.8804 0.3525 0.3525
vt 0.8789 0.3506 0.3506
vt 0.7876 0.3525 0.3525
vt 0.7876 0.3506 0.3506
vt 0.6963 0.3525 0.3525
vt 0.6963 0.3506 0.3506
vt 0.6948 0.3506 0.3506
vt 0.6948 0.3525 0.3525
vt 0.7778 0.0068 0.0068
vt 0.7959 0.0483 0.0483
vt 0.7764 0.0078 0.0078
vt 0.7979 0.0474 0.0474
vt 0.8281 0.1118 0.1118
vt 0.8291 0.1118 0.1118
vt 0.8286 0.1133 0.1133
vt 0.8296 0.1133 0.1133
vt 0.8296 0.1147 0.1147
vt 0.8281 0.1147 0.1147
vt 0.7788 0.2432 0.2432
vt 0.7769 0.2422 0.2422
vt 0.7764 0.2437 0.2437
vt 0.7783 0.2446 0.2446
vt 0.6245 0.1577 0.1577
vt 0.6333 0.1563 0.1563
vt 0.6333 0.1572 0.1572
vt 0.6235 0.1567 0.1567
vt 0.6245 0.1934 0.1934
vt 0.6235 0.1938 0.1938
vt 0.6284 0.1514 0.1514
vt 0.6328 0.1514 0.1514
vt 0.6289 0.1504 0.1504
vt 0.6328 0.1504 0.1504
vt 0.6289 0.1494 0.1494
vt 0.6323 0.1489 0.1489
vt 0.6260 0.1499 0.1499
vt 0.6260 0.1509 0.1509
vt 0.6265 0.1519 0.1519
vt 0.6235 0.1519 0.1519
vt 0.6230 0.1509 0.1509
vt 0.6240 0.1528 0.1528
vt 0.6216 0.1538 0.1538
vt 0.6206 0.1533 0.1533
vt 0.6201 0.1567 0.1567
vt 0.6226 0.1543 0.1543
vt 0.6211 0.1567 0.1567
vt 0.6201 0.1582 0.1582
vt 0.6221 0.1567 0.1567
vt 0.6211 0.1582 0.1582
vt 0.6221 0.1582 0.1582
vt 0.6211 0.1929 0.1929
vt 0.6201 0.1929 0.1929
vt 0.6221 0.1929 0.1929
vt 0.6211 0.1943 0.1943
vt 0.6201 0.1943 0.1943
vt 0.6221 0.1938 0.1938
vt 0.6216 0.1973 0.1973
vt 0.6206 0.1978 0.1978
vt 0.6230 0.2002 0.2002
vt 0.6226 0.1968 0.1968
vt 0.6235 0.1992 0.1992
vt 0.6260 0.2012 0.2012
vt 0.6240 0.1982 0.1982
vt 0.6265 0.1992 0.1992
vt 0.6260 0.2002 0.2002
vt 0.6289 0.2007 0.2007
vt 0.6289 0.2017 0.2017
vt 0.6284 0.1997 0.1997
vt 0.6328 0.2007 0.2007
vt 0.6323 0.2021 0.2021
vt 0.6328 0.1997 0.1997
vt 0.6333 0.1948 0.1948
vt 0.6333 0.1938 0.1938
vt 0.8398 0.2080 0.2080
vt 0.8315 0.2100 0.2100
vt 0.8315 0.2090 0.2090
vt 0.8408 0.2090 0.2090
vt 0.8398 0.1729 0.1729
vt 0.8408 0.1719 0.1719
vt 0.8364 0.2144 0.2144
vt 0.8320 0.2148 0.2148
vt 0.8359 0.2153 0.2153
vt 0.8320 0.2158 0.2158
vt 0.8359 0.2168 0.2168
vt 0.8325 0.2168 0.2168
vt 0.8389 0.2163 0.2163
vt 0.8384 0.2153 0.2153
vt 0.8384 0.2144 0.2144
vt 0.8413 0.2144 0.2144
vt 0.8418 0.2148 0.2148
vt 0.8408 0.2134 0.2134
vt 0.8423 0.2114 0.2114
vt 0.8433 0.2119 0.2119
vt 0.8442 0.2124 0.2124
vt 0.8447 0.2095 0.2095
vt 0.8438 0.2090 0.2090
vt 0.8447 0.2080 0.2080
vt 0.8428 0.2090 0.2090
vt 0.8438 0.2080 0.2080
vt 0.8447 0.1733 0.1733
vt 0.8428 0.2080 0.2080
vt 0.8428 0.1733 0.1733
vt 0.8438 0.1733 0.1733
vt 0.8438 0.1719 0.1719
vt 0.8447 0.1719 0.1719
vt 0.8428 0.1719 0.1719
vt 0.8433 0.1689 0.1689
vt 0.8442 0.1685 0.1685
vt 0.8418 0.1660 0.1660
vt 0.8423 0.1694 0.1694
vt 0.8413 0.1670 0.1670
vt 0.8389 0.1646 0.1646
vt 0.8384 0.1670 0.1670
vt 0.8408 0.1675 0.1675
vt 0.8384 0.1660 0.1660
vt 0.8364 0.1665 0.1665
vt 0.8359 0.1655 0.1655
vt 0.8359 0.1641 0.1641
vt 0.8315 0.1709 0.1709
vt 0.8315 0.1719 0.1719
vt 0.8320 0.1660 0.1660
vt 0.8320 0.1650 0.1650
vt 0.8325 0.1641 0.1641
vt 0.5957 0.1577 0.1577
vt 0.6040 0.1563 0.1563
vt 0.6040 0.1572 0.1572
vt 0.5947 0.1572 0.1572
vt 0.5991 0.1514 0.1514
vt 0.6035 0.1514 0.1514
vt 0.5996 0.1504 0.1504
vt 0.6035 0.1504 0.1504
vt 0.5996 0.1494 0.1494
vt 0.6035 0.1489 0.1489
vt 0.5967 0.1499 0.1499
vt 0.5972 0.1509 0.1509
vt 0.5972 0.1519 0.1519
vt 0.5942 0.1519 0.1519
vt 0.5938 0.1509 0.1509
vt 0.5947 0.1528 0.1528
vt 0.5928 0.1538 0.1538
vt 0.5918 0.1533 0.1533
vt 0.5908 0.1567 0.1567
vt 0.5933 0.1543 0.1543
vt 0.5918 0.1567 0.1567
vt 0.5908 0.1582 0.1582
vt 0.5928 0.1572 0.1572
vt 0.5918 0.1582 0.1582
vt 0.5928 0.1582 0.1582
vt 0.5928 0.1929 0.1929
vt 0.5918 0.1929 0.1929
vt 0.5908 0.1929 0.1929
vt 0.5947 0.1943 0.1943
vt 0.5957 0.1934 0.1934
vt 0.5928 0.1943 0.1943
vt 0.5918 0.1943 0.1943
vt 0.5908 0.1943 0.1943
vt 0.5933 0.1968 0.1968
vt 0.5928 0.1973 0.1973
vt 0.5918 0.1978 0.1978
vt 0.5938 0.2002 0.2002
vt 0.5972 0.1992 0.1992
vt 0.5947 0.1982 0.1982
vt 0.5942 0.1992 0.1992
vt 0.5967 0.2012 0.2012
vt 0.5972 0.2002 0.2002
vt 0.5991 0.1997 0.1997
vt 0.5996 0.2007 0.2007
vt 0.5996 0.2017 0.2017
vt 0.6040 0.1948 0.1948
vt 0.6040 0.1938 0.1938
vt 0.6035 0.2002 0.2002
vt 0.6035 0.2007 0.2007
vt 0.6035 0.2021 0.2021
vt 0.6963 0.1929 0.1929
vt 0.6880 0.1948 0.1948
vt 0.6880 0.1938 0.1938
vt 0.6973 0.1938 0.1938
vt 0.6963 0.1577 0.1577
vt 0.6973 0.1567 0.1567
vt 0.6929 0.1992 0.1992
vt 0.6885 0.1997 0.1997
vt 0.6924 0.2002 0.2002
vt 0.6885 0.2007 0.2007
vt 0.6924 0.2017 0.2017
vt 0.6885 0.2017 0.2017
vt 0.6953 0.2012 0.2012
vt 0.6948 0.1997 0.1997
vt 0.6948 0.1987 0.1987
vt 0.6978 0.1987 0.1987
vt 0.6982 0.1997 0.1997
vt 0.6973 0.1982 0.1982
vt 0.6987 0.1963 0.1963
vt 0.6997 0.1968 0.1968
vt 0.7007 0.1973 0.1973
vt 0.7012 0.1943 0.1943
vt 0.7002 0.1938 0.1938
vt 0.7012 0.1924 0.1924
vt 0.6992 0.1938 0.1938
vt 0.7002 0.1924 0.1924
vt 0.6992 0.1924 0.1924
vt 0.6992 0.1577 0.1577
vt 0.7002 0.1577 0.1577
vt 0.7012 0.1577 0.1577
vt 0.6992 0.1567 0.1567
vt 0.7002 0.1567 0.1567
vt 0.7012 0.1563 0.1563
vt 0.6997 0.1538 0.1538
vt 0.7007 0.1533 0.1533
vt 0.6982 0.1509 0.1509
vt 0.6987 0.1543 0.1543
vt 0.6978 0.1519 0.1519
vt 0.6953 0.1494 0.1494
vt 0.6948 0.1514 0.1514
vt 0.6973 0.1523 0.1523
vt 0.6948 0.1504 0.1504
vt 0.6929 0.1514 0.1514
vt 0.6924 0.1504 0.1504
vt 0.6924 0.1489 0.1489
vt 0.6880 0.1558 0.1558
vt 0.6880 0.1567 0.1567
vt 0.6885 0.1509 0.1509
vt 0.6885 0.1499 0.1499
vt 0.6885 0.1489 0.1489
vt 0.8779 0.2632 0.2632
vt 0.8804 0.2578 0.2578
vt 0.8799 0.2632 0.2632
vt 0.8779 0.2578 0.2578
vt 0.7944 0.2578 0.2578
vt 0.7944 0.2632 0.2632
vt 0.0632 0.5710 0.5710
vt 0.0632 0.7427 0.7427
vt 0.0594 0.5710 0.5710
vt 0.0593 0.7427 0.7427
vt 0.0593 0.7439 0.7439
vt 0.0634 0.7439 0.7439
vt 0.9434 0.9310 0.9310
vt 0.9390 0.7594 0.7594
vt 0.9434 0.7594 0.7594
vt 0.9390 0.9310 0.9310
vt 0.9390 0.9321 0.9321
vt 0.9434 0.9321 0.9321
vt 0.8662 0.3159 0.3159
vt 0.6948 0.3120 0.3120
vt 0.8662 0.3120 0.3120
vt 0.6948 0.3159 0.3159
vt 0.6938 0.3159 0.3159
vt 0.6938 0.3120 0.3120
vt 0.9561 0.1040 0.1040
vt 0.9517 0.2729 0.2729
vt 0.9478 0.2729 0.2729
vt 0.9600 0.1040 0.1040
vt 0.9595 0.0068 0.0068
vt 0.9551 0.0068 0.0068
vt 0.9189 0.0068 0.0068
vt 0.9268 0.1758 0.1758
vt 0.9150 0.0073 0.0073
vt 0.9312 0.1758 0.1758
vt 0.9321 0.2729 0.2729
vt 0.9282 0.2729 0.2729
vt 0.0428 0.5715 0.5715
vt 0.0424 0.6870 0.6870
vt 0.0425 0.5715 0.5715
vt 0.0428 0.6870 0.6870
vt 0.0427 0.8408 0.8408
vt 0.0424 0.8408 0.8408
vt 0.0403 0.5715 0.5715
vt 0.0399 0.6870 0.6870
vt 0.0399 0.5715 0.5715
vt 0.0403 0.6870 0.6870
vt 0.0403 0.8408 0.8408
vt 0.0399 0.8408 0.8408
vt 0.5479 0.8092 0.8092
vt 0.6631 0.8062 0.8062
vt 0.6631 0.8092 0.8092
vt 0.5479 0.8062 0.8062
vt 0.3940 0.8062 0.8062
vt 0.3940 0.8092 0.8092
vt 0.5615 0.0073 0.0073
vt 0.6768 0.0068 0.0068
vt 0.6768 0.0073 0.0073
vt 0.5615 0.0068 0.0068
vt 0.4077 0.0068 0.0068
vt 0.4077 0.0073 0.0073
vt 0.5615 0.0146 0.0146
vt 0.6768 0.0146 0.0146
vt 0.6768 0.0151 0.0151
vt 0.4075 0.0146 0.0146
vt 0.4075 0.0151 0.0151
vt 0.8281 0.4126 0.4126
vt 0.9438 0.4121 0.4121
vt 0.8281 0.4121 0.4121
vt 0.6743 0.4126 0.4126
vt 0.8281 0.4150 0.4150
vt 0.9438 0.4146 0.4146
vt 0.9438 0.4150 0.4150
vt 0.8281 0.4146 0.4146
vt 0.6743 0.4150 0.4150
vt 0.8306 0.0156 0.0156
vt 0.8389 0.0137 0.0137
vt 0.8389 0.0146 0.0146
vt 0.8296 0.0146 0.0146
vt 0.8340 0.0093 0.0093
vt 0.8384 0.0088 0.0088
vt 0.8345 0.0083 0.0083
vt 0.8384 0.0078 0.0078
vt 0.8345 0.0073 0.0073
vt 0.8384 0.0068 0.0068
vt 0.8315 0.0078 0.0078
vt 0.8320 0.0088 0.0088
vt 0.8320 0.0098 0.0098
vt 0.8291 0.0098 0.0098
vt 0.8286 0.0088 0.0088
vt 0.8296 0.0107 0.0107
vt 0.8271 0.0117 0.0117
vt 0.8262 0.0112 0.0112
vt 0.8257 0.0146 0.0146
vt 0.8281 0.0122 0.0122
vt 0.8267 0.0146 0.0146
vt 0.8257 0.0161 0.0161
vt 0.8276 0.0146 0.0146
vt 0.8267 0.0161 0.0161
vt 0.8267 0.0508 0.0508
vt 0.8276 0.0161 0.0161
vt 0.8257 0.0508 0.0508
vt 0.8276 0.0508 0.0508
vt 0.8267 0.0522 0.0522
vt 0.8257 0.0522 0.0522
vt 0.8276 0.0518 0.0518
vt 0.8296 0.0518 0.0518
vt 0.8306 0.0513 0.0513
vt 0.8281 0.0542 0.0542
vt 0.8271 0.0547 0.0547
vt 0.8262 0.0552 0.0552
vt 0.8286 0.0581 0.0581
vt 0.8320 0.0571 0.0571
vt 0.8296 0.0562 0.0562
vt 0.8291 0.0571 0.0571
vt 0.8315 0.0591 0.0591
vt 0.8320 0.0581 0.0581
vt 0.8340 0.0576 0.0576
vt 0.8345 0.0586 0.0586
vt 0.8345 0.0596 0.0596
vt 0.8389 0.0527 0.0527
vt 0.8389 0.0518 0.0518
vt 0.8384 0.0576 0.0576
vt 0.8384 0.0586 0.0586
vt 0.8384 0.0601 0.0601
vt 0.5054 0.1924 0.1924
vt 0.4968 0.1943 0.1943
vt 0.4968 0.1934 0.1934
vt 0.5063 0.1934 0.1934
vt 0.5054 0.1572 0.1572
vt 0.5063 0.1563 0.1563
vt 0.5015 0.1987 0.1987
vt 0.4973 0.1992 0.1992
vt 0.5010 0.1997 0.1997
vt 0.4976 0.2002 0.2002
vt 0.5010 0.2012 0.2012
vt 0.4976 0.2012 0.2012
vt 0.5039 0.2007 0.2007
vt 0.5039 0.1997 0.1997
vt 0.5034 0.1987 0.1987
vt 0.5063 0.1987 0.1987
vt 0.5073 0.1992 0.1992
vt 0.5059 0.1978 0.1978
vt 0.5073 0.1958 0.1958
vt 0.5083 0.1963 0.1963
vt 0.5093 0.1968 0.1968
vt 0.5103 0.1938 0.1938
vt 0.5088 0.1938 0.1938
vt 0.5103 0.1924 0.1924
vt 0.5078 0.1934 0.1934
vt 0.5088 0.1924 0.1924
vt 0.5103 0.1577 0.1577
vt 0.5078 0.1924 0.1924
vt 0.5078 0.1577 0.1577
vt 0.5088 0.1577 0.1577
vt 0.5088 0.1563 0.1563
vt 0.5103 0.1563 0.1563
vt 0.5078 0.1563 0.1563
vt 0.5083 0.1533 0.1533
vt 0.5093 0.1528 0.1528
vt 0.5073 0.1504 0.1504
vt 0.5073 0.1538 0.1538
vt 0.5063 0.1514 0.1514
vt 0.5044 0.1494 0.1494
vt 0.5034 0.1514 0.1514
vt 0.5059 0.1523 0.1523
vt 0.5039 0.1504 0.1504
vt 0.5015 0.1509 0.1509
vt 0.5010 0.1499 0.1499
vt 0.5010 0.1489 0.1489
vt 0.4968 0.1553 0.1553
vt 0.4968 0.1563 0.1563
vt 0.4973 0.1504 0.1504
vt 0.4976 0.1494 0.1494
vt 0.4976 0.1484 0.1484
vt 0.7759 0.0806 0.0806
vt 0.7847 0.0786 0.0786
vt 0.7847 0.0796 0.0796
vt 0.7749 0.0796 0.0796
vt 0.7798 0.0742 0.0742
vt 0.7842 0.0737 0.0737
vt 0.7803 0.0732 0.0732
vt 0.7842 0.0728 0.0728
vt 0.7803 0.0718 0.0718
vt 0.7837 0.0718 0.0718
vt 0.7773 0.0723 0.0723
vt 0.7773 0.0732 0.0732
vt 0.7778 0.0742 0.0742
vt 0.7749 0.0747 0.0747
vt 0.7744 0.0737 0.0737
vt 0.7754 0.0752 0.0752
vt 0.7729 0.0767 0.0767
vt 0.7720 0.0762 0.0762
vt 0.7715 0.0791 0.0791
vt 0.7739 0.0771 0.0771
vt 0.7725 0.0796 0.0796
vt 0.7715 0.0806 0.0806
vt 0.7734 0.0796 0.0796
vt 0.7725 0.0806 0.0806
vt 0.7725 0.1152 0.1152
vt 0.7715 0.1152 0.1152
vt 0.7734 0.0806 0.0806
vt 0.7749 0.1167 0.1167
vt 0.7759 0.1157 0.1157
vt 0.7734 0.1152 0.1152
vt 0.7734 0.1167 0.1167
vt 0.7725 0.1167 0.1167
vt 0.7715 0.1172 0.1172
vt 0.7739 0.1191 0.1191
vt 0.7729 0.1196 0.1196
vt 0.7720 0.1201 0.1201
vt 0.7739 0.1226 0.1226
vt 0.7778 0.1216 0.1216
vt 0.7754 0.1211 0.1211
vt 0.7749 0.1216 0.1216
vt 0.7773 0.1240 0.1240
vt 0.7773 0.1226 0.1226
vt 0.7798 0.1221 0.1221
vt 0.7803 0.1230 0.1230
vt 0.7803 0.1245 0.1245
vt 0.7847 0.1177 0.1177
vt 0.7847 0.1167 0.1167
vt 0.7842 0.1226 0.1226
vt 0.7842 0.1235 0.1235
vt 0.7837 0.1245 0.1245
vt 0.4182 0.1909 0.1909
vt 0.4097 0.1929 0.1929
vt 0.4094 0.1919 0.1919
vt 0.4192 0.1919 0.1919
vt 0.4143 0.1973 0.1973
vt 0.4102 0.1978 0.1978
vt 0.4141 0.1982 0.1982
vt 0.4102 0.1987 0.1987
vt 0.4138 0.1992 0.1992
vt 0.4104 0.1997 0.1997
vt 0.4170 0.1987 0.1987
vt 0.4167 0.1978 0.1978
vt 0.4165 0.1968 0.1968
vt 0.4194 0.1968 0.1968
vt 0.4199 0.1978 0.1978
vt 0.4187 0.1958 0.1958
vt 0.4202 0.1943 0.1943
vt 0.4211 0.1948 0.1948
vt 0.4221 0.1953 0.1953
vt 0.4229 0.1919 0.1919
vt 0.4219 0.1919 0.1919
vt 0.4229 0.1904 0.1904
vt 0.4209 0.1919 0.1919
vt 0.4219 0.1904 0.1904
vt 0.4209 0.1904 0.1904
vt 0.4209 0.1558 0.1558
vt 0.4219 0.1558 0.1558
vt 0.4229 0.1558 0.1558
vt 0.4192 0.1548 0.1548
vt 0.4182 0.1553 0.1553
vt 0.4207 0.1548 0.1548
vt 0.4216 0.1543 0.1543
vt 0.4229 0.1543 0.1543
vt 0.4211 0.1519 0.1519
vt 0.4221 0.1514 0.1514
vt 0.4199 0.1484 0.1484
vt 0.4202 0.1519 0.1519
vt 0.4194 0.1494 0.1494
vt 0.4170 0.1475 0.1475
vt 0.4165 0.1494 0.1494
vt 0.4187 0.1504 0.1504
vt 0.4167 0.1484 0.1484
vt 0.4143 0.1489 0.1489
vt 0.4141 0.1479 0.1479
vt 0.4138 0.1470 0.1470
vt 0.4097 0.1538 0.1538
vt 0.4094 0.1548 0.1548
vt 0.4102 0.1489 0.1489
vt 0.4102 0.1479 0.1479
vt 0.4104 0.1465 0.1465
vt 0.8999 0.2593 0.2593
vt 0.8965 0.2627 0.2627
vt 0.8965 0.2593 0.2593
vt 0.8999 0.2622 0.2622
vt 0.9028 0.2627 0.2627
vt 0.9028 0.2593 0.2593
vt 0.9063 0.2593 0.2593
vt 0.9063 0.2627 0.2627
vt 0.9092 0.2627 0.2627
vt 0.9092 0.2593 0.2593
vt 0.5938 0.1069 0.1069
vt 0.5908 0.1104 0.1104
vt 0.5908 0.1069 0.1069
vt 0.5938 0.1104 0.1104
vt 0.5952 0.1104 0.1104
vt 0.5952 0.1069 0.1069
vt 0.6299 0.1069 0.1069
vt 0.6299 0.1104 0.1104
vt 0.6313 0.1069 0.1069
vt 0.6313 0.1104 0.1104
vt 0.6343 0.1104 0.1104
vt 0.6343 0.1069 0.1069
vt 0.7168 0.1987 0.1987
vt 0.7183 0.2334 0.2334
vt 0.7168 0.2339 0.2339
vt 0.7183 0.1992 0.1992
vt 0.7217 0.1992 0.1992
vt 0.7217 0.2334 0.2334
vt 0.7227 0.2339 0.2339
vt 0.7227 0.1987 0.1987
vt 0.5386 0.1084 0.1084
vt 0.4990 0.1064 0.1064
vt 0.5386 0.1064 0.1064
vt 0.4990 0.1084 0.1084
vt 0.4978 0.1084 0.1084
vt 0.4978 0.1064 0.1064
vt 0.1156 0.7261 0.7261
vt 0.1176 0.8099 0.8099
vt 0.1156 0.8099 0.8099
vt 0.1176 0.7261 0.7261
vt 0.1176 0.7246 0.7246
vt 0.1156 0.7246 0.7246
vt 0.1340 0.7463 0.7463
vt 0.1360 0.8295 0.8295
vt 0.1340 0.8296 0.8296
vt 0.1360 0.7463 0.7463
vt 0.1360 0.7449 0.7449
vt 0.1340 0.7449 0.7449
vt 0.6123 0.5029 0.5029
vt 0.6138 0.5010 0.5010
vt 0.6138 0.5029 0.5029
vt 0.6123 0.5010 0.5010
vt 0.5381 0.5010 0.5010
vt 0.5381 0.5032 0.5032
vt 0.5366 0.5032 0.5032
vt 0.5366 0.5010 0.5010
vt 0.0972 0.7056 0.7056
vt 0.0972 0.7043 0.7043
vt 0.0992 0.7043 0.7043
vt 0.0992 0.7056 0.7056
vt 0.0992 0.7869 0.7869
vt 0.0972 0.7869 0.7869
vt 0.0972 0.7883 0.7883
vt 0.0992 0.7883 0.7883
vt 0.4900 0.3433 0.3433
vt 0.4900 0.3408 0.3408
vt 0.4915 0.3433 0.3433
vt 0.4915 0.3408 0.3408
vt 0.5728 0.3408 0.3408
vt 0.5728 0.3433 0.3433
vt 0.5742 0.3428 0.3428
vt 0.5742 0.3408 0.3408
vt 0.9868 0.7441 0.7441
vt 0.9717 0.7441 0.7441
vt 0.9868 0.7417 0.7417
vt 0.9712 0.7417 0.7417
vt 0.9688 0.7441 0.7441
vt 0.9868 0.5933 0.5933
vt 0.8706 0.7417 0.7417
vt 0.8726 0.7439 0.7439
vt 0.8701 0.7439 0.7439
vt 0.9468 0.5933 0.5933
vt 0.9868 0.4810 0.4810
vt 0.7041 0.5923 0.5923
vt 0.9468 0.4785 0.4785
vt 0.9868 0.4785 0.4785
vt 0.9468 0.4810 0.4810
vt 0.7046 0.4810 0.4810
vt 0.7046 0.4785 0.4785
vt 0.1141 0.5691 0.5691
vt 0.1117 0.5847 0.5847
vt 0.1118 0.5691 0.5691
vt 0.1141 0.5854 0.5854
vt 0.1117 0.5876 0.5876
vt 0.2625 0.5688 0.5688
vt 0.1120 0.6855 0.6855
vt 0.1143 0.6875 0.6875
vt 0.1119 0.6882 0.6882
vt 0.2625 0.6091 0.6091
vt 0.3752 0.5688 0.5688
vt 0.2634 0.8516 0.8516
vt 0.3774 0.6091 0.6091
vt 0.3774 0.5688 0.5688
vt 0.3752 0.6091 0.6091
vt 0.3752 0.8514 0.8514
vt 0.3774 0.8514 0.8514
vt 0.3882 0.0068 0.0068
vt 0.3936 0.0459 0.0459
vt 0.3867 0.0073 0.0073
vt 0.3923 0.0474 0.0474
vt 0.3853 0.0073 0.0073
vt 0.3943 0.0469 0.0469
vt 0.3911 0.0493 0.0493
vt 0.3823 0.0078 0.0078
vt 0.3931 0.0483 0.0483
vt 0.3948 0.0488 0.0488
vt 0.3955 0.0474 0.0474
vt 0.3918 0.0503 0.0503
vt 0.4771 0.0503 0.0503
vt 0.4771 0.0488 0.0488
vt 0.5703 0.0503 0.0503
vt 0.3933 0.0503 0.0503
vt 0.4771 0.0518 0.0518
vt 0.5703 0.0518 0.0518
vt 0.5703 0.0532 0.0532
vt 0.6636 0.0513 0.0513
vt 0.6636 0.0498 0.0498
vt 0.7446 0.0488 0.0488
vt 0.6636 0.0527 0.0527
vt 0.7456 0.0498 0.0498
vt 0.7461 0.0479 0.0479
vt 0.7471 0.0518 0.0518
vt 0.7471 0.0493 0.0493
vt 0.7480 0.0483 0.0483
vt 0.7466 0.0474 0.0474
vt 0.7529 0.0083 0.0083
vt 0.7515 0.0083 0.0083
vt 0.7544 0.0083 0.0083
vt 0.7490 0.0508 0.0508
vt 0.7573 0.0088 0.0088
vt 0.7485 0.0513 0.0513
vt 0.7520 0.0532 0.0532
vt 0.7534 0.0537 0.0537
vt 0.7588 0.0088 0.0088
vt 0.7549 0.0537 0.0537
vt 0.7603 0.0093 0.0093
vt 0.7554 0.1260 0.1260
vt 0.7539 0.1260 0.1260
vt 0.7554 0.1274 0.1274
vt 0.7524 0.1255 0.1255
vt 0.7534 0.1274 0.1274
vt 0.7554 0.1289 0.1289
vt 0.7520 0.1265 0.1265
vt 0.7539 0.1289 0.1289
vt 0.7520 0.1284 0.1284
vt 0.7588 0.2646 0.2646
vt 0.7603 0.2656 0.2656
vt 0.7524 0.1294 0.1294
vt 0.7583 0.2661 0.2661
vt 0.7598 0.2671 0.2671
vt 0.7578 0.2681 0.2681
vt 0.7573 0.2632 0.2632
vt 0.7568 0.2646 0.2646
vt 0.7568 0.2671 0.2671
vt 0.6763 0.2739 0.2739
vt 0.7539 0.2622 0.2622
vt 0.6753 0.2725 0.2725
vt 0.6753 0.2744 0.2744
vt 0.7554 0.2656 0.2656
vt 0.6738 0.2734 0.2734
vt 0.6738 0.2715 0.2715
vt 0.7524 0.2627 0.2627
vt 0.6729 0.2749 0.2749
vt 0.6743 0.2754 0.2754
vt 0.6787 0.3584 0.3584
vt 0.6772 0.3584 0.3584
vt 0.6758 0.3584 0.3584
vt 0.6714 0.2734 0.2734
vt 0.6729 0.3589 0.3589
vt 0.6724 0.2720 0.2720
vt 0.6685 0.2734 0.2734
vt 0.6670 0.2749 0.2749
vt 0.6714 0.3589 0.3589
vt 0.6655 0.2759 0.2759
vt 0.6699 0.3589 0.3589
vt 0.6650 0.2744 0.2744
vt 0.6660 0.2734 0.2734
vt 0.6675 0.2720 0.2720
vt 0.6646 0.2729 0.2729
vt 0.6636 0.2744 0.2744
vt 0.6660 0.2715 0.2715
vt 0.5708 0.2715 0.2715
vt 0.5708 0.2729 0.2729
vt 0.4785 0.2744 0.2744
vt 0.5708 0.2700 0.2700
vt 0.4778 0.2729 0.2729
vt 0.4773 0.2744 0.2744
vt 0.4761 0.2734 0.2734
vt 0.4763 0.2715 0.2715
vt 0.4753 0.2749 0.2749
vt 0.4766 0.2754 0.2754
vt 0.4712 0.3594 0.3594
vt 0.4727 0.3594 0.3594
vt 0.4697 0.3594 0.3594
vt 0.4739 0.2734 0.2734
vt 0.4746 0.2720 0.2720
vt 0.4707 0.2734 0.2734
vt 0.4668 0.3589 0.3589
vt 0.4700 0.2720 0.2720
vt 0.4692 0.2744 0.2744
vt 0.4653 0.3589 0.3589
vt 0.4678 0.2754 0.2754
vt 0.4639 0.3589 0.3589
vt 0.4673 0.2744 0.2744
vt 0.4685 0.2734 0.2734
vt 0.4670 0.2725 0.2725
vt 0.4661 0.2739 0.2739
vt 0.4685 0.2710 0.2710
vt 0.3855 0.2666 0.2666
vt 0.3845 0.2681 0.2681
vt 0.3872 0.2651 0.2651
vt 0.3843 0.2656 0.2656
vt 0.3831 0.2666 0.2666
vt 0.3823 0.2651 0.2651
vt 0.3857 0.2646 0.2646
vt 0.3835 0.2642 0.2642
vt 0.3848 0.1284 0.1284
vt 0.3887 0.2617 0.2617
vt 0.3862 0.1279 0.1279
vt 0.3853 0.2632 0.2632
vt 0.3850 0.1265 0.1265
vt 0.3879 0.2603 0.2603
vt 0.3867 0.1265 0.1265
vt 0.3877 0.1289 0.1289
vt 0.3882 0.1274 0.1274
vt 0.3865 0.1250 0.1250
vt 0.3850 0.1250 0.1250
vt 0.3882 0.1255 0.1255
vt 0.3870 0.0522 0.0522
vt 0.3855 0.0522 0.0522
vt 0.3809 0.0078 0.0078
vt 0.3794 0.0083 0.0083
vt 0.3877 0.1245 0.1245
vt 0.3884 0.0522 0.0522
vt 0.3918 0.0537 0.0537
vt 0.3914 0.0547 0.0547
vt 0.3936 0.0532 0.0532
vt 0.3933 0.0557 0.0557
vt 0.3909 0.1230 0.1230
vt 0.4731 0.0547 0.0547
vt 0.3926 0.0571 0.0571
vt 0.3950 0.0547 0.0547
vt 0.3945 0.0566 0.0566
vt 0.3940 0.0581 0.0581
vt 0.3958 0.0562 0.0562
vt 0.3923 0.1221 0.1221
vt 0.3938 0.1211 0.1211
vt 0.3943 0.1221 0.1221
vt 0.4714 0.0557 0.0557
vt 0.4709 0.0576 0.0576
vt 0.4722 0.0581 0.0581
vt 0.4731 0.0566 0.0566
vt 0.3931 0.1235 0.1235
vt 0.4741 0.0591 0.0591
vt 0.4727 0.0591 0.0591
vt 0.4714 0.1226 0.1226
vt 0.3911 0.1245 0.1245
vt 0.4731 0.1235 0.1235
vt 0.4709 0.1235 0.1235
vt 0.3896 0.1265 0.1265
vt 0.3916 0.1260 0.1260
vt 0.3911 0.1289 0.1289
vt 0.3914 0.1274 0.1274
vt 0.3928 0.1255 0.1255
vt 0.3928 0.1274 0.1274
vt 0.3906 0.1304 0.1304
vt 0.3928 0.1299 0.1299
vt 0.3945 0.1255 0.1255
vt 0.3950 0.1240 0.1240
vt 0.3955 0.1230 0.1230
vt 0.4697 0.1240 0.1240
vt 0.4705 0.1255 0.1255
vt 0.3948 0.1274 0.1274
vt 0.4719 0.1274 0.1274
vt 0.4722 0.1250 0.1250
vt 0.4719 0.1299 0.1299
vt 0.4744 0.1250 0.1250
vt 0.4736 0.1265 0.1265
vt 0.4753 0.0586 0.0586
vt 0.4780 0.1250 0.1250
vt 0.4746 0.0562 0.0562
vt 0.4783 0.0586 0.0586
vt 0.4807 0.0552 0.0552
vt 0.4790 0.0562 0.0562
vt 0.4807 0.0571 0.0571
vt 0.4797 0.0591 0.0591
vt 0.4822 0.0562 0.0562
vt 0.4792 0.1235 0.1235
vt 0.4817 0.0581 0.0581
vt 0.4812 0.0596 0.0596
vt 0.4829 0.0576 0.0576
vt 0.4810 0.1226 0.1226
vt 0.5645 0.0591 0.0591
vt 0.4817 0.1240 0.1240
vt 0.5654 0.0571 0.0571
vt 0.5654 0.0596 0.0596
vt 0.5674 0.0566 0.0566
vt 0.5669 0.0581 0.0581
vt 0.5674 0.0605 0.0605
vt 0.5664 0.0605 0.0605
vt 0.5659 0.1240 0.1240
vt 0.5684 0.0576 0.0576
vt 0.5674 0.1250 0.1250
vt 0.5649 0.1255 0.1255
vt 0.5688 0.0601 0.0601
vt 0.5664 0.1265 0.1265
vt 0.5688 0.1270 0.1270
vt 0.5645 0.1274 0.1274
vt 0.5640 0.1260 0.1260
vt 0.4829 0.1245 0.1245
vt 0.5679 0.1284 0.1284
vt 0.4822 0.1260 0.1260
vt 0.5659 0.1289 0.1289
vt 0.4805 0.1250 0.1250
vt 0.4805 0.1274 0.1274
vt 0.4788 0.1265 0.1265
vt 0.4736 0.1304 0.1304
vt 0.4785 0.1304 0.1304
vt 0.4802 0.1294 0.1294
vt 0.4719 0.1318 0.1318
vt 0.4744 0.1318 0.1318
vt 0.4702 0.1313 0.1313
vt 0.4707 0.1333 0.1333
vt 0.3950 0.1289 0.1289
vt 0.4695 0.1328 0.1328
vt 0.3953 0.1304 0.1304
vt 0.3940 0.1309 0.1309
vt 0.4729 0.1338 0.1338
vt 0.4712 0.1348 0.1348
vt 0.3921 0.1313 0.1313
vt 0.3936 0.1323 0.1323
vt 0.3909 0.2578 0.2578
vt 0.3896 0.2588 0.2588
vt 0.3914 0.2593 0.2593
vt 0.3904 0.2603 0.2603
vt 0.3916 0.2612 0.2612
vt 0.3926 0.2598 0.2598
vt 0.3901 0.2627 0.2627
vt 0.4670 0.2666 0.2666
vt 0.4663 0.2651 0.2651
vt 0.4685 0.2681 0.2681
vt 0.4688 0.2656 0.2656
vt 0.4678 0.2646 0.2646
vt 0.4702 0.2676 0.2676
vt 0.4697 0.2642 0.2642
vt 0.4683 0.2632 0.2632
vt 0.4712 0.2656 0.2656
vt 0.4749 0.2676 0.2676
vt 0.4741 0.2661 0.2661
vt 0.4775 0.1318 0.1318
vt 0.4766 0.2686 0.2686
vt 0.4800 0.1318 0.1318
vt 0.4788 0.1333 0.1333
vt 0.4766 0.2661 0.2661
vt 0.4756 0.2642 0.2642
vt 0.4775 0.2651 0.2651
vt 0.4771 0.2637 0.2637
vt 0.4805 0.1348 0.1348
vt 0.4812 0.1333 0.1333
vt 0.4780 0.2671 0.2671
vt 0.4788 0.2656 0.2656
vt 0.4817 0.1313 0.1313
vt 0.4824 0.1328 0.1328
vt 0.5635 0.1343 0.1343
vt 0.5659 0.2656 0.2656
vt 0.5649 0.2642 0.2642
vt 0.5659 0.2637 0.2637
vt 0.5645 0.1328 0.1328
vt 0.5649 0.1348 0.1348
vt 0.5659 0.1313 0.1313
vt 0.5659 0.1333 0.1333
vt 0.5669 0.1348 0.1348
vt 0.5654 0.1357 0.1357
vt 0.5674 0.1318 0.1318
vt 0.5684 0.1333 0.1333
vt 0.5679 0.2632 0.2632
vt 0.5664 0.2627 0.2627
vt 0.5693 0.2646 0.2646
vt 0.5674 0.2651 0.2651
vt 0.5688 0.2666 0.2666
vt 0.5684 0.2671 0.2671
vt 0.5723 0.2646 0.2646
vt 0.5728 0.2666 0.2666
vt 0.5737 0.2671 0.2671
vt 0.5747 0.2651 0.2651
vt 0.5718 0.1333 0.1333
vt 0.6655 0.2686 0.2686
vt 0.5723 0.1318 0.1318
vt 0.5757 0.2656 0.2656
vt 0.5723 0.1284 0.1284
vt 0.5757 0.2637 0.2637
vt 0.5718 0.1270 0.1270
vt 0.5771 0.2642 0.2642
vt 0.5737 0.2632 0.2632
vt 0.5752 0.2627 0.2627
vt 0.6641 0.2671 0.2671
vt 0.6631 0.2656 0.2656
vt 0.5728 0.1348 0.1348
vt 0.5747 0.1357 0.1357
vt 0.5752 0.1343 0.1343
vt 0.5742 0.1333 0.1333
vt 0.5757 0.1323 0.1323
vt 0.5767 0.1338 0.1338
vt 0.5742 0.1309 0.1309
vt 0.6587 0.1323 0.1323
vt 0.6582 0.1338 0.1338
vt 0.6592 0.1343 0.1343
vt 0.6602 0.1309 0.1309
vt 0.6606 0.1328 0.1328
vt 0.5742 0.1289 0.1289
vt 0.6602 0.1289 0.1289
vt 0.5742 0.1270 0.1270
vt 0.5757 0.1274 0.1274
vt 0.5728 0.1250 0.1250
vt 0.5752 0.1255 0.1255
vt 0.5767 0.1260 0.1260
vt 0.5747 0.1240 0.1240
vt 0.6577 0.1260 0.1260
vt 0.5732 0.0605 0.0605
vt 0.5747 0.0610 0.0610
vt 0.6587 0.1274 0.1274
vt 0.6592 0.1255 0.1255
vt 0.5752 0.0596 0.0596
vt 0.6602 0.1265 0.1265
vt 0.6616 0.1250 0.1250
vt 0.6597 0.1240 0.1240
vt 0.6621 0.1279 0.1279
vt 0.6626 0.1265 0.1265
vt 0.6606 0.0601 0.0601
vt 0.6597 0.0605 0.0605
vt 0.6592 0.0591 0.0591
vt 0.6621 0.0596 0.0596
vt 0.6602 0.0576 0.0576
vt 0.6582 0.0571 0.0571
vt 0.6577 0.0586 0.0586
vt 0.5767 0.0591 0.0591
vt 0.5752 0.0576 0.0576
vt 0.6602 0.0562 0.0562
vt 0.5742 0.0581 0.0581
vt 0.5732 0.0566 0.0566
vt 0.5718 0.0601 0.0601
vt 0.5723 0.0576 0.0576
vt 0.6675 0.0557 0.0557
vt 0.6616 0.0571 0.0571
vt 0.7471 0.0547 0.0547
vt 0.6660 0.0571 0.0571
vt 0.7485 0.0552 0.0552
vt 0.6650 0.0596 0.0596
vt 0.6675 0.0576 0.0576
vt 0.7490 0.0562 0.0562
vt 0.7471 0.0566 0.0566
vt 0.7495 0.1240 0.1240
vt 0.7456 0.0562 0.0562
vt 0.7476 0.0581 0.0581
vt 0.7456 0.0581 0.0581
vt 0.7446 0.0576 0.0576
vt 0.7461 0.0591 0.0591
vt 0.6689 0.0566 0.0566
vt 0.6694 0.0586 0.0586
vt 0.6685 0.0591 0.0591
vt 0.6665 0.0596 0.0596
vt 0.6680 0.0601 0.0601
vt 0.6689 0.1235 0.1235
vt 0.6675 0.1245 0.1245
vt 0.6694 0.1250 0.1250
vt 0.6660 0.1265 0.1265
vt 0.6685 0.1260 0.1260
vt 0.6670 0.1279 0.1279
vt 0.6699 0.1270 0.1270
vt 0.6709 0.1255 0.1255
vt 0.6685 0.1284 0.1284
vt 0.6621 0.1313 0.1313
vt 0.6665 0.1313 0.1313
vt 0.6631 0.1328 0.1328
vt 0.6616 0.1348 0.1348
vt 0.6602 0.1357 0.1357
vt 0.6665 0.2646 0.2646
vt 0.6650 0.2637 0.2637
vt 0.6646 0.2651 0.2651
vt 0.6680 0.2661 0.2661
vt 0.6655 0.2661 0.2661
vt 0.6675 0.2676 0.2676
vt 0.6660 0.1328 0.1328
vt 0.6709 0.2661 0.2661
vt 0.6719 0.2676 0.2676
vt 0.6738 0.2686 0.2686
vt 0.6733 0.2661 0.2661
vt 0.7505 0.2617 0.2617
vt 0.6753 0.2666 0.2666
vt 0.6743 0.2646 0.2646
vt 0.6758 0.2651 0.2651
vt 0.7500 0.2603 0.2603
vt 0.6724 0.2642 0.2642
vt 0.6738 0.2637 0.2637
vt 0.7520 0.2607 0.2607
vt 0.7510 0.2598 0.2598
vt 0.7529 0.2593 0.2593
vt 0.7515 0.2583 0.2583
vt 0.7466 0.1333 0.1333
vt 0.7544 0.2603 0.2603
vt 0.7480 0.1328 0.1328
vt 0.7461 0.1323 0.1323
vt 0.7495 0.1313 0.1313
vt 0.7471 0.1309 0.1309
vt 0.7490 0.1299 0.1299
vt 0.7510 0.1274 0.1274
vt 0.7485 0.1284 0.1284
vt 0.7485 0.1265 0.1265
vt 0.7471 0.1289 0.1289
vt 0.7451 0.1304 0.1304
vt 0.7446 0.1318 0.1318
vt 0.6709 0.1333 0.1333
vt 0.7456 0.1289 0.1289
vt 0.6699 0.1318 0.1318
vt 0.6694 0.1343 0.1343
vt 0.7476 0.1265 0.1265
vt 0.6685 0.1304 0.1304
vt 0.7490 0.1250 0.1250
vt 0.7456 0.1265 0.1265
vt 0.7471 0.1245 0.1245
vt 0.7451 0.1250 0.1250
vt 0.7446 0.1235 0.1235
vt 0.7461 0.1230 0.1230
vt 0.6680 0.1328 0.1328
vt 0.6670 0.1343 0.1343
vt 0.6689 0.1357 0.1357
vt 0.7480 0.1230 0.1230
vt 0.7466 0.1221 0.1221
vt 0.3940 0.3813 0.3813
vt 0.4333 0.3857 0.3857
vt 0.3940 0.3828 0.3828
vt 0.4346 0.3843 0.3843
vt 0.3943 0.3799 0.3799
vt 0.4346 0.3862 0.3862
vt 0.4368 0.3828 0.3828
vt 0.3943 0.3770 0.3770
vt 0.4355 0.3848 0.3848
vt 0.4363 0.3862 0.3862
vt 0.4348 0.3872 0.3872
vt 0.4375 0.3833 0.3833
vt 0.4404 0.4668 0.4668
vt 0.4390 0.4673 0.4673
vt 0.4377 0.3853 0.3853
vt 0.4419 0.4668 0.4668
vt 0.4419 0.5586 0.5586
vt 0.4404 0.5586 0.5586
vt 0.4395 0.6499 0.6499
vt 0.4409 0.6501 0.6501
vt 0.4351 0.7295 0.7295
vt 0.4434 0.5586 0.5586
vt 0.4365 0.7302 0.7302
vt 0.4346 0.7307 0.7307
vt 0.4424 0.6501 0.6501
vt 0.4360 0.7317 0.7317
vt 0.4380 0.7317 0.7317
vt 0.4348 0.7324 0.7324
vt 0.4338 0.7312 0.7312
vt 0.3943 0.7327 0.7327
vt 0.3943 0.7344 0.7344
vt 0.3943 0.7358 0.7358
vt 0.4370 0.7339 0.7339
vt 0.3945 0.7388 0.7388
vt 0.4377 0.7334 0.7334
vt 0.4397 0.7368 0.7368
vt 0.4395 0.7383 0.7383
vt 0.3945 0.7402 0.7402
vt 0.3945 0.7417 0.7417
vt 0.4395 0.7397 0.7397
vt 0.5112 0.7422 0.7422
vt 0.5117 0.7437 0.7437
vt 0.5107 0.7407 0.7407
vt 0.5127 0.7422 0.7422
vt 0.5127 0.7439 0.7439
vt 0.5142 0.7439 0.7439
vt 0.5117 0.7400 0.7400
vt 0.5146 0.7424 0.7424
vt 0.6509 0.7501 0.7501
vt 0.5156 0.7410 0.7410
vt 0.6499 0.7488 0.7488
vt 0.6514 0.7483 0.7483
vt 0.6523 0.7493 0.7493
vt 0.6489 0.7471 0.7471
vt 0.5142 0.7400 0.7400
vt 0.6523 0.7468 0.7468
vt 0.6538 0.7478 0.7478
vt 0.6602 0.6653 0.6653
vt 0.6504 0.7466 0.7466
vt 0.6587 0.6643 0.6643
vt 0.6509 0.7454 0.7454
vt 0.6475 0.7437 0.7437
vt 0.6592 0.6628 0.6628
vt 0.6606 0.6641 0.6641
vt 0.6572 0.6626 0.6626
vt 0.6606 0.6619 0.6619
vt 0.6616 0.6636 0.6636
vt 0.7446 0.6677 0.6677
vt 0.7446 0.6663 0.6663
vt 0.7446 0.6648 0.6648
vt 0.6592 0.6604 0.6604
vt 0.7446 0.6619 0.6619
vt 0.6577 0.6611 0.6611
vt 0.6597 0.6572 0.6572
vt 0.6611 0.6560 0.6560
vt 0.7446 0.6604 0.6604
vt 0.6616 0.6545 0.6545
vt 0.7446 0.6589 0.6589
vt 0.6606 0.6538 0.6538
vt 0.6597 0.6550 0.6550
vt 0.6582 0.6565 0.6565
vt 0.6592 0.6533 0.6533
vt 0.6606 0.6526 0.6526
vt 0.6577 0.6548 0.6548
vt 0.6587 0.5593 0.5593
vt 0.6602 0.5593 0.5593
vt 0.6606 0.4663 0.4663
vt 0.6572 0.5593 0.5593
vt 0.6592 0.4658 0.4658
vt 0.6597 0.4639 0.4639
vt 0.6611 0.4648 0.4648
vt 0.6577 0.4644 0.4644
vt 0.6611 0.4629 0.4629
vt 0.6621 0.4644 0.4644
vt 0.7456 0.4604 0.4604
vt 0.7456 0.4585 0.4585
vt 0.7456 0.4570 0.4570
vt 0.6582 0.4624 0.4624
vt 0.6597 0.4619 0.4619
vt 0.6597 0.4585 0.4585
vt 0.7451 0.4541 0.4541
vt 0.6582 0.4580 0.4580
vt 0.6611 0.4570 0.4570
vt 0.7451 0.4526 0.4526
vt 0.6616 0.4556 0.4556
vt 0.7451 0.4512 0.4512
vt 0.6606 0.4551 0.4551
vt 0.6597 0.4561 0.4561
vt 0.6587 0.4546 0.4546
vt 0.6602 0.4536 0.4536
vt 0.6572 0.4565 0.4565
vt 0.6519 0.3726 0.3726
vt 0.6533 0.3721 0.3721
vt 0.6509 0.3745 0.3745
vt 0.6514 0.3716 0.3716
vt 0.6523 0.3706 0.3706
vt 0.6504 0.3696 0.3696
vt 0.6499 0.3730 0.3730
vt 0.6499 0.3711 0.3711
vt 0.5137 0.3735 0.3735
vt 0.6475 0.3760 0.3760
vt 0.5142 0.3750 0.3750
vt 0.6484 0.3726 0.3726
vt 0.5122 0.3750 0.3750
vt 0.5122 0.3730 0.3730
vt 0.5112 0.3735 0.3735
vt 0.5146 0.3760 0.3760
vt 0.6455 0.3755 0.3755
vt 0.5107 0.3750 0.3750
vt 0.4395 0.3770 0.3770
vt 0.4392 0.3784 0.3784
vt 0.3945 0.3740 0.3740
vt 0.3945 0.3755 0.3755
vt 0.5098 0.3765 0.3765
vt 0.4392 0.3799 0.3799
vt 0.4412 0.3833 0.3833
vt 0.4419 0.3828 0.3828
vt 0.5117 0.3774 0.3774
vt 0.4407 0.3848 0.3848
vt 0.5132 0.3779 0.3779
vt 0.5093 0.3794 0.3794
vt 0.5127 0.3799 0.3799
vt 0.4429 0.3848 0.3848
vt 0.5107 0.3799 0.3799
vt 0.5142 0.3794 0.3794
vt 0.5122 0.3813 0.3813
vt 0.5161 0.3794 0.3794
vt 0.5103 0.3818 0.3818
vt 0.6440 0.3770 0.3770
vt 0.5083 0.3809 0.3809
vt 0.6460 0.3779 0.3779
vt 0.4441 0.3838 0.3838
vt 0.4453 0.3853 0.3853
vt 0.5078 0.3823 0.3823
vt 0.4441 0.3857 0.3857
vt 0.5093 0.3828 0.3828
vt 0.4421 0.3862 0.3862
vt 0.4436 0.3872 0.3872
vt 0.5112 0.3838 0.3838
vt 0.5098 0.3843 0.3843
vt 0.5132 0.4585 0.4585
vt 0.4456 0.4614 0.4614
vt 0.4473 0.4604 0.4604
vt 0.4480 0.4619 0.4619
vt 0.5146 0.4590 0.4590
vt 0.5127 0.4600 0.4600
vt 0.5127 0.3833 0.3833
vt 0.5137 0.4609 0.4609
vt 0.5117 0.4604 0.4604
vt 0.5166 0.4604 0.4604
vt 0.5127 0.3818 0.3818
vt 0.5151 0.3813 0.3813
vt 0.5171 0.4604 0.4604
vt 0.5171 0.3809 0.3809
vt 0.5142 0.3833 0.3833
vt 0.6436 0.3784 0.3784
vt 0.5171 0.3818 0.3818
vt 0.6450 0.3789 0.3789
vt 0.5161 0.3828 0.3828
vt 0.5156 0.3838 0.3838
vt 0.5200 0.4585 0.4585
vt 0.5186 0.4595 0.4595
vt 0.5205 0.4595 0.4595
vt 0.6470 0.3794 0.3794
vt 0.6455 0.3799 0.3799
vt 0.6514 0.4541 0.4541
vt 0.5195 0.4604 0.4604
vt 0.6528 0.4551 0.4551
vt 0.6509 0.4556 0.4556
vt 0.6479 0.3774 0.3774
vt 0.6543 0.4565 0.4565
vt 0.6523 0.4565 0.4565
vt 0.6538 0.4580 0.4580
vt 0.6504 0.4575 0.4575
vt 0.6499 0.4561 0.4561
vt 0.5220 0.4600 0.4600
vt 0.6519 0.4590 0.4590
vt 0.6538 0.4629 0.4629
vt 0.5215 0.4614 0.4614
vt 0.5200 0.4629 0.4629
vt 0.5181 0.4624 0.4624
vt 0.6523 0.4619 0.4619
vt 0.5156 0.4624 0.4624
vt 0.5181 0.4673 0.4673
vt 0.5137 0.4629 0.4629
vt 0.5195 0.4663 0.4663
vt 0.5122 0.4614 0.4614
vt 0.4487 0.4639 0.4639
vt 0.4492 0.4624 0.4624
vt 0.4485 0.4653 0.4653
vt 0.4465 0.4629 0.4629
vt 0.4458 0.4644 0.4644
vt 0.4448 0.4629 0.4629
vt 0.4460 0.4692 0.4692
vt 0.4451 0.4707 0.4707
vt 0.4485 0.4683 0.4683
vt 0.4470 0.4707 0.4707
vt 0.5142 0.4668 0.4668
vt 0.4490 0.4697 0.4697
vt 0.5156 0.4673 0.4673
vt 0.5127 0.4688 0.4688
vt 0.5142 0.4692 0.4692
vt 0.5117 0.4697 0.4697
vt 0.4495 0.4707 0.4707
vt 0.5132 0.4702 0.4702
vt 0.4482 0.4717 0.4717
vt 0.5151 0.4707 0.4707
vt 0.4460 0.4722 0.4722
vt 0.5137 0.4712 0.4712
vt 0.4478 0.4727 0.4727
vt 0.4490 0.5525 0.5525
vt 0.4475 0.5537 0.5537
vt 0.4497 0.5540 0.5540
vt 0.4465 0.5559 0.5559
vt 0.4485 0.5549 0.5549
vt 0.4504 0.5559 0.5559
vt 0.4509 0.5544 0.5544
vt 0.5137 0.5544 0.5544
vt 0.4475 0.5566 0.5566
vt 0.5142 0.5557 0.5557
vt 0.4502 0.5571 0.5571
vt 0.4475 0.5605 0.5605
vt 0.5156 0.5549 0.5549
vt 0.5151 0.5540 0.5540
vt 0.5156 0.5571 0.5571
vt 0.4502 0.5601 0.5601
vt 0.4465 0.5613 0.5613
vt 0.4485 0.5623 0.5623
vt 0.4456 0.6465 0.6465
vt 0.4475 0.5635 0.5635
vt 0.4497 0.5632 0.5632
vt 0.4490 0.5647 0.5647
vt 0.4504 0.5613 0.5613
vt 0.4509 0.5627 0.5627
vt 0.5137 0.5630 0.5630
vt 0.4465 0.6450 0.6450
vt 0.4482 0.6443 0.6443
vt 0.4487 0.6458 0.6458
vt 0.5142 0.5618 0.5618
vt 0.5151 0.5635 0.5635
vt 0.5156 0.5601 0.5601
vt 0.5156 0.5625 0.5625
vt 0.5166 0.5640 0.5640
vt 0.5156 0.5647 0.5647
vt 0.5146 0.6465 0.6465
vt 0.5176 0.5564 0.5564
vt 0.5161 0.6472 0.6472
vt 0.5142 0.6477 0.6477
vt 0.5181 0.5625 0.5625
vt 0.5176 0.5608 0.5608
vt 0.5151 0.6487 0.6487
vt 0.5127 0.6482 0.6482
vt 0.5176 0.6489 0.6489
vt 0.5132 0.6494 0.6494
vt 0.5186 0.5625 0.5625
vt 0.4495 0.6475 0.6475
vt 0.4500 0.6462 0.6462
vt 0.5146 0.6511 0.6511
vt 0.4475 0.6467 0.6467
vt 0.4490 0.6489 0.6489
vt 0.4465 0.6482 0.6482
vt 0.4465 0.6526 0.6526
vt 0.4453 0.6541 0.6541
vt 0.4490 0.6519 0.6519
vt 0.4409 0.7317 0.7317
vt 0.4473 0.6541 0.6541
vt 0.4414 0.7334 0.7334
vt 0.4463 0.6558 0.6558
vt 0.4424 0.7339 0.7339
vt 0.4434 0.7319 0.7319
vt 0.4424 0.7305 0.7305
vt 0.5098 0.7375 0.7375
vt 0.4446 0.7329 0.7329
vt 0.4443 0.7310 0.7310
vt 0.4438 0.7297 0.7297
vt 0.4458 0.7314 0.7314
vt 0.4478 0.6565 0.6565
vt 0.4485 0.6553 0.6553
vt 0.5088 0.7361 0.7361
vt 0.5083 0.7349 0.7349
vt 0.4495 0.6533 0.6533
vt 0.4497 0.6548 0.6548
vt 0.5122 0.6572 0.6572
vt 0.5132 0.6560 0.6560
vt 0.5137 0.6577 0.6577
vt 0.5146 0.6545 0.6545
vt 0.5146 0.6567 0.6567
vt 0.5156 0.6582 0.6582
vt 0.5142 0.6589 0.6589
vt 0.5161 0.6553 0.6553
vt 0.5117 0.7336 0.7336
vt 0.5103 0.7332 0.7332
vt 0.5098 0.7344 0.7344
vt 0.5171 0.6567 0.6567
vt 0.5132 0.7339 0.7339
vt 0.5107 0.7354 0.7354
vt 0.5112 0.7375 0.7375
vt 0.5127 0.7356 0.7356
vt 0.5132 0.7375 0.7375
vt 0.5132 0.7371 0.7371
vt 0.5137 0.7339 0.7339
vt 0.5137 0.7356 0.7356
vt 0.5151 0.7371 0.7371
vt 0.5176 0.6567 0.6567
vt 0.5171 0.7375 0.7375
vt 0.5186 0.6550 0.6550
vt 0.6460 0.7441 0.7441
vt 0.6445 0.7427 0.7427
vt 0.6460 0.7419 0.7419
vt 0.6484 0.7419 0.7419
vt 0.6450 0.7407 0.7407
vt 0.6543 0.6626 0.6626
vt 0.6470 0.7405 0.7405
vt 0.6436 0.7412 0.7412
vt 0.6455 0.7395 0.7395
vt 0.5186 0.7349 0.7349
vt 0.6514 0.6646 0.6646
vt 0.5181 0.7363 0.7363
vt 0.5171 0.7344 0.7344
vt 0.5156 0.7354 0.7354
vt 0.5151 0.7334 0.7334
vt 0.5166 0.7332 0.7332
vt 0.5190 0.6582 0.6582
vt 0.5205 0.6592 0.6592
vt 0.5200 0.6567 0.6567
vt 0.5210 0.6577 0.6577
vt 0.5215 0.6563 0.6563
vt 0.5220 0.6572 0.6572
vt 0.6494 0.6626 0.6626
vt 0.5205 0.6545 0.6545
vt 0.6504 0.6614 0.6614
vt 0.6509 0.6633 0.6633
vt 0.5205 0.6514 0.6514
vt 0.6519 0.6624 0.6624
vt 0.6519 0.6599 0.6599
vt 0.6519 0.6570 0.6570
vt 0.6528 0.6641 0.6641
vt 0.6533 0.6609 0.6609
vt 0.6538 0.6563 0.6563
vt 0.6523 0.6545 0.6545
vt 0.6548 0.6545 0.6545
vt 0.6538 0.5623 0.5623
vt 0.6504 0.6555 0.6555
vt 0.6533 0.6531 0.6531
vt 0.6514 0.6533 0.6533
vt 0.6499 0.6538 0.6538
vt 0.6519 0.6521 0.6521
vt 0.5225 0.6487 0.6487
vt 0.6514 0.5657 0.5657
vt 0.5220 0.6499 0.6499
vt 0.5215 0.6482 0.6482
vt 0.6528 0.5645 0.5645
vt 0.6509 0.5642 0.5642
vt 0.5205 0.6492 0.6492
vt 0.6519 0.5632 0.5632
vt 0.5186 0.6506 0.6506
vt 0.5195 0.6477 0.6477
vt 0.5210 0.6470 0.6470
vt 0.5181 0.6489 0.6489
vt 0.5166 0.6504 0.6504
vt 0.5200 0.5642 0.5642
vt 0.5215 0.5649 0.5649
vt 0.5210 0.5625 0.5625
vt 0.5220 0.5635 0.5635
vt 0.5195 0.5608 0.5608
vt 0.5225 0.5618 0.5618
vt 0.5229 0.5630 0.5630
vt 0.6494 0.5637 0.5637
vt 0.5210 0.5603 0.5603
vt 0.6499 0.5623 0.5623
vt 0.6504 0.5610 0.5610
vt 0.5215 0.5569 0.5569
vt 0.6528 0.5615 0.5615
vt 0.6528 0.5574 0.5574
vt 0.6504 0.5579 0.5579
vt 0.6538 0.5566 0.5566
vt 0.6519 0.5557 0.5557
vt 0.6548 0.4644 0.4644
vt 0.6528 0.5542 0.5542
vt 0.6523 0.4644 0.4644
vt 0.6533 0.4658 0.4658
vt 0.6509 0.5544 0.5544
vt 0.6509 0.4634 0.4634
vt 0.6514 0.5532 0.5532
vt 0.6519 0.4668 0.4668
vt 0.6514 0.4653 0.4653
vt 0.6499 0.4648 0.4648
vt 0.5210 0.4678 0.4678
vt 0.5215 0.4692 0.4692
vt 0.5205 0.4697 0.4697
vt 0.5195 0.4688 0.4688
vt 0.5200 0.4712 0.4712
vt 0.5171 0.4688 0.4688
vt 0.5186 0.4702 0.4702
vt 0.5215 0.5525 0.5525
vt 0.5166 0.4692 0.4692
vt 0.5200 0.5532 0.5532
vt 0.5220 0.5537 0.5537
vt 0.5190 0.5547 0.5547
vt 0.5181 0.5547 0.5547
vt 0.5210 0.5547 0.5547
vt 0.5229 0.5554 0.5554
vt 0.5234 0.5542 0.5542
vt 0.5195 0.5564 0.5564
vt 0.5166 0.5532 0.5532
vt 0.5156 0.5527 0.5527
vt 0.6499 0.5564 0.5564
vt 0.6494 0.5552 0.5552
vt 0.4441 0.1504 0.1504
vt 0.4436 0.1479 0.1479
vt 0.4443 0.1484 0.1484
vt 0.4431 0.1504 0.1504
vt 0.4436 0.1528 0.1528
vt 0.4399 0.1499 0.1499
vt 0.4404 0.1475 0.1475
vt 0.4429 0.1523 0.1523
vt 0.4434 0.1548 0.1548
vt 0.4397 0.1519 0.1519
vt 0.4424 0.1548 0.1548
vt 0.4392 0.1543 0.1543
vt 0.4390 0.1567 0.1567
vt 0.4421 0.1567 0.1567
vt 0.4431 0.1572 0.1572
vt 0.4390 0.1592 0.1592
vt 0.4421 0.1592 0.1592
vt 0.4429 0.1592 0.1592
vt 0.4387 0.1611 0.1611
vt 0.4419 0.1616 0.1616
vt 0.4429 0.1616 0.1616
vt 0.4387 0.1636 0.1636
vt 0.4419 0.1636 0.1636
vt 0.4426 0.1636 0.1636
vt 0.4426 0.1660 0.1660
vt 0.4419 0.1660 0.1660
vt 0.4387 0.1660 0.1660
vt 0.4426 0.1680 0.1680
vt 0.4419 0.1680 0.1680
vt 0.4387 0.1680 0.1680
vt 0.4387 0.1704 0.1704
vt 0.4419 0.1704 0.1704
vt 0.4429 0.1704 0.1704
vt 0.4390 0.1729 0.1729
vt 0.4421 0.1724 0.1724
vt 0.4429 0.1724 0.1724
vt 0.4431 0.1748 0.1748
vt 0.4421 0.1748 0.1748
vt 0.4390 0.1753 0.1753
vt 0.4434 0.1768 0.1768
vt 0.4424 0.1768 0.1768
vt 0.4392 0.1772 0.1772
vt 0.4429 0.1792 0.1792
vt 0.4436 0.1792 0.1792
vt 0.4397 0.1797 0.1797
vt 0.4431 0.1816 0.1816
vt 0.4441 0.1812 0.1812
vt 0.4399 0.1821 0.1821
vt 0.4443 0.1836 0.1836
vt 0.4404 0.1841 0.1841
vt 0.4436 0.1836 0.1836
vt 0.4429 0.2192 0.2192
vt 0.4446 0.2158 0.2158
vt 0.4451 0.2188 0.2188
vt 0.4424 0.2153 0.2153
vt 0.4443 0.2148 0.2148
vt 0.4424 0.2163 0.2163
vt 0.4407 0.2197 0.2197
vt 0.4402 0.2158 0.2158
vt 0.4402 0.2163 0.2163
vt 0.4385 0.2197 0.2197
vt 0.4380 0.2168 0.2168
vt 0.4380 0.2158 0.2158
vt 0.4360 0.2202 0.2202
vt 0.4358 0.2168 0.2168
vt 0.4358 0.2163 0.2163
vt 0.4336 0.2163 0.2163
vt 0.4336 0.2173 0.2173
vt 0.4338 0.2202 0.2202
vt 0.4314 0.2163 0.2163
vt 0.4314 0.2173 0.2173
vt 0.4314 0.2207 0.2207
vt 0.4292 0.2207 0.2207
vt 0.4292 0.2173 0.2173
vt 0.4290 0.2168 0.2168
vt 0.4268 0.2207 0.2207
vt 0.4268 0.2173 0.2173
vt 0.4268 0.2168 0.2168
vt 0.4246 0.2168 0.2168
vt 0.4246 0.2173 0.2173
vt 0.4246 0.2207 0.2207
vt 0.4224 0.2163 0.2163
vt 0.4224 0.2173 0.2173
vt 0.4221 0.2207 0.2207
vt 0.4202 0.2163 0.2163
vt 0.4202 0.2173 0.2173
vt 0.4199 0.2202 0.2202
vt 0.4180 0.2163 0.2163
vt 0.4180 0.2168 0.2168
vt 0.4177 0.2202 0.2202
vt 0.4153 0.2202 0.2202
vt 0.4158 0.2168 0.2168
vt 0.4158 0.2158 0.2158
vt 0.4131 0.2197 0.2197
vt 0.4136 0.2163 0.2163
vt 0.4136 0.2158 0.2158
vt 0.4114 0.2163 0.2163
vt 0.4109 0.2192 0.2192
vt 0.4114 0.2153 0.2153
vt 0.4092 0.2158 0.2158
vt 0.4084 0.2188 0.2188
vt 0.4092 0.2148 0.2148
vt 0.5293 0.2212 0.2212
vt 0.5308 0.2173 0.2173
vt 0.5313 0.2207 0.2207
vt 0.5283 0.2173 0.2173
vt 0.5308 0.2168 0.2168
vt 0.5288 0.2178 0.2178
vt 0.5269 0.2217 0.2217
vt 0.5264 0.2173 0.2173
vt 0.5264 0.2183 0.2183
vt 0.5244 0.2217 0.2217
vt 0.5244 0.2188 0.2188
vt 0.5239 0.2178 0.2178
vt 0.5225 0.2222 0.2222
vt 0.5220 0.2188 0.2188
vt 0.5220 0.2178 0.2178
vt 0.5195 0.2183 0.2183
vt 0.5200 0.2192 0.2192
vt 0.5200 0.2222 0.2222
vt 0.5176 0.2183 0.2183
vt 0.5176 0.2192 0.2192
vt 0.5176 0.2222 0.2222
vt 0.5156 0.2227 0.2227
vt 0.5151 0.2192 0.2192
vt 0.5151 0.2183 0.2183
vt 0.5132 0.2227 0.2227
vt 0.5132 0.2192 0.2192
vt 0.5132 0.2183 0.2183
vt 0.5107 0.2183 0.2183
vt 0.5107 0.2192 0.2192
vt 0.5107 0.2227 0.2227
vt 0.5088 0.2183 0.2183
vt 0.5088 0.2192 0.2192
vt 0.5083 0.2222 0.2222
vt 0.5063 0.2183 0.2183
vt 0.5063 0.2192 0.2192
vt 0.5063 0.2222 0.2222
vt 0.5044 0.2178 0.2178
vt 0.5044 0.2188 0.2188
vt 0.5039 0.2222 0.2222
vt 0.5015 0.2217 0.2217
vt 0.5020 0.2188 0.2188
vt 0.5020 0.2178 0.2178
vt 0.4995 0.2217 0.2217
vt 0.4998 0.2183 0.2183
vt 0.5000 0.2173 0.2173
vt 0.4976 0.2178 0.2178
vt 0.4971 0.2212 0.2212
vt 0.4978 0.2173 0.2173
vt 0.4954 0.2173 0.2173
vt 0.4949 0.2207 0.2207
vt 0.4956 0.2168 0.2168
vt 0.9414 0.3931 0.3931
vt 0.8262 0.3916 0.3916
vt 0.9414 0.3916 0.3916
vt 0.6724 0.3931 0.3931
vt 0.6724 0.3916 0.3916
vt 0.8262 0.3936 0.3936
vt 0.9414 0.3965 0.3965
vt 0.6724 0.3965 0.3965
vt 0.8262 0.3970 0.3970
vt 0.3992 0.5149 0.5149
vt 0.3972 0.3994 0.3994
vt 0.3992 0.3994 0.3994
vt 0.3975 0.5149 0.5149
vt 0.3992 0.6689 0.6689
vt 0.3972 0.6689 0.6689
vt 0.3940 0.5149 0.5149
vt 0.3940 0.3994 0.3994
vt 0.3940 0.6689 0.6689
vt 0.0363 0.0068 0.0068
vt 0.2502 0.0259 0.0259
vt 0.0354 0.0093 0.0093
vt 0.2512 0.0239 0.0239
vt 0.0217 0.1826 0.1826
vt 0.2524 0.0264 0.0264
vt 0.3613 0.0229 0.0229
vt 0.2460 0.1938 0.1938
vt 0.0208 0.2827 0.2827
vt 0.3611 0.0254 0.0254
vt 0.3635 0.0249 0.0249
vt 0.3608 0.1929 0.1929
vt 0.3633 0.1929 0.1929
vt 0.3628 0.2856 0.2856
vt 0.2484 0.1938 0.1938
vt 0.2458 0.2852 0.2852
vt 0.3604 0.2856 0.2856
vt 0.2454 0.3765 0.3765
vt 0.0205 0.3833 0.3833
vt 0.0296 0.5540 0.5540
vt 0.2483 0.2852 0.2852
vt 0.2505 0.5459 0.5459
vt 0.0305 0.5564 0.5564
vt 0.2517 0.5481 0.5481
vt 0.2478 0.3765 0.3765
vt 0.2527 0.5459 0.5459
vt 0.3613 0.5488 0.5488
vt 0.3604 0.3784 0.3784
vt 0.3628 0.3784 0.3784
vt 0.3635 0.5469 0.5469
vt 0.3611 0.5466 0.5466
vt 0.4954 0.2441 0.2441
vt 0.4978 0.2432 0.2432
vt 0.4978 0.2441 0.2441
vt 0.4980 0.2446 0.2446
vt 0.4954 0.2427 0.2427
vt 0.4980 0.2427 0.2427
vt 0.4961 0.2461 0.2461
vt 0.4985 0.2451 0.2451
vt 0.4946 0.2446 0.2446
vt 0.4961 0.2412 0.2412
vt 0.4985 0.2417 0.2417
vt 0.4973 0.2471 0.2471
vt 0.4993 0.2456 0.2456
vt 0.4973 0.2397 0.2397
vt 0.4993 0.2417 0.2417
vt 0.4946 0.2427 0.2427
vt 0.4954 0.2407 0.2407
vt 0.4988 0.2393 0.2393
vt 0.4939 0.2446 0.2446
vt 0.4939 0.2422 0.2422
vt 0.4949 0.2402 0.2402
vt 0.4963 0.2388 0.2388
vt 0.4954 0.2466 0.2466
vt 0.4949 0.2466 0.2466
vt 0.4968 0.2393 0.2393
vt 0.4985 0.2378 0.2378
vt 0.4988 0.2383 0.2383
vt 0.5005 0.2393 0.2393
vt 0.5000 0.2417 0.2417
vt 0.5005 0.2383 0.2383
vt 0.5010 0.2378 0.2378
vt 0.5020 0.2397 0.2397
vt 0.5005 0.2417 0.2417
vt 0.5024 0.2393 0.2393
vt 0.5029 0.2388 0.2388
vt 0.5034 0.2412 0.2412
vt 0.5010 0.2427 0.2427
vt 0.5039 0.2407 0.2407
vt 0.5044 0.2402 0.2402
vt 0.5039 0.2427 0.2427
vt 0.5015 0.2432 0.2432
vt 0.5015 0.2441 0.2441
vt 0.5044 0.2427 0.2427
vt 0.5054 0.2422 0.2422
vt 0.5054 0.2446 0.2446
vt 0.5039 0.2441 0.2441
vt 0.5010 0.2446 0.2446
vt 0.5044 0.2446 0.2446
vt 0.5044 0.2466 0.2466
vt 0.5034 0.2461 0.2461
vt 0.5005 0.2451 0.2451
vt 0.5039 0.2466 0.2466
vt 0.5029 0.2485 0.2485
vt 0.5020 0.2471 0.2471
vt 0.5024 0.2476 0.2476
vt 0.5010 0.2495 0.2495
vt 0.5000 0.2456 0.2456
vt 0.5005 0.2485 0.2485
vt 0.5005 0.2476 0.2476
vt 0.4988 0.2485 0.2485
vt 0.4985 0.2495 0.2495
vt 0.4963 0.2485 0.2485
vt 0.4988 0.2476 0.2476
vt 0.4968 0.2476 0.2476
vt 0.4248 0.0732 0.0732
vt 0.4224 0.0728 0.0728
vt 0.4224 0.0723 0.0723
vt 0.4160 0.0723 0.0723
vt 0.4243 0.0737 0.0737
vt 0.4280 0.0791 0.0791
vt 0.4158 0.0728 0.0728
vt 0.4275 0.0791 0.0791
vt 0.4221 0.0732 0.0732
vt 0.4238 0.0742 0.0742
vt 0.4275 0.0815 0.0815
vt 0.4280 0.0815 0.0815
vt 0.4270 0.0796 0.0796
vt 0.4214 0.0767 0.0767
vt 0.4243 0.0869 0.0869
vt 0.4248 0.0874 0.0874
vt 0.4270 0.0815 0.0815
vt 0.4238 0.0806 0.0806
vt 0.4241 0.0869 0.0869
vt 0.4224 0.0884 0.0884
vt 0.4226 0.0889 0.0889
vt 0.4216 0.0845 0.0845
vt 0.4224 0.0879 0.0879
vt 0.4160 0.0884 0.0884
vt 0.4160 0.0889 0.0889
vt 0.4138 0.0874 0.0874
vt 0.4163 0.0879 0.0879
vt 0.4192 0.0806 0.0806
vt 0.4170 0.0845 0.0845
vt 0.4146 0.0869 0.0869
vt 0.4141 0.0869 0.0869
vt 0.4104 0.0815 0.0815
vt 0.4148 0.0806 0.0806
vt 0.4116 0.0815 0.0815
vt 0.4109 0.0815 0.0815
vt 0.4104 0.0791 0.0791
vt 0.4116 0.0796 0.0796
vt 0.4170 0.0767 0.0767
vt 0.4109 0.0791 0.0791
vt 0.4160 0.0732 0.0732
vt 0.4148 0.0742 0.0742
vt 0.4143 0.0737 0.0737
vt 0.4136 0.0732 0.0732
vt 0.9004 0.1665 0.1665
vt 0.9004 0.1689 0.1689
vt 0.8999 0.1685 0.1685
vt 0.8989 0.1685 0.1685
vt 0.9019 0.1670 0.1670
vt 0.9009 0.1694 0.1694
vt 0.8984 0.1665 0.1665
vt 0.8984 0.1689 0.1689
vt 0.9004 0.1655 0.1655
vt 0.9028 0.1680 0.1680
vt 0.9014 0.1704 0.1704
vt 0.8970 0.1670 0.1670
vt 0.8979 0.1694 0.1694
vt 0.9038 0.1699 0.1699
vt 0.9014 0.1709 0.1709
vt 0.9023 0.1665 0.1665
vt 0.9038 0.1675 0.1675
vt 0.9038 0.1714 0.1714
vt 0.9004 0.1646 0.1646
vt 0.9028 0.1655 0.1655
vt 0.9043 0.1675 0.1675
vt 0.9053 0.1694 0.1694
vt 0.8984 0.1655 0.1655
vt 0.8984 0.1646 0.1646
vt 0.9043 0.1694 0.1694
vt 0.9053 0.1719 0.1719
vt 0.9043 0.1714 0.1714
vt 0.9028 0.1729 0.1729
vt 0.9009 0.1719 0.1719
vt 0.9038 0.1733 0.1733
vt 0.9043 0.1738 0.1738
vt 0.9019 0.1743 0.1743
vt 0.9004 0.1724 0.1724
vt 0.9023 0.1748 0.1748
vt 0.9028 0.1753 0.1753
vt 0.9004 0.1748 0.1748
vt 0.8999 0.1724 0.1724
vt 0.9004 0.1758 0.1758
vt 0.9004 0.1763 0.1763
vt 0.8984 0.1748 0.1748
vt 0.8989 0.1724 0.1724
vt 0.8984 0.1724 0.1724
vt 0.8984 0.1758 0.1758
vt 0.8984 0.1763 0.1763
vt 0.8960 0.1753 0.1753
vt 0.8970 0.1743 0.1743
vt 0.8979 0.1719 0.1719
vt 0.8965 0.1748 0.1748
vt 0.8945 0.1738 0.1738
vt 0.8955 0.1729 0.1729
vt 0.8975 0.1709 0.1709
vt 0.8950 0.1733 0.1733
vt 0.8936 0.1719 0.1719
vt 0.8950 0.1714 0.1714
vt 0.8945 0.1714 0.1714
vt 0.8936 0.1694 0.1694
vt 0.8975 0.1704 0.1704
vt 0.8945 0.1694 0.1694
vt 0.8950 0.1699 0.1699
vt 0.8950 0.1675 0.1675
vt 0.8945 0.1675 0.1675
vt 0.8960 0.1655 0.1655
vt 0.8955 0.1680 0.1680
vt 0.8965 0.1665 0.1665
vt 0.7021 0.0068 0.0068
vt 0.6997 0.0073 0.0073
vt 0.6997 0.0068 0.0068
vt 0.6938 0.0103 0.0103
vt 0.7021 0.0073 0.0073
vt 0.7080 0.0103 0.0103
vt 0.6943 0.0107 0.0107
vt 0.7075 0.0107 0.0107
vt 0.7002 0.0078 0.0078
vt 0.7021 0.0078 0.0078
vt 0.7090 0.0127 0.0127
vt 0.7095 0.0127 0.0127
vt 0.7070 0.0112 0.0112
vt 0.7012 0.0112 0.0112
vt 0.7085 0.0190 0.0190
vt 0.7090 0.0190 0.0190
vt 0.7080 0.0127 0.0127
vt 0.7051 0.0137 0.0137
vt 0.7080 0.0186 0.0186
vt 0.7075 0.0210 0.0210
vt 0.7080 0.0215 0.0215
vt 0.7051 0.0181 0.0181
vt 0.7070 0.0205 0.0205
vt 0.7021 0.0239 0.0239
vt 0.7021 0.0244 0.0244
vt 0.6997 0.0244 0.0244
vt 0.7017 0.0234 0.0234
vt 0.7012 0.0156 0.0156
vt 0.7012 0.0200 0.0200
vt 0.6997 0.0234 0.0234
vt 0.6997 0.0239 0.0239
vt 0.6938 0.0210 0.0210
vt 0.6973 0.0181 0.0181
vt 0.6948 0.0205 0.0205
vt 0.6943 0.0210 0.0210
vt 0.6929 0.0190 0.0190
vt 0.6938 0.0186 0.0186
vt 0.6973 0.0137 0.0137
vt 0.6934 0.0186 0.0186
vt 0.6948 0.0112 0.0112
vt 0.6938 0.0122 0.0122
vt 0.6934 0.0122 0.0122
vt 0.6929 0.0122 0.0122
vt 0.5977 0.2373 0.2373
vt 0.5977 0.2402 0.2402
vt 0.5972 0.2397 0.2397
vt 0.5962 0.2397 0.2397
vt 0.5991 0.2383 0.2383
vt 0.5981 0.2407 0.2407
vt 0.5957 0.2373 0.2373
vt 0.5957 0.2402 0.2402
vt 0.5977 0.2368 0.2368
vt 0.6001 0.2393 0.2393
vt 0.5986 0.2412 0.2412
vt 0.5942 0.2383 0.2383
vt 0.5952 0.2407 0.2407
vt 0.6011 0.2407 0.2407
vt 0.5986 0.2422 0.2422
vt 0.5996 0.2378 0.2378
vt 0.6011 0.2388 0.2388
vt 0.6011 0.2427 0.2427
vt 0.5977 0.2358 0.2358
vt 0.6001 0.2368 0.2368
vt 0.6016 0.2383 0.2383
vt 0.6025 0.2407 0.2407
vt 0.5957 0.2368 0.2368
vt 0.5957 0.2358 0.2358
vt 0.6016 0.2407 0.2407
vt 0.6025 0.2432 0.2432
vt 0.6016 0.2427 0.2427
vt 0.6001 0.2441 0.2441
vt 0.5981 0.2427 0.2427
vt 0.6011 0.2446 0.2446
vt 0.6016 0.2451 0.2451
vt 0.5991 0.2456 0.2456
vt 0.5977 0.2437 0.2437
vt 0.5996 0.2461 0.2461
vt 0.6001 0.2466 0.2466
vt 0.5977 0.2461 0.2461
vt 0.5972 0.2437 0.2437
vt 0.5977 0.2466 0.2466
vt 0.5977 0.2476 0.2476
vt 0.5957 0.2461 0.2461
vt 0.5962 0.2437 0.2437
vt 0.5957 0.2437 0.2437
vt 0.5957 0.2466 0.2466
vt 0.5957 0.2476 0.2476
vt 0.5933 0.2466 0.2466
vt 0.5942 0.2456 0.2456
vt 0.5952 0.2427 0.2427
vt 0.5938 0.2461 0.2461
vt 0.5918 0.2451 0.2451
vt 0.5928 0.2441 0.2441
vt 0.5947 0.2422 0.2422
vt 0.5923 0.2446 0.2446
vt 0.5908 0.2432 0.2432
vt 0.5923 0.2427 0.2427
vt 0.5918 0.2427 0.2427
vt 0.5908 0.2407 0.2407
vt 0.5947 0.2412 0.2412
vt 0.5918 0.2407 0.2407
vt 0.5923 0.2407 0.2407
vt 0.5923 0.2388 0.2388
vt 0.5918 0.2383 0.2383
vt 0.5933 0.2368 0.2368
vt 0.5928 0.2393 0.2393
vt 0.5938 0.2378 0.2378
vt 0.5107 0.0747 0.0747
vt 0.5088 0.0742 0.0742
vt 0.5088 0.0737 0.0737
vt 0.5020 0.0737 0.0737
vt 0.5107 0.0752 0.0752
vt 0.5142 0.0806 0.0806
vt 0.5020 0.0742 0.0742
vt 0.5137 0.0806 0.0806
vt 0.5083 0.0747 0.0747
vt 0.5103 0.0757 0.0757
vt 0.5137 0.0830 0.0830
vt 0.5142 0.0830 0.0830
vt 0.5132 0.0811 0.0811
vt 0.5078 0.0781 0.0781
vt 0.5107 0.0884 0.0884
vt 0.5112 0.0889 0.0889
vt 0.5132 0.0830 0.0830
vt 0.5098 0.0820 0.0820
vt 0.5103 0.0879 0.0879
vt 0.5088 0.0898 0.0898
vt 0.5088 0.0903 0.0903
vt 0.5078 0.0859 0.0859
vt 0.5083 0.0889 0.0889
vt 0.5024 0.0898 0.0898
vt 0.5024 0.0903 0.0903
vt 0.5000 0.0889 0.0889
vt 0.5024 0.0889 0.0889
vt 0.5054 0.0820 0.0820
vt 0.5034 0.0859 0.0859
vt 0.5010 0.0879 0.0879
vt 0.5005 0.0884 0.0884
vt 0.4968 0.0830 0.0830
vt 0.5010 0.0820 0.0820
vt 0.4978 0.0830 0.0830
vt 0.4973 0.0830 0.0830
vt 0.4968 0.0806 0.0806
vt 0.4978 0.0811 0.0811
vt 0.5034 0.0781 0.0781
vt 0.4973 0.0806 0.0806
vt 0.5020 0.0747 0.0747
vt 0.5010 0.0757 0.0757
vt 0.5005 0.0752 0.0752
vt 0.5000 0.0747 0.0747
vt 0.6206 0.5996 0.5996
vt 0.6211 0.6003 0.6003
vt 0.6206 0.6001 0.6001
vt 0.6201 0.5994 0.5994
vt 0.6211 0.5999 0.5999
vt 0.6216 0.6003 0.6003
vt 0.6206 0.5994 0.5994
vt 0.6201 0.5989 0.5989
vt 0.6216 0.5999 0.5999
vt 0.6226 0.6001 0.6001
vt 0.6201 0.5981 0.5981
vt 0.6221 0.5996 0.5996
vt 0.6230 0.5994 0.5994
vt 0.6206 0.5984 0.5984
vt 0.6206 0.5977 0.5977
vt 0.6226 0.5994 0.5994
vt 0.6230 0.5989 0.5989
vt 0.6206 0.5979 0.5979
vt 0.6211 0.5972 0.5972
vt 0.6226 0.5989 0.5989
vt 0.6230 0.5981 0.5981
vt 0.6211 0.5977 0.5977
vt 0.6216 0.5972 0.5972
vt 0.6226 0.5984 0.5984
vt 0.6216 0.5977 0.5977
vt 0.6226 0.5977 0.5977
vt 0.6221 0.5979 0.5979
vt 0.6216 0.5989 0.5989
vt 0.4661 0.6047 0.6047
vt 0.4653 0.6047 0.6047
vt 0.4661 0.6042 0.6042
vt 0.4668 0.6042 0.6042
vt 0.4656 0.6050 0.6050
vt 0.4648 0.6052 0.6052
vt 0.4666 0.6047 0.6047
vt 0.4673 0.6047 0.6047
vt 0.4653 0.6055 0.6055
vt 0.4648 0.6060 0.6060
vt 0.4670 0.6050 0.6050
vt 0.4678 0.6052 0.6052
vt 0.4651 0.6060 0.6060
vt 0.4648 0.6064 0.6064
vt 0.4673 0.6055 0.6055
vt 0.4678 0.6060 0.6060
vt 0.4653 0.6064 0.6064
vt 0.4653 0.6072 0.6072
vt 0.4675 0.6060 0.6060
vt 0.4678 0.6064 0.6064
vt 0.4656 0.6067 0.6067
vt 0.4661 0.6074 0.6074
vt 0.4673 0.6064 0.6064
vt 0.4673 0.6072 0.6072
vt 0.4661 0.6069 0.6069
vt 0.4668 0.6074 0.6074
vt 0.4666 0.6069 0.6069
vt 0.4670 0.6067 0.6067
vt 0.4663 0.6060 0.6060
vt 0.6206 0.6179 0.6179
vt 0.6211 0.6187 0.6187
vt 0.6206 0.6182 0.6182
vt 0.6201 0.6177 0.6177
vt 0.6211 0.6182 0.6182
vt 0.6216 0.6187 0.6187
vt 0.6206 0.6177 0.6177
vt 0.6201 0.6169 0.6169
vt 0.6216 0.6182 0.6182
vt 0.6226 0.6182 0.6182
vt 0.6201 0.6172 0.6172
vt 0.6201 0.6165 0.6165
vt 0.6221 0.6179 0.6179
vt 0.6230 0.6177 0.6177
vt 0.6206 0.6165 0.6165
vt 0.6206 0.6160 0.6160
vt 0.6226 0.6177 0.6177
vt 0.6230 0.6169 0.6169
vt 0.6206 0.6162 0.6162
vt 0.6211 0.6155 0.6155
vt 0.6226 0.6169 0.6169
vt 0.6230 0.6165 0.6165
vt 0.6211 0.6160 0.6160
vt 0.6216 0.6155 0.6155
vt 0.6226 0.6165 0.6165
vt 0.6216 0.6160 0.6160
vt 0.6226 0.6160 0.6160
vt 0.6221 0.6162 0.6162
vt 0.6216 0.6169 0.6169
vt 0.5806 0.6309 0.6309
vt 0.5796 0.6309 0.6309
vt 0.5806 0.6306 0.6306
vt 0.5811 0.6306 0.6306
vt 0.5801 0.6311 0.6311
vt 0.5791 0.6313 0.6313
vt 0.5811 0.6309 0.6309
vt 0.5815 0.6309 0.6309
vt 0.5796 0.6316 0.6316
vt 0.5791 0.6321 0.6321
vt 0.5815 0.6311 0.6311
vt 0.5820 0.6313 0.6313
vt 0.5796 0.6321 0.6321
vt 0.5791 0.6328 0.6328
vt 0.5815 0.6316 0.6316
vt 0.5820 0.6321 0.6321
vt 0.5796 0.6326 0.6326
vt 0.5796 0.6333 0.6333
vt 0.5820 0.6328 0.6328
vt 0.5801 0.6331 0.6331
vt 0.5806 0.6335 0.6335
vt 0.5815 0.6326 0.6326
vt 0.5815 0.6333 0.6333
vt 0.5806 0.6331 0.6331
vt 0.5811 0.6335 0.6335
vt 0.5811 0.6331 0.6331
vt 0.5815 0.6331 0.6331
vt 0.5806 0.6321 0.6321
vt 0.6309 0.5806 0.5806
vt 0.6309 0.5811 0.5811
vt 0.6304 0.5806 0.5806
vt 0.6309 0.5798 0.5798
vt 0.6313 0.5811 0.5811
vt 0.6313 0.5818 0.5818
vt 0.6313 0.5801 0.5801
vt 0.6313 0.5793 0.5793
vt 0.6313 0.5813 0.5813
vt 0.6313 0.5796 0.5796
vt 0.6318 0.5791 0.5791
vt 0.6318 0.5815 0.5815
vt 0.6318 0.5820 0.5820
vt 0.6318 0.5793 0.5793
vt 0.6323 0.5791 0.5791
vt 0.6323 0.5815 0.5815
vt 0.6323 0.5820 0.5820
vt 0.6323 0.5793 0.5793
vt 0.6333 0.5793 0.5793
vt 0.6328 0.5813 0.5813
vt 0.6333 0.5818 0.5818
vt 0.6333 0.5811 0.5811
vt 0.6323 0.5806 0.5806
vt 0.6338 0.5806 0.5806
vt 0.6333 0.5806 0.5806
vt 0.6333 0.5798 0.5798
vt 0.6328 0.5796 0.5796
vt 0.6333 0.5801 0.5801
vt 0.6987 0.6196 0.6196
vt 0.6997 0.6194 0.6194
vt 0.6992 0.6199 0.6199
vt 0.6982 0.6204 0.6204
vt 0.6992 0.6194 0.6194
vt 0.6997 0.6189 0.6189
vt 0.6982 0.6199 0.6199
vt 0.6978 0.6204 0.6204
vt 0.6992 0.6189 0.6189
vt 0.6997 0.6182 0.6182
vt 0.6978 0.6199 0.6199
vt 0.6973 0.6199 0.6199
vt 0.6992 0.6182 0.6182
vt 0.6992 0.6177 0.6177
vt 0.6973 0.6196 0.6196
vt 0.6987 0.6179 0.6179
vt 0.6973 0.6194 0.6194
vt 0.6968 0.6194 0.6194
vt 0.6982 0.6177 0.6177
vt 0.6982 0.6172 0.6172
vt 0.6968 0.6189 0.6189
vt 0.6968 0.6182 0.6182
vt 0.6978 0.6177 0.6177
vt 0.6978 0.6172 0.6172
vt 0.6973 0.6184 0.6184
vt 0.6973 0.6177 0.6177
vt 0.6973 0.6179 0.6179
vt 0.6982 0.6189 0.6189
vt 0.4846 0.5979 0.5979
vt 0.4844 0.5986 0.5986
vt 0.4841 0.5979 0.5979
vt 0.4844 0.5972 0.5972
vt 0.4846 0.5984 0.5984
vt 0.4849 0.5991 0.5991
vt 0.4846 0.5974 0.5974
vt 0.4849 0.5967 0.5967
vt 0.4851 0.5989 0.5989
vt 0.4851 0.5969 0.5969
vt 0.4854 0.5964 0.5964
vt 0.4856 0.5991 0.5991
vt 0.4854 0.5994 0.5994
vt 0.4856 0.5969 0.5969
vt 0.4861 0.5964 0.5964
vt 0.4861 0.5991 0.5991
vt 0.4861 0.5994 0.5994
vt 0.4861 0.5969 0.5969
vt 0.4868 0.5967 0.5967
vt 0.4866 0.5989 0.5989
vt 0.4868 0.5991 0.5991
vt 0.4871 0.5986 0.5986
vt 0.4858 0.5979 0.5979
vt 0.4868 0.5984 0.5984
vt 0.4873 0.5979 0.5979
vt 0.4868 0.5979 0.5979
vt 0.4871 0.5972 0.5972
vt 0.4866 0.5969 0.5969
vt 0.4868 0.5974 0.5974
vt 0.6162 0.3433 0.3433
vt 0.6172 0.3433 0.3433
vt 0.6167 0.3438 0.3438
vt 0.6162 0.3442 0.3442
vt 0.6167 0.3428 0.3428
vt 0.6172 0.3423 0.3423
vt 0.6157 0.3438 0.3438
vt 0.6152 0.3442 0.3442
vt 0.6167 0.3423 0.3423
vt 0.6172 0.3418 0.3418
vt 0.6152 0.3438 0.3438
vt 0.6147 0.3438 0.3438
vt 0.6167 0.3418 0.3418
vt 0.6167 0.3413 0.3413
vt 0.6147 0.3433 0.3433
vt 0.6162 0.3418 0.3418
vt 0.6147 0.3428 0.3428
vt 0.6143 0.3433 0.3433
vt 0.6157 0.3413 0.3413
vt 0.6162 0.3408 0.3408
vt 0.6147 0.3423 0.3423
vt 0.6143 0.3423 0.3423
vt 0.6143 0.3418 0.3418
vt 0.6152 0.3413 0.3413
vt 0.6152 0.3408 0.3408
vt 0.6147 0.3418 0.3418
vt 0.6147 0.3413 0.3413
vt 0.6157 0.3423 0.3423
vt 0.4866 0.6152 0.6152
vt 0.4861 0.6147 0.6147
vt 0.4868 0.6150 0.6150
vt 0.4871 0.6155 0.6155
vt 0.4861 0.6150 0.6150
vt 0.4854 0.6147 0.6147
vt 0.4868 0.6157 0.6157
vt 0.4873 0.6162 0.6162
vt 0.4856 0.6150 0.6150
vt 0.4868 0.6162 0.6162
vt 0.4871 0.6169 0.6169
vt 0.4851 0.6152 0.6152
vt 0.4849 0.6150 0.6150
vt 0.4868 0.6167 0.6167
vt 0.4868 0.6174 0.6174
vt 0.4846 0.6157 0.6157
vt 0.4844 0.6155 0.6155
vt 0.4866 0.6172 0.6172
vt 0.4861 0.6177 0.6177
vt 0.4846 0.6162 0.6162
vt 0.4841 0.6162 0.6162
vt 0.4844 0.6169 0.6169
vt 0.4858 0.6162 0.6162
vt 0.4846 0.6167 0.6167
vt 0.4849 0.6174 0.6174
vt 0.4851 0.6172 0.6172
vt 0.4854 0.6177 0.6177
vt 0.4861 0.6174 0.6174
vt 0.4856 0.6174 0.6174
vt 0.4846 0.5796 0.5796
vt 0.4844 0.5803 0.5803
vt 0.4841 0.5796 0.5796
vt 0.4844 0.5789 0.5789
vt 0.4846 0.5801 0.5801
vt 0.4849 0.5808 0.5808
vt 0.4846 0.5791 0.5791
vt 0.4849 0.5784 0.5784
vt 0.4851 0.5806 0.5806
vt 0.4854 0.5811 0.5811
vt 0.4851 0.5789 0.5789
vt 0.4854 0.5781 0.5781
vt 0.4856 0.5808 0.5808
vt 0.4861 0.5811 0.5811
vt 0.4856 0.5786 0.5786
vt 0.4861 0.5808 0.5808
vt 0.4861 0.5786 0.5786
vt 0.4861 0.5781 0.5781
vt 0.4866 0.5806 0.5806
vt 0.4868 0.5808 0.5808
vt 0.4866 0.5789 0.5789
vt 0.4868 0.5784 0.5784
vt 0.4871 0.5789 0.5789
vt 0.4868 0.5801 0.5801
vt 0.4871 0.5803 0.5803
vt 0.4868 0.5791 0.5791
vt 0.4873 0.5796 0.5796
vt 0.4868 0.5796 0.5796
vt 0.4858 0.5796 0.5796
vt 0.5425 0.6311 0.6311
vt 0.5425 0.6306 0.6306
vt 0.5430 0.6309 0.6309
vt 0.5435 0.6313 0.6313
vt 0.5420 0.6309 0.6309
vt 0.5415 0.6306 0.6306
vt 0.5430 0.6316 0.6316
vt 0.5435 0.6321 0.6321
vt 0.5415 0.6309 0.6309
vt 0.5430 0.6321 0.6321
vt 0.5435 0.6328 0.6328
vt 0.5410 0.6311 0.6311
vt 0.5410 0.6309 0.6309
vt 0.5430 0.6326 0.6326
vt 0.5430 0.6333 0.6333
vt 0.5410 0.6316 0.6316
vt 0.5405 0.6313 0.6313
vt 0.5425 0.6331 0.6331
vt 0.5425 0.6335 0.6335
vt 0.5405 0.6321 0.6321
vt 0.5405 0.6328 0.6328
vt 0.5420 0.6321 0.6321
vt 0.5410 0.6326 0.6326
vt 0.5410 0.6333 0.6333
vt 0.5410 0.6331 0.6331
vt 0.5415 0.6335 0.6335
vt 0.5420 0.6331 0.6331
vt 0.5415 0.6331 0.6331
vt 0.6309 0.5208 0.5208
vt 0.6309 0.5215 0.5215
vt 0.6304 0.5208 0.5208
vt 0.6309 0.5200 0.5200
vt 0.6313 0.5212 0.5212
vt 0.6313 0.5220 0.5220
vt 0.6313 0.5203 0.5203
vt 0.6313 0.5195 0.5195
vt 0.6313 0.5217 0.5217
vt 0.6318 0.5222 0.5222
vt 0.6313 0.5200 0.5200
vt 0.6318 0.5193 0.5193
vt 0.6318 0.5220 0.5220
vt 0.6323 0.5222 0.5222
vt 0.6318 0.5198 0.5198
vt 0.6323 0.5220 0.5220
vt 0.6323 0.5198 0.5198
vt 0.6323 0.5193 0.5193
vt 0.6328 0.5217 0.5217
vt 0.6333 0.5220 0.5220
vt 0.6328 0.5200 0.5200
vt 0.6333 0.5195 0.5195
vt 0.6333 0.5200 0.5200
vt 0.6333 0.5212 0.5212
vt 0.6333 0.5215 0.5215
vt 0.6333 0.5203 0.5203
vt 0.6338 0.5208 0.5208
vt 0.6333 0.5208 0.5208
vt 0.6323 0.5208 0.5208
vt 0.6309 0.5024 0.5024
vt 0.6309 0.5032 0.5032
vt 0.6304 0.5024 0.5024
vt 0.6309 0.5020 0.5020
vt 0.6313 0.5029 0.5029
vt 0.6313 0.5037 0.5037
vt 0.6313 0.5020 0.5020
vt 0.6313 0.5012 0.5012
vt 0.6313 0.5034 0.5034
vt 0.6313 0.5017 0.5017
vt 0.6318 0.5010 0.5010
vt 0.6318 0.5037 0.5037
vt 0.6318 0.5039 0.5039
vt 0.6323 0.5039 0.5039
vt 0.6318 0.5015 0.5015
vt 0.6323 0.5010 0.5010
vt 0.6323 0.5037 0.5037
vt 0.6323 0.5015 0.5015
vt 0.6333 0.5012 0.5012
vt 0.6328 0.5034 0.5034
vt 0.6333 0.5037 0.5037
vt 0.6333 0.5032 0.5032
vt 0.6328 0.5017 0.5017
vt 0.6333 0.5020 0.5020
vt 0.6333 0.5029 0.5029
vt 0.6338 0.5024 0.5024
vt 0.6333 0.5024 0.5024
vt 0.6323 0.5024 0.5024
vt 0.6436 0.1753 0.1753
vt 0.6440 0.1753 0.1753
vt 0.6436 0.1758 0.1758
vt 0.6431 0.1758 0.1758
vt 0.6440 0.1748 0.1748
vt 0.6445 0.1743 0.1743
vt 0.6426 0.1758 0.1758
vt 0.6440 0.1743 0.1743
vt 0.6440 0.1738 0.1738
vt 0.6421 0.1758 0.1758
vt 0.6436 0.1733 0.1733
vt 0.6421 0.1753 0.1753
vt 0.6416 0.1753 0.1753
vt 0.6416 0.1748 0.1748
vt 0.6431 0.1733 0.1733
vt 0.6431 0.1729 0.1729
vt 0.6426 0.1729 0.1729
vt 0.6426 0.1743 0.1743
vt 0.6426 0.1733 0.1733
vt 0.6421 0.1733 0.1733
vt 0.6416 0.1738 0.1738
vt 0.6416 0.1743 0.1743
vt 0.6411 0.1743 0.1743
vt 0.6855 0.1074 0.1074
vt 0.6851 0.1084 0.1084
vt 0.6851 0.1074 0.1074
vt 0.6851 0.1069 0.1069
vt 0.6855 0.1079 0.1079
vt 0.6855 0.1089 0.1089
vt 0.6855 0.1069 0.1069
vt 0.6855 0.1064 0.1064
vt 0.6855 0.1084 0.1084
vt 0.6860 0.1060 0.1060
vt 0.6860 0.1089 0.1089
vt 0.6870 0.1089 0.1089
vt 0.6860 0.1064 0.1064
vt 0.6870 0.1060 0.1060
vt 0.6865 0.1089 0.1089
vt 0.6865 0.1064 0.1064
vt 0.6875 0.1064 0.1064
vt 0.6870 0.1084 0.1084
vt 0.6875 0.1089 0.1089
vt 0.6880 0.1084 0.1084
vt 0.6870 0.1069 0.1069
vt 0.6880 0.1069 0.1069
vt 0.6875 0.1079 0.1079
vt 0.6880 0.1074 0.1074
vt 0.6875 0.1074 0.1074
vt 0.6875 0.1069 0.1069
vt 0.6865 0.1074 0.1074
vt 0.5620 0.6331 0.6331
vt 0.5625 0.6328 0.6328
vt 0.5625 0.6333 0.6333
vt 0.5615 0.6335 0.6335
vt 0.5625 0.6326 0.6326
vt 0.5630 0.6321 0.6321
vt 0.5615 0.6331 0.6331
vt 0.5610 0.6335 0.6335
vt 0.5625 0.6321 0.6321
vt 0.5625 0.6313 0.6313
vt 0.5610 0.6331 0.6331
vt 0.5605 0.6333 0.6333
vt 0.5625 0.6316 0.6316
vt 0.5625 0.6309 0.6309
vt 0.5605 0.6331 0.6331
vt 0.5601 0.6328 0.6328
vt 0.5620 0.6311 0.6311
vt 0.5601 0.6326 0.6326
vt 0.5615 0.6309 0.6309
vt 0.5615 0.6306 0.6306
vt 0.5610 0.6306 0.6306
vt 0.5615 0.6321 0.6321
vt 0.5610 0.6309 0.6309
vt 0.5605 0.6311 0.6311
vt 0.5605 0.6309 0.6309
vt 0.5601 0.6316 0.6316
vt 0.5601 0.6313 0.6313
vt 0.5601 0.6321 0.6321
vt 0.5596 0.6321 0.6321
vt 0.6860 0.0767 0.0767
vt 0.6919 0.0737 0.0737
vt 0.6865 0.0771 0.0771
vt 0.6851 0.0791 0.0791
vt 0.6919 0.0742 0.0742
vt 0.6943 0.0737 0.0737
vt 0.6855 0.0791 0.0791
vt 0.6943 0.0742 0.0742
vt 0.6855 0.0854 0.0854
vt 0.6851 0.0854 0.0854
vt 0.6997 0.0771 0.0771
vt 0.6997 0.0767 0.0767
vt 0.6865 0.0874 0.0874
vt 0.6860 0.0874 0.0874
vt 0.6919 0.0908 0.0908
vt 0.7007 0.0791 0.0791
vt 0.7012 0.0791 0.0791
vt 0.6919 0.0903 0.0903
vt 0.6943 0.0908 0.0908
vt 0.6992 0.0776 0.0776
vt 0.7007 0.0854 0.0854
vt 0.7012 0.0854 0.0854
vt 0.6997 0.0874 0.0874
vt 0.6997 0.0791 0.0791
vt 0.6938 0.0747 0.0747
vt 0.6929 0.0820 0.0820
vt 0.6919 0.0747 0.0747
vt 0.6870 0.0776 0.0776
vt 0.6860 0.0791 0.0791
vt 0.6860 0.0850 0.0850
vt 0.6870 0.0869 0.0869
vt 0.6919 0.0898 0.0898
vt 0.6938 0.0898 0.0898
vt 0.6997 0.0850 0.0850
vt 0.6992 0.0869 0.0869
vt 0.6943 0.0903 0.0903
vt 0.5923 0.0776 0.0776
vt 0.5977 0.0742 0.0742
vt 0.5908 0.0796 0.0796
vt 0.5977 0.0747 0.0747
vt 0.6001 0.0742 0.0742
vt 0.5913 0.0796 0.0796
vt 0.6001 0.0747 0.0747
vt 0.5913 0.0859 0.0859
vt 0.5908 0.0859 0.0859
vt 0.6055 0.0776 0.0776
vt 0.6060 0.0776 0.0776
vt 0.5923 0.0879 0.0879
vt 0.5923 0.0884 0.0884
vt 0.5977 0.0913 0.0913
vt 0.6064 0.0796 0.0796
vt 0.6069 0.0796 0.0796
vt 0.5977 0.0908 0.0908
vt 0.6001 0.0913 0.0913
vt 0.6050 0.0781 0.0781
vt 0.6064 0.0859 0.0859
vt 0.6069 0.0859 0.0859
vt 0.6060 0.0884 0.0884
vt 0.6060 0.0801 0.0801
vt 0.5996 0.0757 0.0757
vt 0.5991 0.0830 0.0830
vt 0.5981 0.0757 0.0757
vt 0.5928 0.0786 0.0786
vt 0.5918 0.0801 0.0801
vt 0.5918 0.0859 0.0859
vt 0.5928 0.0874 0.0874
vt 0.5981 0.0903 0.0903
vt 0.5996 0.0903 0.0903
vt 0.6060 0.0859 0.0859
vt 0.6050 0.0874 0.0874
vt 0.6001 0.0908 0.0908
vt 0.6055 0.0879 0.0879
vt 0.5317 0.0771 0.0771
vt 0.5376 0.0742 0.0742
vt 0.5322 0.0776 0.0776
vt 0.5308 0.0796 0.0796
vt 0.5376 0.0747 0.0747
vt 0.5400 0.0742 0.0742
vt 0.5313 0.0796 0.0796
vt 0.5400 0.0747 0.0747
vt 0.5313 0.0859 0.0859
vt 0.5308 0.0859 0.0859
vt 0.5454 0.0776 0.0776
vt 0.5454 0.0771 0.0771
vt 0.5322 0.0879 0.0879
vt 0.5317 0.0879 0.0879
vt 0.5376 0.0913 0.0913
vt 0.5464 0.0796 0.0796
vt 0.5469 0.0796 0.0796
vt 0.5376 0.0908 0.0908
vt 0.5400 0.0913 0.0913
vt 0.5449 0.0781 0.0781
vt 0.5464 0.0859 0.0859
vt 0.5469 0.0859 0.0859
vt 0.5454 0.0879 0.0879
vt 0.5454 0.0796 0.0796
vt 0.5396 0.0752 0.0752
vt 0.5386 0.0825 0.0825
vt 0.5376 0.0752 0.0752
vt 0.5327 0.0781 0.0781
vt 0.5317 0.0796 0.0796
vt 0.5317 0.0854 0.0854
vt 0.5327 0.0874 0.0874
vt 0.5376 0.0903 0.0903
vt 0.5396 0.0903 0.0903
vt 0.5454 0.0854 0.0854
vt 0.5449 0.0874 0.0874
vt 0.5400 0.0908 0.0908
vt 0.2495 0.5859 0.5859
vt 0.2495 0.4277 0.4277
vt 0.2515 0.4277 0.4277
vt 0.2515 0.5859 0.5859
vt 0.2678 0.5864 0.5864
vt 0.2678 0.4277 0.4277
vt 0.2698 0.4277 0.4277
vt 0.2698 0.5864 0.5864
vt 0.2854 0.4277 0.4277
vt 0.2871 0.4282 0.4282
vt 0.2854 0.4292 0.4292
vt 0.2869 0.4297 0.4297
vt 0.2852 0.5454 0.5454
vt 0.2871 0.5454 0.5454
vt 0.2871 0.5466 0.5466
vt 0.2852 0.5466 0.5466
vt 0.2312 0.4277 0.4277
vt 0.2328 0.4282 0.4282
vt 0.2312 0.4292 0.4292
vt 0.2327 0.4292 0.4292
vt 0.2313 0.5447 0.5447
vt 0.2332 0.5447 0.5447
vt 0.2332 0.5459 0.5459
vt 0.2313 0.5459 0.5459
vt 0.2313 0.5474 0.5474
vt 0.2330 0.5474 0.5474
vt 0.2312 0.6252 0.6252
vt 0.2329 0.6252 0.6252
vt 0.2329 0.6267 0.6267
vt 0.2312 0.6265 0.6265
vt 0.1058 0.8036 0.8036
vt 0.1791 0.9562 0.9562
vt 0.0978 0.9517 0.9517
vt 0.1873 0.8022 0.8022
vt 0.1072 0.6213 0.6213
vt 0.1868 0.6187 0.6187
vt 0.0978 0.4736 0.4736
vt 0.1772 0.4648 0.4648
vt 0.2052 0.9333 0.9333
vt 0.3806 0.9301 0.9301
vt 0.3806 0.9340 0.9340
vt 0.2052 0.9293 0.9293
vt 0.3806 0.9260 0.9260
vt 0.2052 0.9254 0.9254
vt 0.3792 0.9156 0.9156
vt 0.3809 0.9172 0.9172
vt 0.3826 0.9152 0.9152
vt 0.2052 0.9150 0.9150
vt 0.3811 0.9138 0.9138
vt 0.3796 0.7528 0.7528
vt 0.3816 0.7528 0.7528
vt 0.3718 0.9089 0.9089
vt 0.2123 0.9083 0.9083
vt 0.2031 0.7516 0.7516
vt 0.3792 0.6609 0.6609
vt 0.3813 0.6609 0.6609
vt 0.3823 0.5684 0.5684
vt 0.2101 0.7532 0.7532
vt 0.3801 0.5684 0.5684
vt 0.3823 0.4072 0.4072
vt 0.3818 0.4033 0.4033
vt 0.3838 0.4058 0.4058
vt 0.3801 0.4053 0.4053
vt 0.3818 0.3950 0.3950
vt 0.2070 0.3945 0.3945
vt 0.2070 0.3901 0.3901
vt 0.3818 0.3906 0.3906
vt 0.2070 0.3862 0.3862
vt 0.3818 0.3867 0.3867
vt 0.2070 0.4048 0.4048
vt 0.2140 0.4116 0.4116
vt 0.2039 0.5679 0.5679
vt 0.3730 0.4121 0.4121
vt 0.2108 0.5662 0.5662
vt 0.2156 0.4126 0.4126
vt 0.2148 0.4131 0.4131
vt 0.3713 0.4131 0.4131
vt 0.2118 0.5662 0.5662
vt 0.3721 0.4136 0.4136
vt 0.2147 0.6543 0.6543
vt 0.3733 0.5669 0.5669
vt 0.3723 0.5669 0.5669
vt 0.3713 0.6555 0.6555
vt 0.3721 0.6572 0.6572
vt 0.3706 0.6563 0.6563
vt 0.2137 0.6558 0.6558
vt 0.2153 0.6548 0.6548
vt 0.2068 0.6594 0.6594
vt 0.2137 0.6631 0.6631
vt 0.3721 0.6646 0.6646
vt 0.2146 0.6646 0.6646
vt 0.2111 0.7533 0.7533
vt 0.2153 0.6641 0.6641
vt 0.2131 0.9067 0.9067
vt 0.3706 0.6655 0.6655
vt 0.3711 0.6660 0.6660
vt 0.2139 0.9073 0.9073
vt 0.3704 0.9080 0.9080
vt 0.3711 0.9073 0.9073
vt 0.3726 0.7543 0.7543
vt 0.3716 0.7544 0.7544
vt 0.0798 0.4878 0.4878
vt 0.0794 0.5928 0.5928
vt 0.0795 0.4878 0.4878
vt 0.0798 0.5928 0.5928
vt 0.0795 0.7324 0.7324
vt 0.0799 0.7324 0.7324
vt 0.5327 0.7853 0.7853
vt 0.6909 0.7858 0.7858
vt 0.5327 0.7858 0.7858
vt 0.6909 0.7853 0.7853
vt 0.5327 0.7554 0.7554
vt 0.6909 0.7552 0.7552
vt 0.5332 0.6663 0.6663
vt 0.5327 0.6667 0.6667
vt 0.6899 0.6663 0.6663
vt 0.6909 0.6667 0.6667
vt 0.9663 0.7344 0.7344
vt 0.9668 0.5757 0.5757
vt 0.9668 0.7344 0.7344
vt 0.9663 0.5757 0.5757
vt 0.9360 0.7344 0.7344
vt 0.9360 0.5757 0.5757
vt 0.8467 0.7336 0.7336
vt 0.8477 0.7344 0.7344
vt 0.8467 0.5764 0.5764
vt 0.8477 0.5757 0.5757
vt 0.6904 0.6504 0.6504
vt 0.6895 0.5266 0.5266
vt 0.6904 0.5273 0.5273
vt 0.5322 0.5266 0.5266
vt 0.5317 0.6504 0.6504
vt 0.5317 0.5273 0.5273
vt 0.6904 0.6509 0.6509
vt 0.5317 0.6509 0.6509
vt 0.5327 0.8187 0.8187
vt 0.6372 0.8190 0.8190
vt 0.5327 0.8190 0.8190
vt 0.6372 0.8186 0.8186
vt 0.7773 0.8187 0.8187
vt 0.7773 0.8191 0.8191
vt 0.5327 0.8256 0.8256
vt 0.6372 0.8259 0.8259
vt 0.5327 0.8259 0.8259
vt 0.6372 0.8256 0.8256
vt 0.7773 0.8257 0.8257
vt 0.7773 0.8259 0.8259
vt 0.5317 0.8660 0.8660
vt 0.6362 0.8662 0.8662
vt 0.5317 0.8663 0.8663
vt 0.6362 0.8658 0.8658
vt 0.7764 0.8658 0.8658
vt 0.7764 0.8662 0.8662
vt 0.5317 0.8636 0.8636
vt 0.6362 0.8639 0.8639
vt 0.5317 0.8640 0.8640
vt 0.6362 0.8635 0.8635
vt 0.7764 0.8636 0.8636
vt 0.7764 0.8640 0.8640
vt 0.9844 0.3770 0.3770
vt 0.9839 0.2720 0.2720
vt 0.9868 0.2720 0.2720
vt 0.9868 0.3770 0.3770
vt 0.9868 0.5166 0.5166
vt 0.9839 0.5166 0.5166
vt 0.0821 0.5928 0.5928
vt 0.0818 0.4878 0.4878
vt 0.0821 0.4878 0.4878
vt 0.0817 0.5928 0.5928
vt 0.0817 0.7324 0.7324
vt 0.0821 0.7324 0.7324
vt 0.7065 0.6904 0.6904
vt 0.8301 0.6912 0.6912
vt 0.7075 0.6912 0.6912
vt 0.7065 0.5337 0.5337
vt 0.8301 0.5330 0.5330
vt 0.7075 0.5330 0.5330
vt 0.8306 0.6912 0.6912
vt 0.8306 0.5330 0.5330
vt 0.5757 0.1865 0.1865
vt 0.5713 0.0122 0.0122
vt 0.5757 0.0122 0.0122
vt 0.5718 0.1865 0.1865
vt 0.3032 0.0122 0.0122
vt 0.5757 0.2900 0.2900
vt 0.3022 0.1895 0.1895
vt 0.5718 0.2905 0.2905
vt 0.3018 0.2949 0.2949
vt 0.4407 0.4063 0.4063
vt 0.5718 0.4253 0.4253
vt 0.5757 0.4263 0.4263
vt 0.5713 0.5107 0.5107
vt 0.5752 0.5115 0.5115
vt 0.0161 0.0122 0.0122
vt 0.0119 0.1865 0.1865
vt 0.0121 0.0122 0.0122
vt 0.0159 0.1865 0.1865
vt 0.2844 0.0122 0.0122
vt 0.0118 0.2900 0.2900
vt 0.2854 0.1895 0.1895
vt 0.0158 0.2905 0.2905
vt 0.2859 0.2949 0.2949
vt 0.1470 0.4063 0.4063
vt 0.0158 0.4253 0.4253
vt 0.0118 0.4263 0.4263
vt 0.0162 0.5110 0.5110
vt 0.0125 0.5117 0.5117
vt 0.9839 0.0122 0.0122
vt 0.9819 0.1167 0.1167
vt 0.9819 0.0122 0.0122
vt 0.9839 0.1167 0.1167
vt 0.9819 0.2568 0.2568
vt 0.9868 0.0122 0.0122
vt 0.9839 0.2568 0.2568
vt 0.9868 0.1167 0.1167
vt 0.9868 0.2568 0.2568
vt 0.8115 0.0142 0.0142
vt 0.6011 0.1816 0.1816
vt 0.5918 0.0273 0.0273
vt 0.8213 0.1748 0.1748
vt 0.8477 0.0122 0.0122
vt 0.8574 0.1738 0.1738
vt 0.8574 0.2651 0.2651
vt 0.8213 0.2651 0.2651
vt 0.6011 0.2651 0.2651
vt 0.6011 0.3486 0.3486
vt 0.8213 0.3550 0.3550
vt 0.8574 0.3564 0.3564
vt 0.8477 0.5178 0.5178
vt 0.8115 0.5156 0.5156
vt 0.5918 0.5024 0.5024
vt 0.5156 0.6479 0.6479
vt 0.4907 0.4868 0.4868
vt 0.5044 0.4849 0.4849
vt 0.5015 0.6484 0.6484
vt 0.5161 0.8307 0.8307
vt 0.4861 0.4971 0.4971
vt 0.4880 0.4873 0.4873
vt 0.5020 0.8308 0.8308
vt 0.5068 0.9927 0.9927
vt 0.4929 0.9918 0.9918
vt 0.4963 0.6494 0.6494
vt 0.4836 0.4961 0.4961
vt 0.4011 0.4971 0.4971
vt 0.4841 0.4995 0.4995
vt 0.4824 0.4980 0.4980
vt 0.4941 0.6494 0.6494
vt 0.4063 0.5046 0.5046
vt 0.4077 0.5066 0.5066
vt 0.4963 0.8301 0.8301
vt 0.4941 0.8301 0.8301
vt 0.4861 0.9794 0.9794
vt 0.4880 0.9818 0.9818
vt 0.4846 0.9809 0.9809
vt 0.4902 0.9916 0.9916
vt 0.4858 0.9831 0.9831
vt 0.4077 0.9770 0.9770
vt 0.4009 0.9873 0.9873
vt 0.4063 0.9790 0.9790
vt 0.4043 0.9775 0.9775
vt 0.3984 0.9871 0.9871
vt 0.4065 0.9754 0.9754
vt 0.4067 0.8322 0.8322
vt 0.4119 0.8312 0.8312
vt 0.4141 0.8313 0.8313
vt 0.4077 0.7419 0.7419
vt 0.4148 0.7417 0.7417
vt 0.4126 0.7417 0.7417
vt 0.4133 0.6521 0.6521
vt 0.4155 0.6521 0.6521
vt 0.4084 0.6516 0.6516
vt 0.4065 0.5083 0.5083
vt 0.4043 0.5063 0.5063
vt 0.3984 0.4971 0.4971
vt 0.8740 0.0317 0.0317
vt 0.8755 0.0293 0.0293
vt 0.8755 0.0332 0.0332
vt 0.8774 0.0313 0.0313
vt 0.8760 0.0205 0.0205
vt 0.8784 0.1953 0.1953
vt 0.8765 0.1953 0.1953
vt 0.8809 0.3774 0.3774
vt 0.9541 0.0205 0.0205
vt 0.8755 0.0166 0.0166
vt 0.8828 0.3774 0.3774
vt 0.8755 0.5398 0.5398
vt 0.9580 0.0166 0.0166
vt 0.8755 0.0127 0.0127
vt 0.9609 0.0122 0.0122
vt 0.9629 0.0298 0.0298
vt 0.9585 0.0303 0.0303
vt 0.9644 0.1948 0.1948
vt 0.9541 0.0303 0.0303
vt 0.9600 0.1948 0.1948
vt 0.9683 0.3784 0.3784
vt 0.9556 0.1948 0.1948
vt 0.9639 0.3784 0.3784
vt 0.9590 0.3784 0.3784
vt 0.9590 0.5425 0.5425
vt 0.9634 0.5427 0.5427
vt 0.8774 0.5415 0.5415
vt 0.8740 0.5413 0.5413
vt 0.8755 0.5432 0.5432
vt 0.8760 0.5520 0.5520
vt 0.9546 0.5422 0.5422
vt 0.9541 0.5518 0.5518
vt 0.8760 0.5562 0.5562
vt 0.9585 0.5557 0.5557
vt 0.8755 0.5601 0.5601
vt 0.9614 0.5605 0.5605
vt 0.6372 0.8429 0.8429
vt 0.5327 0.8453 0.8453
vt 0.5327 0.8438 0.8438
vt 0.7773 0.8412 0.8412
vt 0.7773 0.8429 0.8429
vt 0.6377 0.8445 0.8445
vt 0.5327 0.8484 0.8484
vt 0.7773 0.8459 0.8459
vt 0.6377 0.8475 0.8475
vt 0.7085 0.7689 0.7689
vt 0.8110 0.7664 0.7664
vt 0.8110 0.7686 0.7686
vt 0.9458 0.7686 0.7686
vt 0.7065 0.7668 0.7668
vt 0.9473 0.7665 0.7665
vt 0.8110 0.7576 0.7576
vt 0.7065 0.7582 0.7582
vt 0.9478 0.7576 0.7576
vt 0.7065 0.7542 0.7542
vt 0.9473 0.7535 0.7535
vt 0.8115 0.7535 0.7535
vt 0.7065 0.7501 0.7501
vt 0.9473 0.7495 0.7495
vt 0.8115 0.7495 0.7495
vt 0.8110 0.7867 0.7867
vt 0.7085 0.7842 0.7842
vt 0.8110 0.7845 0.7845
vt 0.9458 0.7844 0.7844
vt 0.7065 0.7861 0.7861
vt 0.9478 0.7865 0.7865
vt 0.8115 0.7955 0.7955
vt 0.7065 0.7949 0.7949
vt 0.9478 0.7953 0.7953
vt 0.7065 0.7990 0.7990
vt 0.9478 0.7993 0.7993
vt 0.8115 0.7996 0.7996
vt 0.7065 0.8030 0.8030
vt 0.9478 0.8033 0.8033
vt 0.8115 0.8036 0.8036
# 3887 texture coords

o SM_Lab_FumeHood
g SM_Lab_FumeHood
usemtl MI_Lab_FumeHood2
s 1
f 1/1/1 2/2/1 3/3/2 
f 4/4/2 3/3/2 2/2/1 
f 5/5/3 6/6/4 7/7/4 
f 6/6/4 5/5/3 8/8/3 
f 1/9/1 9/10/5 2/11/1 
f 9/10/5 1/9/1 10/12/5 
f 5/13/3 11/14/6 8/15/3 
f 11/14/6 5/13/3 12/16/6 
f 13/17/7 14/18/7 15/19/8 
f 16/20/9 15/19/8 14/18/7 
f 16/20/9 17/21/10 15/19/8 
f 17/21/10 16/20/9 18/22/11 
f 19/23/12 17/21/10 18/22/11 
f 17/21/10 19/23/12 20/24/13 
f 21/25/14 22/26/15 23/27/16 
f 22/26/15 24/28/17 23/27/16 
f 23/27/16 24/28/17 25/29/18 
f 24/28/17 26/30/19 25/29/18 
f 26/30/19 27/31/20 25/29/18 
f 27/31/20 26/30/19 28/32/21 
f 27/31/20 28/32/21 29/33/22 
f 28/32/21 30/34/23 29/33/22 
f 31/35/24 32/36/25 33/37/26 
f 34/38/27 33/37/26 32/36/25 
f 34/38/27 35/39/28 33/37/26 
f 35/39/28 34/38/27 36/40/29 
f 37/41/30 35/39/28 36/40/29 
f 35/39/28 37/41/30 38/42/31 
f 39/43/32 40/44/33 41/45/34 
f 41/45/34 40/44/33 42/46/35 
f 42/46/35 43/47/36 41/45/34 
f 43/47/36 42/46/35 44/48/37 
f 45/49/38 43/47/36 44/48/37 
f 43/47/36 45/49/38 46/50/38 
f 47/51/39 48/52/40 49/53/41 
f 48/52/40 50/54/42 49/53/41 
f 49/53/41 50/54/42 51/55/43 
f 50/54/42 52/56/44 51/55/43 
f 52/56/44 53/57/45 51/55/43 
f 53/57/45 52/56/44 54/58/46 
f 53/57/45 54/58/46 55/59/47 
f 54/58/46 56/60/48 55/59/47 
f 46/61/49 31/62/50 43/63/51 
f 43/63/51 31/62/50 33/64/51 
f 33/64/51 41/65/52 43/63/51 
f 41/65/52 33/64/51 35/66/52 
f 38/67/53 41/65/52 35/66/52 
f 41/65/52 38/67/53 39/68/54 
f 57/69/55 58/70/56 59/71/57 
f 60/72/58 59/71/57 58/70/56 
f 59/71/57 60/72/58 61/73/59 
f 62/74/60 61/73/59 60/72/58 
f 61/73/59 62/74/60 63/75/61 
f 64/76/62 63/75/61 62/74/60 
f 63/75/61 64/76/62 65/77/63 
f 66/78/64 65/77/63 64/76/62 
f 66/78/64 67/79/65 65/77/63 
f 68/80/66 67/79/65 66/78/64 
f 68/80/66 69/81/67 67/79/65 
f 70/82/68 69/81/67 68/80/66 
f 70/82/68 71/83/69 69/81/67 
f 72/84/70 71/83/69 70/82/68 
f 72/84/70 73/85/71 71/83/69 
f 73/85/71 72/84/70 74/86/72 
f 74/86/72 75/87/73 73/85/71 
f 75/87/73 74/86/72 76/88/74 
f 76/88/74 77/89/75 75/87/73 
f 77/89/75 76/88/74 78/90/76 
f 78/90/76 79/91/77 77/89/75 
f 79/91/77 78/90/76 80/92/78 
f 79/91/77 80/92/78 81/93/79 
f 81/93/79 80/92/78 82/94/80 
f 81/93/79 82/94/80 83/95/81 
f 83/95/81 82/94/80 84/96/82 
f 84/96/82 57/97/55 83/95/81 
f 57/97/55 84/96/82 58/98/56 
f 85/99/55 86/100/56 87/101/57 
f 88/102/58 87/101/57 86/100/56 
f 87/101/57 88/102/58 89/103/59 
f 90/104/60 89/103/59 88/102/58 
f 89/103/59 90/104/60 91/105/61 
f 92/106/62 91/105/61 90/104/60 
f 91/105/61 92/106/62 93/107/63 
f 94/108/64 93/107/63 92/106/62 
f 94/108/64 95/109/65 93/107/63 
f 96/110/66 95/109/65 94/108/64 
f 96/110/66 97/111/67 95/109/65 
f 98/112/68 97/111/67 96/110/66 
f 98/112/68 99/113/69 97/111/67 
f 100/114/70 99/113/69 98/112/68 
f 100/114/70 101/115/71 99/113/69 
f 101/115/71 100/114/70 102/116/72 
f 102/116/72 103/117/73 101/115/71 
f 103/117/73 102/116/72 104/118/74 
f 104/118/74 105/119/75 103/117/73 
f 105/119/75 104/118/74 106/120/76 
f 106/120/76 107/121/77 105/119/75 
f 107/121/77 106/120/76 108/122/78 
f 107/121/77 108/122/78 109/123/79 
f 109/123/79 108/122/78 110/124/80 
f 109/123/79 110/124/80 111/125/81 
f 111/125/81 110/124/80 112/126/82 
f 112/126/82 85/127/55 111/125/81 
f 85/127/55 112/126/82 86/128/56 
f 113/129/83 114/130/84 115/131/85 
f 115/131/85 114/130/84 116/132/86 
f 117/133/87 115/131/85 116/132/86 
f 117/133/87 116/132/86 118/134/88 
f 119/135/89 120/136/90 121/137/62 
f 122/138/61 121/137/62 120/136/90 
f 121/137/62 122/138/61 123/139/60 
f 124/140/59 123/139/60 122/138/61 
f 123/139/60 124/140/59 125/141/58 
f 126/142/57 125/141/58 124/140/59 
f 125/141/58 126/142/57 127/143/91 
f 128/144/92 127/143/91 126/142/57 
f 128/144/92 129/145/93 127/143/91 
f 130/146/94 129/145/93 128/144/92 
f 130/146/94 131/147/80 129/145/93 
f 131/147/80 130/146/94 132/148/79 
f 132/148/79 133/149/78 131/147/80 
f 134/150/77 133/149/78 132/148/79 
f 134/150/77 135/151/76 133/149/78 
f 135/151/76 134/150/77 136/152/75 
f 136/152/75 137/153/74 135/151/76 
f 137/153/74 136/152/75 138/154/73 
f 138/154/73 139/155/72 137/153/74 
f 139/155/72 138/154/73 140/156/71 
f 140/156/71 141/157/70 139/155/72 
f 141/157/70 140/156/71 142/158/69 
f 141/157/70 142/158/69 143/159/68 
f 143/159/68 142/158/69 144/160/67 
f 143/159/68 144/160/67 145/161/95 
f 145/161/95 144/160/67 146/162/96 
f 145/161/95 146/162/96 119/163/89 
f 119/163/89 146/162/96 120/164/90 
f 147/165/89 148/166/90 149/167/62 
f 150/168/61 149/167/62 148/166/90 
f 149/167/62 150/168/61 151/169/60 
f 152/170/59 151/169/60 150/168/61 
f 151/169/60 152/170/59 153/171/58 
f 154/172/57 153/171/58 152/170/59 
f 153/171/58 154/172/57 155/173/91 
f 156/174/92 155/173/91 154/172/57 
f 156/174/92 157/175/93 155/173/91 
f 157/175/93 156/174/92 158/176/94 
f 158/176/94 159/177/80 157/175/93 
f 160/178/79 159/177/80 158/176/94 
f 160/178/79 161/179/78 159/177/80 
f 161/179/78 160/178/79 162/180/77 
f 162/180/77 163/181/76 161/179/78 
f 163/181/76 162/180/77 164/182/75 
f 164/182/75 165/183/74 163/181/76 
f 165/183/74 164/182/75 166/184/73 
f 166/184/73 167/185/72 165/183/74 
f 167/185/72 166/184/73 168/186/71 
f 168/186/71 169/187/70 167/185/72 
f 169/187/70 168/186/71 170/188/69 
f 169/187/70 170/188/69 171/189/68 
f 171/189/68 170/188/69 172/190/67 
f 171/189/68 172/190/67 173/191/95 
f 173/191/95 172/190/67 174/192/96 
f 173/191/95 174/192/96 147/193/89 
f 147/193/89 174/192/96 148/194/90 
f 175/195/97 176/196/98 177/197/95 
f 177/197/95 176/196/98 178/198/96 
f 177/197/95 178/198/96 179/199/64 
f 179/199/64 178/198/96 180/200/63 
f 179/199/64 180/200/63 181/201/62 
f 182/202/61 181/201/62 180/200/63 
f 181/201/62 182/202/61 183/203/60 
f 184/204/59 183/203/60 182/202/61 
f 183/203/60 184/204/59 185/205/58 
f 186/206/57 185/205/58 184/204/59 
f 185/205/58 186/206/57 187/207/91 
f 188/208/92 187/207/91 186/206/57 
f 188/208/92 189/209/93 187/207/91 
f 190/210/94 189/209/93 188/208/92 
f 190/210/94 191/211/80 189/209/93 
f 191/211/80 190/210/94 192/212/79 
f 192/212/79 193/213/78 191/211/80 
f 194/214/77 193/213/78 192/212/79 
f 194/214/77 195/215/76 193/213/78 
f 195/215/76 194/214/77 196/216/75 
f 196/216/75 197/217/74 195/215/76 
f 197/217/74 196/216/75 198/218/73 
f 198/218/73 199/219/72 197/217/74 
f 199/219/72 198/218/73 200/220/71 
f 200/220/71 201/221/70 199/219/72 
f 201/221/70 200/220/71 202/222/69 
f 201/221/70 202/222/69 175/223/97 
f 175/223/97 202/222/69 176/224/98 
f 203/225/89 204/226/90 205/227/62 
f 206/228/61 205/227/62 204/226/90 
f 205/227/62 206/228/61 207/229/60 
f 208/230/59 207/229/60 206/228/61 
f 207/229/60 208/230/59 209/231/58 
f 210/232/57 209/231/58 208/230/59 
f 209/231/58 210/232/57 211/233/91 
f 212/234/92 211/233/91 210/232/57 
f 212/234/92 213/235/93 211/233/91 
f 214/236/94 213/235/93 212/234/92 
f 214/236/94 215/237/80 213/235/93 
f 216/238/79 215/237/80 214/236/94 
f 216/238/79 217/239/78 215/237/80 
f 218/240/77 217/239/78 216/238/79 
f 218/240/77 219/241/76 217/239/78 
f 219/241/76 218/240/77 220/242/75 
f 220/242/75 221/243/74 219/241/76 
f 221/243/74 220/242/75 222/244/73 
f 222/244/73 223/245/72 221/243/74 
f 223/245/72 222/244/73 224/246/71 
f 224/246/71 225/247/70 223/245/72 
f 225/247/70 224/246/71 226/248/69 
f 225/247/70 226/248/69 227/249/68 
f 227/249/68 226/248/69 228/250/67 
f 227/249/68 228/250/67 229/251/95 
f 229/251/95 228/250/67 230/252/96 
f 229/251/95 230/252/96 203/253/89 
f 203/253/89 230/252/96 204/254/90 
f 231/255/99 232/256/100 233/257/91 
f 234/258/92 233/257/91 232/256/100 
f 234/258/92 235/259/82 233/257/91 
f 235/259/82 234/258/92 236/260/81 
f 236/260/81 237/261/101 235/259/82 
f 237/261/101 236/260/81 238/262/102 
f 238/262/102 239/263/78 237/261/101 
f 240/264/77 239/263/78 238/262/102 
f 240/264/77 241/265/76 239/263/78 
f 241/265/76 240/264/77 242/266/75 
f 242/266/75 243/267/74 241/265/76 
f 243/267/74 242/266/75 244/268/73 
f 244/268/73 245/269/72 243/267/74 
f 245/269/72 244/268/73 246/270/71 
f 246/270/71 247/271/70 245/269/72 
f 247/271/70 246/270/71 248/272/69 
f 247/271/70 248/272/69 249/273/103 
f 249/273/103 248/272/69 250/274/104 
f 249/273/103 250/274/104 251/275/66 
f 251/275/66 250/274/104 252/276/65 
f 251/275/66 252/276/65 253/277/64 
f 253/277/64 252/276/65 254/278/63 
f 253/277/64 254/278/63 255/279/62 
f 256/280/61 255/279/62 254/278/63 
f 255/279/62 256/280/61 257/281/60 
f 258/282/59 257/281/60 256/280/61 
f 257/281/60 258/282/59 231/283/99 
f 232/284/100 231/283/99 258/282/59 
f 259/285/89 260/286/90 261/287/62 
f 262/288/61 261/287/62 260/286/90 
f 261/287/62 262/288/61 263/289/60 
f 264/290/59 263/289/60 262/288/61 
f 263/289/60 264/290/59 265/291/58 
f 266/292/57 265/291/58 264/290/59 
f 265/291/58 266/292/57 267/293/91 
f 268/294/92 267/293/91 266/292/57 
f 268/294/92 269/295/82 267/293/91 
f 269/295/82 268/294/92 270/296/81 
f 270/296/81 271/297/101 269/295/82 
f 271/297/101 270/296/81 272/298/102 
f 272/298/102 273/299/78 271/297/101 
f 273/299/78 272/298/102 274/300/77 
f 274/300/77 275/301/76 273/299/78 
f 275/301/76 274/300/77 276/302/75 
f 276/302/75 277/303/74 275/301/76 
f 277/303/74 276/302/75 278/304/73 
f 278/304/73 279/305/72 277/303/74 
f 279/305/72 278/304/73 280/306/71 
f 280/306/71 281/307/70 279/305/72 
f 281/307/70 280/306/71 282/308/69 
f 281/307/70 282/308/69 283/309/103 
f 283/309/103 282/308/69 284/310/104 
f 283/309/103 284/310/104 285/311/66 
f 285/311/66 284/310/104 286/312/65 
f 285/311/66 286/312/65 259/313/89 
f 259/313/89 286/312/65 260/314/90 
f 287/315/105 288/316/106 289/317/107 
f 289/317/107 288/316/106 290/318/108 
f 290/318/108 291/319/109 289/317/107 
f 291/319/109 290/318/108 292/320/110 
f 293/321/111 291/319/109 292/320/110 
f 291/319/109 293/321/111 294/322/112 
f 295/323/113 296/324/114 297/325/115 
f 297/325/115 296/324/114 298/326/116 
f 298/326/116 299/327/117 297/325/115 
f 299/327/117 298/326/116 300/328/118 
f 301/329/119 299/327/117 300/328/118 
f 299/327/117 301/329/119 302/330/120 
f 303/331/121 304/332/122 305/333/123 
f 305/333/123 304/332/122 306/334/124 
f 307/335/125 305/333/123 306/334/124 
f 307/335/125 306/334/124 308/336/126 
f 309/337/127 307/335/125 308/336/126 
f 307/335/125 309/337/127 310/338/128 
f 311/339/129 312/340/130 313/341/131 
f 312/340/130 314/342/132 313/341/131 
f 315/343/133 313/341/131 314/342/132 
f 315/343/133 314/342/132 316/344/134 
f 315/343/133 316/344/134 317/345/135 
f 316/344/134 318/346/136 317/345/135 
f 319/347/137 320/348/138 321/349/139 
f 321/349/139 320/348/138 322/350/140 
f 323/351/141 321/349/139 322/350/140 
f 323/351/141 322/350/140 324/352/142 
f 325/353/143 323/351/141 324/352/142 
f 323/351/141 325/353/143 326/354/144 
f 327/355/145 328/356/146 329/357/147 
f 328/356/146 330/358/148 329/357/147 
f 331/359/149 329/357/147 330/358/148 
f 331/359/149 330/358/148 332/360/150 
f 333/361/151 331/359/149 332/360/150 
f 331/359/149 333/361/151 334/362/152 
f 335/363/153 336/364/154 337/365/155 
f 336/364/154 338/366/156 337/365/155 
f 338/366/156 339/367/157 337/365/155 
f 339/367/157 338/366/156 340/368/158 
f 341/369/159 342/370/160 343/371/161 
f 342/370/160 344/372/162 343/371/161 
f 344/372/162 345/373/163 343/371/161 
f 345/373/163 344/372/162 346/374/164 
f 347/375/165 22/376/15 21/377/14 
f 22/376/15 347/375/165 348/378/166 
f 348/378/166 347/375/165 349/379/167 
f 349/379/167 350/380/168 348/378/166 
f 349/379/167 351/381/169 350/380/168 
f 349/379/167 352/382/170 351/381/169 
f 351/381/169 352/382/170 353/383/171 
f 353/383/171 354/384/172 351/381/169 
f 353/383/171 355/385/173 354/384/172 
f 353/383/171 356/386/174 355/385/173 
f 357/387/175 355/388/173 356/389/174 
f 355/388/173 357/387/175 358/390/176 
f 359/391/177 358/390/176 357/387/175 
f 358/390/176 359/391/177 360/392/178 
f 359/391/177 361/393/179 360/392/178 
f 361/393/179 359/391/177 362/394/180 
f 363/395/181 361/393/179 362/394/180 
f 361/393/179 363/395/181 364/396/182 
f 365/397/183 366/398/184 367/399/185 
f 366/398/184 365/397/183 368/400/186 
f 369/401/187 368/400/186 365/397/183 
f 368/400/186 369/401/187 370/402/188 
f 369/401/187 371/403/189 370/402/188 
f 372/404/190 371/403/189 369/401/187 
f 369/405/191 20/406/192 372/407/193 
f 20/406/192 369/405/191 17/408/194 
f 365/409/195 17/408/194 369/405/191 
f 365/409/195 15/410/196 17/408/194 
f 365/409/195 13/411/197 15/410/196 
f 367/412/198 13/411/197 365/409/195 
f 373/413/199 374/414/200 375/415/201 
f 374/414/200 373/413/199 376/416/202 
f 377/417/203 376/416/202 373/413/199 
f 377/417/203 378/418/204 376/416/202 
f 377/417/203 379/419/205 378/418/204 
f 379/419/205 377/417/203 380/420/206 
f 381/421/207 379/419/205 380/420/206 
f 379/419/205 381/421/207 382/422/208 
f 383/423/209 48/424/40 47/425/39 
f 48/424/40 383/423/209 384/426/210 
f 384/426/210 383/423/209 385/427/211 
f 385/427/211 386/428/212 384/426/210 
f 385/427/211 387/429/213 386/428/212 
f 385/427/211 388/430/211 387/429/213 
f 387/429/213 388/430/211 389/431/214 
f 389/431/214 390/432/215 387/429/213 
f 389/431/214 381/433/207 390/432/215 
f 389/431/214 382/434/208 381/433/207 
f 391/435/216 392/436/217 393/437/218 
f 392/436/217 391/435/216 394/438/219 
f 395/439/220 394/438/219 391/435/216 
f 394/438/219 395/439/220 396/440/220 
f 397/441/221 396/440/220 395/439/220 
f 396/440/220 397/441/221 398/442/222 
f 399/443/223 398/442/222 397/441/221 
f 398/442/222 399/443/223 400/444/224 
f 399/443/223 401/445/225 400/444/224 
f 401/445/225 399/443/223 402/446/226 
f 402/446/226 403/447/227 401/445/225 
f 403/447/227 402/446/226 404/448/228 
f 405/449/229 403/447/227 404/448/228 
f 403/447/227 405/449/229 406/450/230 
f 407/451/231 406/450/230 405/449/229 
f 406/450/230 407/451/231 408/452/231 
f 408/452/231 407/451/231 409/453/232 
f 407/451/231 410/454/232 409/453/232 
f 409/453/232 410/454/232 411/455/233 
f 410/454/232 412/456/233 411/455/233 
f 412/456/233 413/457/234 411/455/233 
f 413/457/234 412/456/233 414/458/235 
f 414/458/235 415/459/236 413/457/234 
f 415/459/236 414/458/235 416/460/237 
f 417/461/238 415/459/236 416/460/237 
f 415/459/236 417/461/238 418/462/238 
f 419/463/239 418/462/238 417/461/238 
f 418/462/238 419/463/239 420/464/239 
f 420/464/239 419/463/239 421/465/240 
f 421/465/240 419/463/239 422/466/240 
f 421/465/240 422/466/240 392/467/217 
f 392/467/217 422/466/240 393/468/218 
f 423/469/241 424/470/242 425/471/243 
f 426/472/244 425/471/243 424/470/242 
f 427/473/245 426/472/244 424/470/242 
f 426/472/244 427/473/245 428/474/246 
f 427/473/245 429/475/247 428/474/246 
f 429/475/247 427/473/245 430/476/248 
f 431/477/249 432/478/250 433/479/251 
f 434/480/252 433/479/251 432/478/250 
f 435/481/253 434/480/252 432/478/250 
f 434/480/252 435/481/253 436/482/254 
f 435/481/253 437/483/255 436/482/254 
f 437/483/255 435/481/253 438/484/256 
f 439/485/257 423/486/241 425/487/243 
f 423/486/241 439/485/257 440/488/258 
f 439/485/257 441/489/259 440/488/258 
f 440/488/258 441/489/259 442/490/260 
f 441/489/259 438/491/256 442/490/260 
f 438/491/256 441/489/259 437/492/255 
f 443/493/261 429/494/247 430/495/248 
f 429/494/247 443/493/261 444/496/262 
f 445/497/263 444/496/262 443/493/261 
f 446/498/264 444/496/262 445/497/263 
f 445/497/263 433/499/251 446/498/264 
f 433/499/251 445/497/263 431/500/249 
f 447/501/220 448/502/219 449/503/216 
f 448/502/219 447/501/220 450/504/220 
f 451/505/221 450/504/220 447/501/220 
f 450/504/220 451/505/221 452/506/222 
f 453/507/223 452/506/222 451/505/221 
f 452/506/222 453/507/223 454/508/224 
f 453/507/223 455/509/225 454/508/224 
f 455/509/225 453/507/223 456/510/226 
f 456/510/226 457/511/227 455/509/225 
f 457/511/227 456/510/226 458/512/228 
f 459/513/229 457/511/227 458/512/228 
f 457/511/227 459/513/229 460/514/230 
f 461/515/231 460/514/230 459/513/229 
f 460/514/230 461/515/231 462/516/231 
f 462/516/231 461/515/231 463/517/232 
f 461/515/231 464/518/232 463/517/232 
f 463/517/232 464/518/232 465/519/233 
f 464/518/232 466/520/233 465/519/233 
f 466/520/233 467/521/234 465/519/233 
f 467/521/234 466/520/233 468/522/235 
f 468/522/235 469/523/236 467/521/234 
f 469/523/236 468/522/235 470/524/237 
f 471/525/238 469/523/236 470/524/237 
f 469/523/236 471/525/238 472/526/238 
f 473/527/239 472/526/238 471/525/238 
f 472/526/238 473/527/239 474/528/239 
f 474/528/239 473/527/239 475/529/240 
f 475/529/240 473/527/239 476/530/240 
f 475/529/240 476/530/240 477/531/217 
f 477/531/217 476/530/240 478/532/217 
f 449/533/216 477/531/217 478/532/217 
f 477/531/217 449/533/216 448/534/219 
f 479/535/241 480/536/242 481/537/243 
f 482/538/244 481/537/243 480/536/242 
f 483/539/245 482/538/244 480/536/242 
f 482/538/244 483/539/245 484/540/246 
f 483/539/245 485/541/247 484/540/246 
f 485/541/247 483/539/245 486/542/248 
f 487/543/249 488/544/265 489/545/251 
f 490/546/252 489/545/251 488/544/265 
f 491/547/253 490/546/252 488/544/265 
f 490/546/252 491/547/253 492/548/254 
f 491/547/253 493/549/255 492/548/254 
f 493/549/255 491/547/253 494/550/256 
f 495/551/257 479/552/241 481/553/243 
f 479/552/241 495/551/257 496/554/258 
f 495/551/257 497/555/259 496/554/258 
f 496/554/258 497/555/259 498/556/260 
f 497/555/259 494/557/256 498/556/260 
f 494/557/256 497/555/259 493/558/255 
f 499/559/261 485/560/247 486/561/248 
f 485/560/247 499/559/261 500/562/262 
f 501/563/263 500/562/262 499/559/261 
f 502/564/264 500/562/262 501/563/263 
f 501/563/263 489/565/251 502/564/264 
f 489/565/251 501/563/263 487/566/249 
f 503/567/216 504/568/217 505/569/217 
f 504/568/217 503/567/216 506/570/219 
f 507/571/220 506/570/219 503/567/216 
f 506/570/219 507/571/220 508/572/220 
f 509/573/221 508/572/220 507/571/220 
f 508/572/220 509/573/221 510/574/222 
f 511/575/223 510/574/222 509/573/221 
f 510/574/222 511/575/223 512/576/224 
f 511/575/223 513/577/225 512/576/224 
f 513/577/225 511/575/223 514/578/226 
f 514/578/226 515/579/227 513/577/225 
f 515/579/227 514/578/226 516/580/228 
f 517/581/229 515/579/227 516/580/228 
f 515/579/227 517/581/229 518/582/230 
f 519/583/231 518/582/230 517/581/229 
f 518/582/230 519/583/231 520/584/231 
f 520/584/231 519/583/231 521/585/232 
f 519/583/231 522/586/232 521/585/232 
f 521/585/232 522/586/232 523/587/233 
f 522/586/232 524/588/233 523/587/233 
f 524/588/233 525/589/234 523/587/233 
f 525/589/234 524/588/233 526/590/235 
f 526/590/235 527/591/236 525/589/234 
f 527/591/236 526/590/235 528/592/237 
f 529/593/238 527/591/236 528/592/237 
f 527/591/236 529/593/238 530/594/238 
f 531/595/239 530/594/238 529/593/238 
f 530/594/238 531/595/239 532/596/239 
f 532/596/239 531/595/239 533/597/240 
f 533/597/240 531/595/239 534/598/240 
f 533/597/240 534/598/240 504/599/217 
f 504/599/217 534/598/240 505/600/217 
f 535/601/241 536/602/242 537/603/243 
f 538/604/244 537/603/243 536/602/242 
f 539/605/245 538/604/244 536/602/242 
f 538/604/244 539/605/245 540/606/246 
f 539/605/245 541/607/247 540/606/246 
f 541/607/247 539/605/245 542/608/248 
f 543/609/249 544/610/265 545/611/251 
f 546/612/252 545/611/251 544/610/265 
f 547/613/253 546/612/252 544/610/265 
f 546/612/252 547/613/253 548/614/254 
f 547/613/253 549/615/255 548/614/254 
f 549/615/255 547/613/253 550/616/256 
f 551/617/257 535/618/241 537/619/243 
f 535/618/241 551/617/257 552/620/258 
f 551/617/257 553/621/259 552/620/258 
f 552/620/258 553/621/259 554/622/260 
f 553/621/259 550/623/256 554/622/260 
f 550/623/256 553/621/259 549/624/255 
f 555/625/261 541/626/247 542/627/248 
f 541/626/247 555/625/261 556/628/262 
f 557/629/263 556/628/262 555/625/261 
f 558/630/264 556/628/262 557/629/263 
f 557/629/263 545/631/251 558/630/264 
f 545/631/251 557/629/263 543/632/249 
f 559/633/266 117/634/87 118/635/88 
f 117/634/87 559/633/266 560/636/267 
f 561/637/268 560/636/267 559/633/266 
f 560/636/267 561/637/268 562/638/269 
f 563/639/270 562/638/269 561/637/268 
f 562/638/269 563/639/270 564/640/271 
f 565/641/272 564/640/271 563/639/270 
f 566/642/273 564/640/271 565/641/272 
f 567/643/274 566/642/273 565/641/272 
f 566/642/273 567/643/274 568/644/275 
f 567/643/274 569/645/276 568/644/275 
f 570/646/277 569/645/276 567/643/274 
f 571/647/278 114/648/84 113/649/83 
f 113/649/83 572/650/279 571/647/278 
f 573/651/280 571/647/278 572/650/279 
f 572/650/279 574/652/281 573/651/280 
f 575/653/282 573/651/280 574/652/281 
f 573/651/280 575/653/282 576/654/283 
f 577/655/284 578/656/285 579/657/286 
f 578/656/285 577/655/284 580/658/287 
f 580/658/287 581/659/288 578/656/285 
f 581/659/288 580/658/287 582/660/289 
f 583/661/290 581/659/288 582/660/289 
f 584/662/291 581/659/288 583/661/290 
f 585/663/292 584/662/291 583/661/290 
f 586/664/293 584/662/291 585/663/292 
f 587/665/294 586/664/293 585/663/292 
f 586/664/293 587/665/294 588/666/295 
f 589/667/296 590/668/297 591/669/298 
f 590/668/297 589/667/296 592/670/299 
f 593/671/300 592/670/299 589/667/296 
f 592/670/299 593/671/300 594/672/301 
f 590/673/297 595/674/302 591/675/298 
f 595/674/302 590/673/297 596/676/303 
f 596/676/303 597/677/304 595/674/302 
f 597/677/304 596/676/303 598/678/305 
f 599/679/306 597/677/304 598/678/305 
f 597/677/304 599/679/306 600/680/307 
f 601/681/308 600/680/307 599/679/306 
f 600/680/307 601/681/308 602/682/309 
f 603/683/310 604/684/311 605/685/312 
f 604/684/311 603/683/310 606/686/313 
f 607/687/304 606/686/313 603/683/310 
f 606/686/313 607/687/304 608/688/314 
f 607/687/304 609/689/315 608/688/314 
f 609/689/315 607/687/304 610/690/316 
f 609/689/315 610/690/316 611/691/317 
f 611/691/317 610/690/316 612/692/318 
f 613/693/319 614/694/320 615/695/321 
f 614/694/320 613/693/319 616/696/322 
f 617/697/323 616/696/322 613/693/319 
f 616/696/322 617/697/323 618/698/324 
f 619/699/325 620/700/326 621/701/327 
f 620/700/326 619/699/325 622/702/328 
f 623/703/329 622/702/328 619/699/325 
f 622/702/328 623/703/329 624/704/330 
f 625/705/331 626/706/332 627/707/333 
f 626/706/332 625/705/331 628/708/334 
f 629/709/335 628/708/334 625/705/331 
f 628/708/334 629/709/335 630/710/336 
f 631/711/337 630/710/336 629/709/335 
f 632/712/338 631/711/337 629/709/335 
f 633/713/339 631/711/337 632/712/338 
f 631/711/337 633/713/339 634/714/340 
f 635/715/341 636/716/342 637/717/343 
f 635/715/341 637/717/343 638/718/344 
f 638/718/344 639/719/345 635/715/341 
f 639/719/345 638/718/344 640/720/346 
f 640/720/346 641/721/347 639/719/345 
f 641/721/347 640/720/346 642/722/348 
f 642/722/348 643/723/349 641/721/347 
f 643/723/349 642/722/348 644/724/350 
f 645/725/351 634/726/340 633/727/339 
f 634/726/340 645/725/351 646/728/352 
f 646/728/352 645/725/351 647/729/353 
f 647/729/353 648/730/354 646/728/352 
f 649/731/355 648/730/354 647/729/353 
f 648/730/354 649/731/355 650/732/354 
f 650/732/354 649/731/355 651/733/356 
f 651/733/356 652/734/357 650/732/354 
f 651/733/356 644/735/350 652/734/357 
f 651/733/356 643/736/349 644/735/350 
f 653/737/358 654/738/359 655/739/359 
f 654/738/359 653/737/358 656/740/360 
f 657/741/361 656/740/360 653/737/358 
f 656/740/360 657/741/361 658/742/362 
f 658/742/362 657/741/361 659/743/363 
f 660/744/363 659/743/363 657/741/361 
f 289/745/364 655/746/365 287/747/366 
f 655/746/365 289/745/364 653/748/364 
f 291/749/367 653/748/364 289/745/364 
f 291/749/367 657/750/368 653/748/364 
f 291/749/367 660/751/369 657/750/368 
f 294/752/370 660/751/369 291/749/367 
f 661/753/371 662/754/372 663/755/373 
f 662/754/372 661/753/371 664/756/374 
f 664/756/374 665/757/375 662/754/372 
f 665/757/375 664/756/374 666/758/376 
f 666/758/376 667/759/377 665/757/375 
f 667/759/377 666/758/376 668/760/378 
f 669/761/379 667/759/377 668/760/378 
f 667/759/377 669/761/379 670/762/380 
f 671/763/381 672/764/382 673/765/382 
f 672/764/382 671/763/381 674/766/383 
f 675/767/384 674/766/383 671/763/381 
f 674/766/383 675/767/384 676/768/385 
f 676/768/385 675/767/384 677/769/386 
f 678/770/387 677/769/386 675/767/384 
f 679/771/388 680/772/389 681/773/390 
f 680/772/389 679/771/388 682/774/391 
f 683/775/392 682/774/391 679/771/388 
f 682/774/391 683/775/392 684/776/393 
f 685/777/394 686/778/395 687/779/396 
f 686/778/395 685/777/394 688/780/397 
f 688/780/397 689/781/398 686/778/395 
f 689/781/398 688/780/397 690/782/399 
f 690/782/399 691/783/400 689/781/398 
f 691/783/400 690/782/399 692/784/401 
f 693/785/402 694/786/403 695/787/404 
f 694/786/403 693/785/402 696/788/405 
f 697/789/406 694/786/403 696/788/405 
f 696/788/405 698/790/407 697/789/406 
f 685/791/394 697/789/406 698/790/407 
f 697/789/406 685/791/394 687/792/396 
f 699/793/408 693/794/402 695/795/404 
f 693/794/402 699/793/408 700/796/409 
f 701/797/410 700/796/409 699/793/408 
f 700/796/409 701/797/410 702/798/411 
f 701/797/410 703/799/412 702/798/411 
f 703/799/412 701/797/410 704/800/413 
f 705/801/414 706/802/415 707/803/416 
f 706/802/415 705/801/414 708/804/417 
f 709/805/418 708/804/417 705/801/414 
f 708/804/417 709/805/418 710/806/419 
f 711/807/420 710/806/419 709/805/418 
f 709/805/418 712/808/421 711/807/420 
f 713/809/422 707/810/416 706/811/415 
f 707/810/416 713/809/422 714/812/423 
f 713/809/422 715/813/424 714/812/423 
f 714/812/423 715/813/424 716/814/425 
f 717/815/426 716/814/425 715/813/424 
f 716/814/425 717/815/426 718/816/427 
f 309/817/127 719/818/428 310/819/128 
f 719/818/428 309/817/127 720/820/429 
f 720/820/429 721/821/430 719/818/428 
f 721/821/430 720/820/429 722/822/431 
f 723/823/432 721/821/430 722/822/431 
f 721/821/430 723/823/432 724/824/433 
f 725/825/434 724/824/433 723/823/432 
f 724/824/433 725/825/434 726/826/435 
f 727/827/436 726/826/435 725/825/434 
f 726/826/435 727/827/436 728/828/437 
f 729/829/438 728/828/437 727/827/436 
f 730/830/439 729/829/438 727/827/436 
f 731/831/440 729/832/438 730/833/439 
f 729/832/438 731/831/440 732/834/441 
f 733/835/442 732/834/441 731/831/440 
f 734/836/443 732/834/441 733/835/442 
f 303/837/121 734/836/443 733/835/442 
f 733/835/442 304/838/122 303/837/121 
f 735/839/444 736/840/445 737/841/446 
f 736/840/445 735/839/444 738/842/447 
f 739/843/448 738/842/447 735/839/444 
f 738/842/447 739/843/448 740/844/449 
f 741/845/450 740/844/449 739/843/448 
f 740/844/449 741/845/450 742/846/451 
f 743/847/452 737/848/446 736/849/445 
f 737/848/446 743/847/452 744/850/453 
f 745/851/454 744/850/453 743/847/452 
f 744/850/453 745/851/454 746/852/455 
f 745/851/454 311/853/129 746/852/455 
f 311/853/129 745/851/454 312/854/130 
f 741/855/450 747/856/456 742/857/451 
f 747/856/456 741/855/450 748/858/457 
f 748/858/457 749/859/458 747/856/456 
f 749/859/458 748/858/457 750/860/459 
f 750/860/459 318/861/136 749/859/458 
f 318/861/136 750/860/459 317/862/135 
f 751/863/460 691/864/400 692/865/401 
f 691/864/400 751/863/460 752/866/461 
f 753/867/462 752/866/461 751/863/460 
f 752/866/461 753/867/462 754/868/463 
f 704/869/413 754/868/463 753/867/462 
f 703/870/412 704/869/413 753/867/462 
f 683/871/392 755/872/464 684/873/393 
f 755/872/464 683/871/392 756/874/465 
f 756/874/465 757/875/466 755/872/464 
f 756/874/465 758/876/467 757/875/466 
f 759/877/468 757/875/466 758/876/467 
f 757/875/466 759/877/468 760/878/469 
f 759/877/468 761/879/470 760/878/469 
f 759/877/468 762/880/471 761/879/470 
f 763/881/472 761/879/470 762/880/471 
f 761/879/470 763/881/472 764/882/473 
f 765/883/474 764/882/473 763/881/472 
f 764/882/473 765/883/474 766/884/475 
f 767/885/476 768/886/477 769/887/478 
f 768/886/477 767/885/476 770/888/479 
f 771/889/480 770/888/479 767/885/476 
f 770/888/479 771/889/480 772/890/481 
f 771/889/480 773/891/482 772/890/481 
f 773/891/482 771/889/480 774/892/483 
f 775/893/484 773/894/482 774/895/483 
f 773/894/482 775/893/484 776/896/485 
f 777/897/486 776/896/485 775/893/484 
f 776/896/485 777/897/486 778/898/487 
f 779/899/488 778/898/487 777/897/486 
f 778/898/487 779/899/488 780/900/489 
f 781/901/490 782/902/491 783/903/492 
f 782/902/491 781/901/490 784/904/493 
f 785/905/494 784/904/493 781/901/490 
f 786/906/495 784/904/493 785/905/494 
f 787/907/496 786/906/495 785/905/494 
f 785/905/494 788/908/497 787/907/496 
f 789/909/498 790/910/499 791/911/500 
f 790/910/499 789/909/498 792/912/501 
f 792/912/501 793/913/502 790/910/499 
f 793/913/502 792/912/501 794/914/503 
f 794/914/503 779/915/488 793/913/502 
f 779/915/488 794/914/503 780/916/489 
f 795/917/504 789/918/498 791/919/500 
f 789/918/498 795/917/504 796/920/505 
f 797/921/506 796/920/505 795/917/504 
f 796/920/505 797/921/506 798/922/507 
f 797/921/506 768/923/477 798/922/507 
f 768/923/477 797/921/506 769/924/478 
f 799/925/508 800/926/509 801/927/510 
f 800/926/509 799/925/508 802/928/511 
f 803/929/512 802/928/511 799/925/508 
f 804/930/513 802/928/511 803/929/512 
f 782/931/491 804/930/513 803/929/512 
f 783/932/492 782/931/491 803/929/512 
f 325/933/143 805/934/514 326/935/144 
f 805/934/514 325/933/143 806/936/515 
f 806/936/515 807/937/516 805/934/514 
f 806/936/515 808/938/517 807/937/516 
f 809/939/518 807/937/516 808/938/517 
f 807/937/516 809/939/518 810/940/519 
f 811/941/520 812/942/521 813/943/522 
f 812/942/521 811/941/520 814/944/523 
f 815/945/524 814/944/523 811/941/520 
f 814/944/523 815/945/524 816/946/525 
f 319/947/137 816/946/525 815/945/524 
f 815/945/524 320/948/138 319/947/137 
f 817/949/526 818/950/527 819/951/528 
f 818/950/527 817/949/526 820/952/529 
f 821/953/530 818/950/527 820/952/529 
f 820/952/529 822/954/531 821/953/530 
f 822/954/531 333/955/151 821/953/530 
f 333/955/151 822/954/531 334/956/152 
f 823/957/532 817/958/526 819/959/528 
f 817/958/526 823/957/532 824/960/533 
f 825/961/534 824/960/533 823/957/532 
f 824/960/533 825/961/534 826/962/535 
f 827/963/536 826/962/535 825/961/534 
f 826/962/535 827/963/536 828/964/537 
f 829/965/538 828/966/537 827/967/536 
f 828/966/537 829/965/538 830/968/539 
f 831/969/540 830/968/539 829/965/538 
f 830/968/539 831/969/540 832/970/541 
f 831/969/540 327/971/145 832/970/541 
f 327/971/145 831/969/540 328/972/146 
f 833/973/542 810/974/519 809/975/518 
f 810/974/519 833/973/542 834/976/543 
f 835/977/544 834/976/543 833/973/542 
f 834/976/543 835/977/544 836/978/545 
f 812/979/521 836/978/545 835/977/544 
f 813/980/522 812/979/521 835/977/544 
f 837/981/546 838/982/547 839/983/548 
f 840/984/549 838/982/547 837/981/546 
f 841/985/550 838/982/547 840/984/549 
f 840/984/549 842/986/551 841/985/550 
f 842/986/551 843/987/552 841/985/550 
f 844/988/553 843/987/552 842/986/551 
f 845/989/554 843/987/552 844/988/553 
f 843/987/552 845/989/554 846/990/555 
f 847/991/556 846/990/555 845/989/554 
f 846/990/555 847/991/556 848/992/557 
f 849/993/558 848/992/557 847/991/556 
f 848/992/557 849/993/558 850/994/559 
f 851/995/560 342/996/160 341/997/159 
f 342/996/160 851/995/560 852/998/561 
f 853/999/562 852/998/561 851/995/560 
f 852/998/561 853/999/562 854/1000/563 
f 855/1001/564 854/1000/563 853/999/562 
f 854/1000/563 855/1001/564 856/1002/565 
f 857/1003/566 856/1002/565 855/1001/564 
f 855/1001/564 858/1004/567 857/1003/566 
f 859/1005/568 860/1006/569 861/1007/570 
f 860/1006/569 859/1005/568 862/1008/571 
f 862/1008/571 863/1009/572 860/1006/569 
f 863/1009/572 862/1008/571 864/1010/573 
f 865/1011/574 863/1009/572 864/1010/573 
f 865/1011/574 864/1010/573 866/1012/575 
f 867/1013/576 865/1011/574 866/1012/575 
f 865/1011/574 867/1013/576 868/1014/577 
f 869/1015/578 868/1014/577 867/1013/576 
f 868/1014/577 869/1015/578 870/1016/579 
f 870/1016/579 869/1015/578 871/1017/580 
f 869/1015/578 872/1018/581 871/1017/580 
f 13/1019/7 873/1020/582 14/1021/7 
f 873/1020/582 13/1019/7 874/1022/583 
f 367/1023/198 874/1022/583 13/1019/197 
f 875/1024/584 874/1022/583 367/1023/198 
f 873/1020/582 874/1022/583 876/1025/585 
f 873/1020/582 876/1025/585 877/1026/586 
f 878/1027/587 877/1026/586 876/1025/585 
f 877/1026/586 878/1027/587 879/1028/588 
f 879/1028/588 27/1029/20 29/1030/22 
f 27/1029/20 879/1028/588 878/1027/587 
f 878/1027/587 25/1031/18 27/1029/20 
f 876/1025/585 880/1032/589 878/1027/587 
f 25/1031/18 878/1027/587 880/1032/589 
f 880/1032/589 876/1025/585 881/1033/590 
f 876/1025/585 874/1022/583 881/1033/590 
f 882/1034/591 25/1031/18 880/1032/589 
f 881/1033/590 882/1034/591 880/1032/589 
f 23/1035/16 25/1031/18 882/1034/591 
f 882/1034/591 881/1033/590 883/1036/592 
f 884/1037/593 23/1035/16 882/1034/591 
f 883/1036/592 884/1037/593 882/1034/591 
f 21/1038/14 23/1035/16 884/1037/593 
f 884/1037/593 347/1039/165 21/1038/14 
f 881/1033/590 885/1040/594 883/1036/592 
f 884/1037/593 883/1036/592 885/1040/594 
f 347/1039/165 884/1037/593 886/1041/595 
f 885/1040/594 886/1041/595 884/1037/593 
f 886/1041/595 349/1042/167 347/1039/165 
f 881/1033/590 887/1043/596 885/1040/594 
f 886/1041/595 885/1040/594 887/1043/596 
f 887/1043/596 881/1033/590 874/1022/583 
f 349/1042/167 886/1041/595 888/1044/597 
f 887/1043/596 888/1044/597 886/1041/595 
f 874/1022/583 889/1045/598 887/1043/596 
f 888/1044/597 887/1043/596 889/1045/598 
f 875/1024/584 889/1045/598 874/1022/583 
f 888/1044/597 890/1046/599 349/1042/167 
f 889/1045/598 890/1046/599 888/1044/597 
f 352/1047/170 349/1042/167 890/1046/599 
f 890/1046/599 889/1045/598 891/1048/600 
f 889/1045/598 875/1024/584 891/1048/600 
f 892/1049/601 352/1047/170 890/1046/599 
f 352/1047/170 892/1049/601 353/1050/171 
f 893/1051/602 890/1046/599 891/1048/600 
f 890/1046/599 893/1051/602 892/1049/601 
f 875/1024/584 893/1051/602 891/1048/600 
f 894/1052/603 353/1050/171 892/1049/601 
f 353/1050/171 894/1052/603 356/1053/174 
f 894/1052/603 357/1054/175 356/1053/174 
f 895/1055/604 892/1049/601 893/1051/602 
f 892/1049/601 895/1055/604 894/1052/603 
f 357/1054/175 894/1052/603 896/1056/605 
f 896/1056/605 359/1057/177 357/1054/175 
f 895/1055/604 897/1058/606 894/1052/603 
f 896/1056/605 894/1052/603 897/1058/606 
f 898/1059/607 895/1055/604 893/1051/602 
f 895/1055/604 898/1059/607 897/1058/606 
f 898/1059/607 896/1056/605 897/1058/606 
f 893/1051/602 875/1024/584 898/1059/607 
f 359/1057/177 896/1056/605 899/1060/608 
f 896/1056/605 898/1059/607 899/1060/608 
f 899/1060/608 900/1061/609 359/1057/177 
f 900/1061/609 362/1062/180 359/1057/177 
f 901/1063/610 899/1060/608 898/1059/607 
f 900/1061/609 899/1060/608 901/1063/610 
f 875/1024/584 901/1063/610 898/1059/607 
f 900/1061/609 902/1064/611 362/1062/180 
f 902/1064/611 363/1065/181 362/1062/180 
f 900/1061/609 903/1066/612 902/1064/611 
f 903/1066/612 900/1061/609 901/1063/610 
f 903/1066/612 901/1063/610 904/1067/613 
f 901/1063/610 875/1024/584 904/1067/613 
f 367/1023/185 904/1067/613 875/1024/584 
f 904/1067/613 367/1023/185 366/1068/184 
f 372/1069/190 905/1070/614 371/1071/189 
f 905/1070/614 372/1069/190 906/1072/615 
f 20/1073/192 906/1072/615 372/1069/193 
f 907/1074/616 906/1072/615 20/1073/192 
f 905/1070/614 906/1072/615 908/1075/617 
f 905/1070/614 908/1075/617 909/1076/618 
f 910/1077/619 909/1076/618 908/1075/617 
f 909/1076/618 910/1077/619 911/1078/620 
f 911/1078/620 361/1079/179 364/1080/182 
f 361/1079/179 911/1078/620 910/1077/619 
f 910/1077/619 360/1081/178 361/1079/179 
f 908/1075/617 912/1082/621 910/1077/619 
f 360/1081/178 910/1077/619 912/1082/621 
f 912/1082/621 908/1075/617 913/1083/622 
f 908/1075/617 906/1072/615 913/1083/622 
f 360/1081/178 912/1082/621 914/1084/623 
f 358/1085/176 360/1081/178 914/1084/623 
f 915/1086/624 912/1082/621 913/1083/622 
f 912/1082/621 915/1086/624 914/1084/623 
f 913/1083/622 916/1087/625 915/1086/624 
f 915/1086/624 916/1087/625 914/1084/623 
f 358/1085/176 914/1084/623 917/1088/626 
f 917/1088/626 914/1084/623 916/1087/625 
f 355/1089/173 358/1085/176 917/1088/626 
f 917/1088/626 354/1090/172 355/1089/173 
f 354/1090/172 917/1088/626 918/1091/627 
f 916/1087/625 918/1091/627 917/1088/626 
f 918/1091/627 351/1092/169 354/1090/172 
f 913/1083/622 919/1093/628 916/1087/625 
f 918/1091/627 916/1087/625 919/1093/628 
f 919/1093/628 913/1083/622 906/1072/615 
f 351/1092/169 918/1091/627 920/1094/629 
f 919/1093/628 920/1094/629 918/1091/627 
f 920/1094/629 350/1095/168 351/1092/169 
f 906/1072/615 921/1096/630 919/1093/628 
f 920/1094/629 919/1093/628 921/1096/630 
f 906/1072/615 922/1097/630 921/1096/630 
f 922/1097/630 920/1094/629 921/1096/630 
f 922/1097/630 906/1072/615 907/1074/616 
f 350/1095/168 920/1094/629 923/1098/631 
f 923/1098/631 920/1094/629 922/1097/630 
f 350/1095/168 923/1098/631 924/1099/632 
f 348/1100/166 350/1095/168 924/1099/632 
f 925/1101/633 923/1098/631 922/1097/630 
f 925/1101/633 924/1099/632 923/1098/631 
f 907/1074/616 925/1101/633 922/1097/630 
f 924/1099/632 926/1102/634 348/1100/166 
f 22/1103/15 348/1100/166 926/1102/634 
f 926/1102/634 24/1104/17 22/1103/15 
f 927/1105/635 924/1099/632 925/1101/633 
f 924/1099/632 927/1105/635 926/1102/634 
f 24/1104/17 926/1102/634 928/1106/636 
f 927/1105/635 928/1106/636 926/1102/634 
f 928/1106/636 26/1107/19 24/1104/17 
f 929/1108/637 927/1105/635 925/1101/633 
f 925/1101/633 907/1074/616 929/1108/637 
f 928/1106/636 927/1105/635 930/1109/638 
f 927/1105/635 929/1108/637 930/1109/638 
f 930/1109/638 931/1110/639 928/1106/636 
f 931/1110/639 930/1109/638 929/1108/637 
f 26/1107/19 928/1106/636 931/1110/639 
f 907/1074/616 932/1111/640 929/1108/637 
f 932/1111/640 931/1110/639 929/1108/637 
f 931/1110/639 933/1112/641 26/1107/19 
f 931/1110/639 932/1111/640 933/1112/641 
f 26/1107/19 933/1112/641 28/1113/21 
f 932/1111/640 907/1074/616 934/1114/642 
f 20/1073/13 934/1114/642 907/1074/616 
f 934/1114/642 20/1073/13 19/1115/12 
f 935/1116/643 932/1111/640 934/1114/642 
f 935/1116/643 933/1112/641 932/1111/640 
f 933/1112/641 935/1116/643 936/1117/644 
f 933/1112/641 936/1117/644 28/1113/21 
f 28/1113/21 936/1117/644 30/1118/23 
f 31/1119/24 937/1120/645 32/1121/25 
f 937/1120/645 31/1119/24 938/1122/646 
f 937/1120/645 938/1122/646 939/1123/647 
f 937/1120/645 939/1123/647 940/1124/648 
f 941/1125/649 940/1124/648 939/1123/647 
f 940/1124/648 941/1125/649 942/1126/650 
f 942/1126/650 53/1127/45 55/1128/47 
f 53/1127/45 942/1126/650 941/1125/649 
f 941/1125/649 51/1129/43 53/1127/45 
f 939/1123/647 943/1130/651 941/1125/649 
f 51/1129/43 941/1125/649 943/1130/651 
f 943/1130/651 939/1123/647 944/1131/652 
f 939/1123/647 938/1122/646 944/1131/652 
f 945/1132/653 51/1129/43 943/1130/651 
f 944/1131/652 945/1132/653 943/1130/651 
f 49/1133/41 51/1129/43 945/1132/653 
f 945/1132/653 944/1131/652 946/1134/654 
f 947/1135/655 49/1133/41 945/1132/653 
f 946/1134/654 947/1135/655 945/1132/653 
f 47/1136/39 49/1133/41 947/1135/655 
f 947/1135/655 383/1137/209 47/1136/39 
f 944/1131/652 948/1138/656 946/1134/654 
f 947/1135/655 946/1134/654 948/1138/656 
f 383/1137/209 947/1135/655 949/1139/657 
f 948/1138/656 949/1139/657 947/1135/655 
f 949/1139/657 385/1140/211 383/1137/209 
f 944/1131/652 950/1141/658 948/1138/656 
f 949/1139/657 948/1138/656 950/1141/658 
f 950/1141/658 944/1131/652 938/1122/646 
f 385/1140/211 949/1139/657 951/1142/659 
f 950/1141/658 951/1142/659 949/1139/657 
f 938/1122/646 952/1143/660 950/1141/658 
f 951/1142/659 950/1141/658 952/1143/660 
f 938/1122/646 953/1144/660 952/1143/660 
f 952/1143/660 953/1144/660 951/1142/659 
f 951/1142/659 954/1145/661 385/1140/211 
f 954/1145/661 951/1142/659 953/1144/660 
f 388/1146/211 385/1140/211 954/1145/661 
f 938/1122/646 955/1147/662 953/1144/660 
f 31/1119/50 955/1147/662 938/1122/646 
f 955/1147/662 31/1119/50 46/1148/49 
f 956/1149/663 954/1145/661 953/1144/660 
f 955/1147/662 956/1149/663 953/1144/660 
f 957/1150/664 388/1146/211 954/1145/661 
f 954/1145/661 956/1149/663 957/1150/664 
f 388/1146/211 957/1150/664 389/1151/214 
f 958/1152/665 957/1150/664 956/1149/663 
f 959/1153/666 389/1151/214 957/1150/664 
f 957/1150/664 958/1152/665 959/1153/666 
f 389/1151/214 959/1153/666 382/1154/208 
f 959/1153/666 379/1155/205 382/1154/208 
f 960/1156/667 958/1152/665 956/1149/663 
f 956/1149/663 955/1147/662 960/1156/667 
f 958/1152/665 961/1157/668 959/1153/666 
f 958/1152/665 960/1156/667 961/1157/668 
f 379/1155/205 959/1153/666 962/1158/669 
f 962/1158/669 959/1153/666 961/1157/668 
f 960/1156/667 962/1158/669 961/1157/668 
f 962/1158/669 378/1159/204 379/1155/205 
f 962/1158/669 960/1156/667 963/1160/670 
f 378/1159/204 962/1158/669 963/1160/670 
f 964/1161/671 963/1160/670 960/1156/667 
f 955/1147/662 964/1161/671 960/1156/667 
f 963/1160/670 965/1162/672 378/1159/204 
f 965/1162/672 963/1160/670 964/1161/671 
f 965/1162/672 376/1163/202 378/1159/204 
f 964/1161/671 955/1147/662 966/1164/673 
f 46/1148/38 966/1164/673 955/1147/662 
f 966/1164/673 46/1148/38 45/1165/38 
f 967/1166/674 964/1161/671 966/1164/673 
f 967/1166/674 965/1162/672 964/1161/671 
f 965/1162/672 967/1166/674 968/1167/675 
f 965/1162/672 968/1167/675 376/1163/202 
f 968/1167/675 374/1168/200 376/1163/202 
f 39/1169/32 969/1170/676 40/1171/33 
f 969/1170/676 39/1169/32 970/1172/677 
f 38/1173/53 970/1172/677 39/1169/54 
f 971/1174/678 970/1172/677 38/1173/53 
f 969/1170/676 970/1172/677 972/1175/679 
f 969/1170/676 972/1175/679 973/1176/680 
f 974/1177/681 973/1176/680 972/1175/679 
f 973/1176/680 974/1177/681 975/1178/682 
f 975/1178/682 373/1179/199 375/1180/201 
f 373/1179/199 975/1178/682 974/1177/681 
f 974/1177/681 377/1181/203 373/1179/199 
f 972/1175/679 976/1182/683 974/1177/681 
f 377/1181/203 974/1177/681 976/1182/683 
f 976/1182/683 972/1175/679 977/1183/684 
f 972/1175/679 970/1172/677 977/1183/684 
f 377/1181/203 976/1182/683 978/1184/685 
f 380/1185/206 377/1181/203 978/1184/685 
f 979/1186/686 976/1182/683 977/1183/684 
f 976/1182/683 979/1186/686 978/1184/685 
f 977/1183/684 980/1187/687 979/1186/686 
f 979/1186/686 980/1187/687 978/1184/685 
f 380/1185/206 978/1184/685 981/1188/688 
f 981/1188/688 978/1184/685 980/1187/687 
f 381/1189/207 380/1185/206 981/1188/688 
f 981/1188/688 390/1190/215 381/1189/207 
f 390/1190/215 981/1188/688 982/1191/689 
f 980/1187/687 982/1191/689 981/1188/688 
f 982/1191/689 387/1192/213 390/1190/215 
f 977/1183/684 983/1193/690 980/1187/687 
f 982/1191/689 980/1187/687 983/1193/690 
f 983/1193/690 977/1183/684 970/1172/677 
f 387/1192/213 982/1191/689 984/1194/691 
f 983/1193/690 984/1194/691 982/1191/689 
f 970/1172/677 985/1195/692 983/1193/690 
f 984/1194/691 983/1193/690 985/1195/692 
f 970/1172/677 986/1196/693 985/1195/692 
f 986/1196/693 984/1194/691 985/1195/692 
f 986/1196/693 970/1172/677 971/1174/678 
f 984/1194/691 987/1197/691 387/1192/213 
f 987/1197/691 984/1194/691 986/1196/693 
f 386/1198/212 387/1192/213 987/1197/691 
f 988/1199/694 987/1197/691 986/1196/693 
f 971/1174/678 988/1199/694 986/1196/693 
f 386/1198/212 987/1197/691 989/1200/695 
f 988/1199/694 989/1200/695 987/1197/691 
f 384/1201/210 386/1198/212 989/1200/695 
f 989/1200/695 990/1202/696 384/1201/210 
f 48/1203/40 384/1201/210 990/1202/696 
f 990/1202/696 50/1204/42 48/1203/40 
f 991/1205/697 989/1200/695 988/1199/694 
f 989/1200/695 991/1205/697 990/1202/696 
f 50/1204/42 990/1202/696 992/1206/698 
f 991/1205/697 992/1206/698 990/1202/696 
f 992/1206/698 52/1207/44 50/1204/42 
f 993/1208/699 991/1205/697 988/1199/694 
f 988/1199/694 971/1174/678 993/1208/699 
f 992/1206/698 991/1205/697 994/1209/700 
f 991/1205/697 993/1208/699 994/1209/700 
f 994/1209/700 995/1210/701 992/1206/698 
f 995/1210/701 994/1209/700 993/1208/699 
f 52/1207/44 992/1206/698 995/1210/701 
f 971/1174/678 996/1211/702 993/1208/699 
f 996/1211/702 995/1210/701 993/1208/699 
f 995/1210/701 997/1212/703 52/1207/44 
f 995/1210/701 996/1211/702 997/1212/703 
f 52/1207/44 997/1212/703 54/1213/46 
f 996/1211/702 971/1174/678 998/1214/704 
f 38/1173/31 998/1214/704 971/1174/678 
f 998/1214/704 38/1173/31 37/1215/30 
f 999/1216/705 996/1211/702 998/1214/704 
f 999/1216/705 997/1212/703 996/1211/702 
f 997/1212/703 999/1216/705 1000/1217/706 
f 997/1212/703 1000/1217/706 54/1213/46 
f 54/1213/46 1000/1217/706 56/1218/48 
f 1001/1219/707 576/1220/283 575/1221/282 
f 576/1220/283 1001/1219/707 1002/1222/708 
f 1001/1219/707 570/1223/277 1002/1222/708 
f 570/1223/277 1001/1219/707 569/1224/276 
f 601/1225/308 1003/1226/709 602/1227/309 
f 602/1227/309 1003/1226/709 1004/1228/710 
f 1003/1226/709 1005/1229/711 1004/1228/710 
f 1006/1230/712 1005/1229/711 1003/1226/709 
f 1007/1231/713 605/1232/312 604/1233/311 
f 605/1232/312 1007/1231/713 1008/1234/714 
f 1007/1231/713 1009/1235/715 1008/1234/714 
f 1010/1236/716 1009/1235/715 1007/1231/713 
f 612/1237/318 1011/1238/717 611/1239/317 
f 1011/1238/717 612/1237/318 1012/1240/718 
f 1013/1241/719 1011/1238/717 1012/1240/718 
f 1011/1238/717 1013/1241/719 1014/1242/720 
f 1015/1243/721 594/1244/301 593/1245/300 
f 594/1244/301 1015/1243/721 1016/1246/722 
f 1015/1243/721 1006/1247/712 1016/1246/722 
f 1006/1247/712 1015/1243/721 1005/1248/711 
f 1010/1249/716 1017/1250/721 1009/1251/715 
f 1017/1250/721 1010/1249/716 1018/1252/723 
f 1014/1253/720 1017/1250/721 1018/1252/723 
f 1017/1250/721 1014/1253/720 1013/1254/719 
f 1019/1255/724 1020/1256/725 1021/1257/726 
f 1020/1256/725 1019/1255/724 1022/1258/725 
f 1023/1259/727 1020/1256/725 1022/1258/725 
f 1020/1256/725 1023/1259/727 1024/1260/728 
f 1025/1261/729 1026/1262/730 1027/1263/731 
f 1026/1262/730 1025/1261/729 1028/1264/730 
f 1028/1264/730 1029/1265/732 1026/1262/730 
f 1030/1266/733 1026/1262/730 1029/1265/732 
f 1021/1257/734 1028/1264/735 1025/1261/734 
f 1028/1264/735 1021/1257/734 1020/1256/734 
f 1024/1260/736 1028/1264/735 1020/1256/734 
f 1028/1264/735 1024/1260/736 1029/1265/737 
f 1031/1267/738 1019/1268/739 1032/1269/740 
f 1019/1268/739 1031/1267/738 1022/1270/738 
f 1031/1267/738 1023/1271/741 1022/1270/738 
f 1031/1267/738 1033/1272/742 1023/1271/741 
f 1034/1273/743 621/1274/744 1035/1275/744 
f 621/1274/744 1034/1273/743 619/1276/745 
f 1034/1273/743 623/1277/746 619/1276/745 
f 623/1277/746 1034/1273/743 1036/1278/746 
f 616/1279/747 1037/1280/748 614/1281/748 
f 1037/1280/748 616/1279/747 1038/1279/749 
f 616/1279/747 1039/1282/750 1038/1279/749 
f 1039/1282/750 616/1279/747 618/1283/750 
f 1040/1284/751 615/1285/752 1041/1285/752 
f 615/1285/752 1040/1284/751 613/1286/751 
f 1040/1284/751 617/1287/753 613/1286/751 
f 1040/1284/751 1042/1287/753 617/1287/753 
f 1043/1288/754 1044/1289/755 1045/1290/755 
f 1044/1289/755 1043/1288/754 1046/1291/756 
f 1043/1288/754 1047/1292/757 1046/1291/756 
f 1047/1292/757 1043/1288/754 1048/1292/758 
f 1038/1279/759 1035/1275/760 1037/1280/760 
f 1034/1273/761 1035/1275/760 1038/1279/759 
f 1038/1279/759 1036/1278/762 1034/1273/761 
f 1036/1278/762 1038/1279/759 1039/1282/763 
f 1046/1291/764 1041/1285/765 1044/1289/765 
f 1040/1284/766 1041/1285/765 1046/1291/764 
f 1046/1291/764 1042/1287/767 1040/1284/766 
f 1042/1287/767 1046/1291/764 1047/1292/768 
f 660/1293/363 1049/1294/769 659/1295/363 
f 1049/1294/769 660/1293/363 1050/1296/770 
f 1049/1294/769 1050/1296/770 1051/1297/771 
f 1049/1294/769 1051/1297/771 1052/1298/772 
f 1053/1299/773 1052/1298/772 1051/1297/771 
f 1052/1298/772 1053/1299/773 1054/1300/774 
f 1054/1300/774 625/1301/331 627/1302/333 
f 625/1301/331 1054/1300/774 1053/1299/773 
f 1053/1299/773 629/1303/335 625/1301/331 
f 1051/1297/771 1055/1304/775 1053/1299/773 
f 629/1303/335 1053/1299/773 1055/1304/775 
f 1055/1304/775 1051/1297/771 1056/1305/776 
f 1051/1297/771 1050/1296/770 1056/1305/776 
f 1057/1306/777 629/1303/335 1055/1304/775 
f 1056/1305/776 1057/1306/777 1055/1304/775 
f 629/1303/335 1057/1306/777 632/1307/338 
f 1057/1306/777 1056/1305/776 1058/1308/778 
f 1059/1309/779 632/1307/338 1057/1306/777 
f 1058/1308/778 1059/1309/779 1057/1306/777 
f 633/1310/339 632/1307/338 1059/1309/779 
f 1059/1309/779 645/1311/351 633/1310/339 
f 1056/1305/776 1060/1312/780 1058/1308/778 
f 1059/1309/779 1058/1308/778 1060/1312/780 
f 645/1311/351 1059/1309/779 1061/1313/781 
f 1060/1312/780 1061/1313/781 1059/1309/779 
f 1061/1313/781 647/1314/353 645/1311/351 
f 1056/1305/776 1062/1315/782 1060/1312/780 
f 1061/1313/781 1060/1312/780 1062/1315/782 
f 1062/1315/782 1056/1305/776 1050/1296/770 
f 647/1314/353 1061/1313/781 1063/1316/783 
f 1062/1315/782 1063/1316/783 1061/1313/781 
f 1063/1316/783 1064/1317/783 647/1314/353 
f 1063/1316/783 1062/1315/782 1065/1318/784 
f 1065/1318/784 1064/1317/783 1063/1316/783 
f 1050/1296/770 1065/1318/784 1062/1315/782 
f 649/1319/355 647/1314/353 1064/1317/783 
f 1050/1296/770 1066/1320/785 1065/1318/784 
f 1064/1317/783 1065/1318/784 1066/1320/785 
f 1067/1321/786 649/1319/355 1064/1317/783 
f 649/1319/355 1067/1321/786 651/1322/356 
f 1068/1323/787 1064/1317/783 1066/1320/785 
f 1067/1321/786 1064/1317/783 1068/1323/787 
f 1050/1296/770 1069/1324/788 1066/1320/785 
f 1069/1324/788 1068/1323/787 1066/1320/785 
f 660/1293/369 1069/1324/788 1050/1296/770 
f 1069/1324/788 660/1293/369 294/1325/370 
f 1070/1326/789 1067/1321/786 1068/1323/787 
f 1071/1327/790 651/1322/356 1067/1321/786 
f 1071/1327/790 1067/1321/786 1070/1326/789 
f 651/1322/356 1071/1327/790 643/1328/349 
f 1071/1327/790 641/1329/347 643/1328/349 
f 1072/1330/791 1070/1326/789 1068/1323/787 
f 1068/1323/787 1069/1324/788 1072/1330/791 
f 1070/1326/789 1073/1331/792 1071/1327/790 
f 1070/1326/789 1072/1330/791 1073/1331/792 
f 641/1329/347 1071/1327/790 1074/1332/793 
f 1074/1332/793 1071/1327/790 1073/1331/792 
f 1072/1330/791 1074/1332/793 1073/1331/792 
f 1074/1332/793 639/1333/345 641/1329/347 
f 1074/1332/793 1072/1330/791 1075/1334/794 
f 639/1333/345 1074/1332/793 1075/1334/794 
f 1076/1335/795 1075/1334/794 1072/1330/791 
f 1069/1324/788 1076/1335/795 1072/1330/791 
f 1075/1334/794 1077/1336/796 639/1333/345 
f 1077/1336/796 1075/1334/794 1076/1335/795 
f 1077/1336/796 635/1337/341 639/1333/345 
f 1076/1335/795 1069/1324/788 1078/1338/797 
f 294/1325/112 1078/1338/797 1069/1324/788 
f 1078/1338/797 294/1325/112 293/1339/111 
f 1079/1340/798 1076/1335/795 1078/1338/797 
f 1079/1340/798 1077/1336/796 1076/1335/795 
f 1077/1336/796 1079/1340/798 1080/1341/799 
f 1077/1336/796 1080/1341/799 635/1337/341 
f 1080/1341/799 636/1342/342 635/1337/341 
f 287/1343/105 1081/1344/800 288/1345/106 
f 1081/1344/800 287/1343/105 1082/1346/801 
f 655/1347/365 1082/1346/801 287/1343/366 
f 1083/1348/802 1082/1346/801 655/1347/365 
f 1081/1344/800 1082/1346/801 1084/1349/803 
f 1081/1344/800 1084/1349/803 1085/1350/804 
f 1086/1351/805 1085/1350/804 1084/1349/803 
f 1085/1350/804 1086/1351/805 1087/1352/806 
f 1087/1352/806 638/1353/344 637/1354/343 
f 638/1353/344 1087/1352/806 1086/1351/805 
f 1086/1351/805 640/1355/346 638/1353/344 
f 1084/1349/803 1088/1356/807 1086/1351/805 
f 640/1355/346 1086/1351/805 1088/1356/807 
f 1088/1356/807 1084/1349/803 1089/1357/808 
f 1084/1349/803 1082/1346/801 1089/1357/808 
f 640/1355/346 1088/1356/807 1090/1358/809 
f 642/1359/348 640/1355/346 1090/1358/809 
f 1091/1360/810 1088/1356/807 1089/1357/808 
f 1088/1356/807 1091/1360/810 1090/1358/809 
f 1089/1357/808 1092/1361/811 1091/1360/810 
f 1091/1360/810 1092/1361/811 1090/1358/809 
f 642/1359/348 1090/1358/809 1093/1362/812 
f 1093/1362/812 1090/1358/809 1092/1361/811 
f 644/1363/350 642/1359/348 1093/1362/812 
f 1093/1362/812 652/1364/357 644/1363/350 
f 652/1364/357 1093/1362/812 1094/1365/813 
f 1092/1361/811 1094/1365/813 1093/1362/812 
f 1094/1365/813 650/1366/354 652/1364/357 
f 1089/1357/808 1095/1367/814 1092/1361/811 
f 1094/1365/813 1092/1361/811 1095/1367/814 
f 1095/1367/814 1089/1357/808 1082/1346/801 
f 650/1366/354 1094/1365/813 1096/1368/815 
f 1095/1367/814 1096/1368/815 1094/1365/813 
f 1096/1368/815 648/1369/354 650/1366/354 
f 1082/1346/801 1097/1370/816 1095/1367/814 
f 1096/1368/815 1095/1367/814 1097/1370/816 
f 1083/1348/802 1097/1370/816 1082/1346/801 
f 1098/1371/816 1096/1368/815 1097/1370/816 
f 1097/1370/816 1083/1348/802 1098/1371/816 
f 648/1369/354 1096/1368/815 1099/1372/815 
f 1099/1372/815 1096/1368/815 1098/1371/816 
f 648/1369/354 1099/1372/815 1100/1373/817 
f 646/1374/352 648/1369/354 1100/1373/817 
f 1101/1375/818 1099/1372/815 1098/1371/816 
f 1101/1375/818 1100/1373/817 1099/1372/815 
f 1083/1348/802 1101/1375/818 1098/1371/816 
f 1100/1373/817 1102/1376/819 646/1374/352 
f 634/1377/340 646/1374/352 1102/1376/819 
f 1102/1376/819 631/1378/337 634/1377/340 
f 1103/1379/820 1100/1373/817 1101/1375/818 
f 1100/1373/817 1103/1379/820 1102/1376/819 
f 631/1378/337 1102/1376/819 1104/1380/821 
f 1103/1379/820 1104/1380/821 1102/1376/819 
f 1104/1380/821 630/1381/336 631/1378/337 
f 1105/1382/822 1103/1379/820 1101/1375/818 
f 1101/1375/818 1083/1348/802 1105/1382/822 
f 1104/1380/821 1103/1379/820 1106/1383/823 
f 1103/1379/820 1105/1382/822 1106/1383/823 
f 1106/1383/823 1107/1384/824 1104/1380/821 
f 1107/1384/824 1106/1383/823 1105/1382/822 
f 630/1381/336 1104/1380/821 1107/1384/824 
f 1083/1348/802 1108/1385/825 1105/1382/822 
f 1108/1385/825 1107/1384/824 1105/1382/822 
f 1109/1386/826 630/1381/336 1107/1384/824 
f 1109/1386/826 1107/1384/824 1108/1385/825 
f 630/1381/336 1109/1386/826 628/1387/334 
f 1108/1385/825 1083/1348/802 1110/1388/827 
f 655/1347/359 1110/1388/827 1083/1348/802 
f 1110/1388/827 655/1347/359 654/1389/359 
f 1111/1390/828 1108/1385/825 1110/1388/827 
f 1111/1390/828 1109/1386/826 1108/1385/825 
f 1109/1386/826 1111/1390/828 1112/1391/829 
f 1112/1391/829 628/1387/334 1109/1386/826 
f 628/1387/334 1112/1391/829 626/1392/332 
f 678/1393/387 1113/1394/830 677/1395/386 
f 1113/1394/830 678/1393/387 1114/1396/831 
f 1113/1394/830 1114/1396/831 1115/1397/832 
f 1113/1394/830 1115/1397/832 1116/1398/833 
f 1117/1399/834 1116/1398/833 1115/1397/832 
f 1116/1398/833 1117/1399/834 1118/1400/835 
f 1118/1400/835 1119/1401/836 1120/1402/837 
f 1119/1401/836 1118/1400/835 1117/1399/834 
f 1117/1399/834 1121/1403/838 1119/1401/836 
f 1115/1397/832 1122/1404/839 1117/1399/834 
f 1121/1403/838 1117/1399/834 1122/1404/839 
f 1122/1404/839 1115/1397/832 1123/1405/840 
f 1115/1397/832 1114/1396/831 1123/1405/840 
f 1124/1406/841 1121/1403/838 1122/1404/839 
f 1123/1405/840 1124/1406/841 1122/1404/839 
f 1121/1403/838 1124/1406/841 1125/1407/842 
f 1124/1406/841 1123/1405/840 1126/1408/843 
f 1127/1409/844 1125/1407/842 1124/1406/841 
f 1126/1408/843 1127/1409/844 1124/1406/841 
f 1128/1410/845 1125/1407/842 1127/1409/844 
f 1127/1409/844 1129/1411/846 1128/1410/845 
f 1123/1405/840 1130/1412/847 1126/1408/843 
f 1127/1409/844 1126/1408/843 1130/1412/847 
f 1129/1411/846 1127/1409/844 1131/1413/848 
f 1130/1412/847 1131/1413/848 1127/1409/844 
f 1131/1413/848 1132/1414/849 1129/1411/846 
f 1123/1405/840 1133/1415/850 1130/1412/847 
f 1131/1413/848 1130/1412/847 1133/1415/850 
f 1133/1415/850 1123/1405/840 1114/1396/831 
f 1132/1414/849 1131/1413/848 1134/1416/851 
f 1133/1415/850 1134/1416/851 1131/1413/848 
f 1134/1416/851 1135/1417/851 1132/1414/849 
f 1136/1418/849 1132/1414/849 1135/1417/851 
f 1134/1416/851 1133/1415/850 1137/1419/852 
f 1114/1396/831 1137/1419/852 1133/1415/850 
f 1137/1419/852 1135/1417/851 1134/1416/851 
f 1138/1420/853 1137/1419/852 1114/1396/831 
f 678/1393/854 1138/1420/853 1114/1396/831 
f 1138/1420/853 678/1393/854 302/1421/855 
f 1135/1417/851 1137/1419/852 1139/1422/856 
f 1137/1419/852 1138/1420/853 1139/1422/856 
f 1140/1423/857 1135/1417/851 1139/1422/856 
f 1138/1420/853 1140/1423/857 1139/1422/856 
f 1141/1424/858 1136/1418/849 1135/1417/851 
f 1141/1424/858 1135/1417/851 1140/1423/857 
f 1136/1418/849 1141/1424/858 1142/1425/859 
f 1143/1426/860 1141/1424/858 1140/1423/857 
f 1144/1427/861 1142/1425/859 1141/1424/858 
f 1144/1427/861 1141/1424/858 1143/1426/860 
f 1142/1425/859 1144/1427/861 661/1428/371 
f 1144/1427/861 664/1429/374 661/1428/371 
f 1145/1430/862 1143/1426/860 1140/1423/857 
f 1140/1423/857 1138/1420/853 1145/1430/862 
f 1143/1426/860 1146/1431/863 1144/1427/861 
f 1143/1426/860 1145/1430/862 1146/1431/863 
f 664/1429/374 1144/1427/861 1147/1432/864 
f 1146/1431/863 1147/1432/864 1144/1427/861 
f 1145/1430/862 1147/1432/864 1146/1431/863 
f 1147/1432/864 666/1433/376 664/1429/374 
f 1147/1432/864 1145/1430/862 1148/1434/865 
f 666/1433/376 1147/1432/864 1148/1434/865 
f 1149/1435/866 1148/1434/865 1145/1430/862 
f 1138/1420/853 1149/1435/866 1145/1430/862 
f 1148/1434/865 1150/1436/867 666/1433/376 
f 1150/1436/867 1148/1434/865 1149/1435/866 
f 1150/1436/867 668/1437/378 666/1433/376 
f 1149/1435/866 1138/1420/853 1151/1438/868 
f 302/1421/120 1151/1438/868 1138/1420/853 
f 1151/1438/868 302/1421/120 301/1439/119 
f 1152/1440/869 1149/1435/866 1151/1438/868 
f 1152/1440/869 1150/1436/867 1149/1435/866 
f 1150/1436/867 1152/1440/869 1153/1441/870 
f 1150/1436/867 1153/1441/870 668/1437/378 
f 1153/1441/870 669/1442/379 668/1437/378 
f 295/1443/113 1154/1444/871 296/1445/114 
f 1154/1444/871 295/1443/113 1155/1446/872 
f 1154/1444/871 1155/1446/872 1156/1447/873 
f 1154/1444/871 1156/1447/873 1157/1448/874 
f 1158/1449/875 1157/1448/874 1156/1447/873 
f 1157/1448/874 1158/1449/875 1159/1450/876 
f 1159/1450/876 667/1451/377 670/1452/380 
f 667/1451/377 1159/1450/876 1158/1449/875 
f 1158/1449/875 665/1453/375 667/1451/377 
f 1156/1447/873 1160/1454/877 1158/1449/875 
f 665/1453/375 1158/1449/875 1160/1454/877 
f 1160/1454/877 1156/1447/873 1161/1455/878 
f 1156/1447/873 1155/1446/872 1161/1455/878 
f 665/1453/375 1160/1454/877 1162/1456/879 
f 662/1457/372 665/1453/375 1162/1456/879 
f 1163/1458/880 1160/1454/877 1161/1455/878 
f 1160/1454/877 1163/1458/880 1162/1456/879 
f 1161/1455/878 1164/1459/881 1163/1458/880 
f 1163/1458/880 1164/1459/881 1162/1456/879 
f 662/1457/372 1162/1456/879 1165/1460/882 
f 1165/1460/882 1162/1456/879 1164/1459/881 
f 663/1461/373 662/1457/372 1165/1460/882 
f 1165/1460/882 1166/1462/883 663/1461/373 
f 1166/1462/883 1165/1460/882 1167/1463/884 
f 1164/1459/881 1167/1463/884 1165/1460/882 
f 1167/1463/884 1168/1464/885 1166/1462/883 
f 1161/1455/878 1169/1465/886 1164/1459/881 
f 1167/1463/884 1164/1459/881 1169/1465/886 
f 1169/1465/886 1161/1455/878 1155/1446/872 
f 1168/1464/885 1167/1463/884 1170/1466/887 
f 1169/1465/886 1170/1466/887 1167/1463/884 
f 1155/1446/872 1171/1467/888 1169/1465/886 
f 1170/1466/887 1169/1465/886 1171/1467/888 
f 1155/1446/872 1172/1468/889 1171/1467/888 
f 1172/1468/889 1170/1466/887 1171/1467/888 
f 1170/1466/887 1173/1469/890 1168/1464/885 
f 1173/1469/890 1170/1466/887 1172/1468/889 
f 1174/1470/891 1168/1464/885 1173/1469/890 
f 1172/1468/889 1155/1446/872 1175/1471/892 
f 295/1443/893 1175/1471/892 1155/1446/872 
f 1175/1471/892 295/1443/893 673/1472/894 
f 1176/1473/895 1173/1469/890 1172/1468/889 
f 1175/1471/892 1176/1473/895 1172/1468/889 
f 1174/1470/891 1173/1469/890 1177/1474/896 
f 1176/1473/895 1177/1474/896 1173/1469/890 
f 1178/1475/897 1174/1470/891 1177/1474/896 
f 1177/1474/896 1179/1476/898 1178/1475/897 
f 1180/1477/899 1178/1475/897 1179/1476/898 
f 1179/1476/898 1181/1478/900 1180/1477/899 
f 1182/1479/901 1177/1474/896 1176/1473/895 
f 1177/1474/896 1182/1479/901 1179/1476/898 
f 1181/1478/900 1179/1476/898 1183/1480/902 
f 1182/1479/901 1183/1480/902 1179/1476/898 
f 1183/1480/902 1184/1481/903 1181/1478/900 
f 1185/1482/904 1182/1479/901 1176/1473/895 
f 1176/1473/895 1175/1471/892 1185/1482/904 
f 1183/1480/902 1182/1479/901 1186/1483/905 
f 1182/1479/901 1185/1482/904 1186/1483/905 
f 1186/1483/905 1187/1484/906 1183/1480/902 
f 1187/1484/906 1186/1483/905 1185/1482/904 
f 1184/1481/903 1183/1480/902 1187/1484/906 
f 1175/1471/892 1188/1485/907 1185/1482/904 
f 1188/1485/907 1187/1484/906 1185/1482/904 
f 1189/1486/908 1184/1481/903 1187/1484/906 
f 1189/1486/908 1187/1484/906 1188/1485/907 
f 1184/1481/903 1189/1486/908 1190/1487/909 
f 1188/1485/907 1175/1471/892 1191/1488/910 
f 673/1472/382 1191/1488/910 1175/1471/892 
f 1191/1488/910 673/1472/382 672/1489/382 
f 1192/1490/911 1188/1485/907 1191/1488/910 
f 1192/1490/911 1189/1486/908 1188/1485/907 
f 1189/1486/908 1192/1490/911 1193/1491/912 
f 1193/1491/912 1190/1487/909 1189/1486/908 
f 1190/1487/909 1193/1491/912 1194/1492/913 
f 1119/1493/836 1194/1494/913 1120/1495/837 
f 1194/1494/913 1119/1493/836 1190/1496/909 
f 1119/1493/836 1184/1497/903 1190/1496/909 
f 1184/1497/903 1119/1493/836 1121/1498/838 
f 1125/1499/842 1184/1497/903 1121/1498/838 
f 1184/1497/903 1125/1499/842 1181/1500/900 
f 1180/1501/899 1181/1500/900 1125/1499/842 
f 1128/1502/845 1180/1501/899 1125/1499/842 
f 1129/1503/846 1180/1504/899 1128/1505/845 
f 1180/1504/899 1129/1503/846 1178/1506/897 
f 1129/1503/846 1174/1507/891 1178/1506/897 
f 1174/1507/891 1129/1503/846 1132/1508/849 
f 1136/1509/849 1174/1507/891 1132/1508/849 
f 1174/1507/891 1136/1509/849 1168/1510/885 
f 1168/1510/885 1136/1509/849 1142/1511/859 
f 1142/1511/859 1166/1512/883 1168/1510/885 
f 1142/1511/859 663/1513/373 1166/1512/883 
f 1142/1511/859 661/1514/371 663/1513/373 
f 678/1515/854 299/1516/914 302/1517/855 
f 299/1516/914 678/1515/854 675/1518/914 
f 299/1516/914 675/1518/914 671/1519/915 
f 299/1516/914 671/1519/915 297/1520/916 
f 671/1519/915 295/1521/893 297/1520/916 
f 673/1522/894 295/1521/893 671/1519/915 
f 1195/1523/917 1196/1524/918 1197/1525/919 
f 1196/1524/918 1195/1523/917 1198/1526/920 
f 766/1527/475 1196/1524/918 1198/1526/920 
f 1196/1524/918 766/1527/475 765/1528/474 
f 1199/1529/921 1200/1530/922 1201/1531/923 
f 1200/1530/922 1199/1529/921 1202/1532/924 
f 1199/1529/921 858/1533/567 1202/1532/924 
f 857/1534/566 858/1533/567 1199/1529/921 
f 1203/1535/925 1204/1536/926 1205/1537/927 
f 1204/1536/926 1203/1535/925 1206/1538/928 
f 1203/1535/925 1207/1539/929 1206/1538/928 
f 1208/1540/930 1207/1539/929 1203/1535/925 
f 1209/1541/931 718/1542/427 717/1543/426 
f 718/1542/427 1209/1541/931 1210/1544/932 
f 1211/1545/933 1210/1544/932 1209/1541/931 
f 1209/1541/931 1212/1546/934 1211/1545/933 
f 1213/1547/935 1211/1545/933 1212/1546/934 
f 1211/1545/933 1213/1547/935 1214/1548/936 
f 1215/1549/937 837/1550/546 839/1551/548 
f 839/1551/548 1216/1552/938 1215/1549/937 
f 1217/1553/939 1215/1549/937 1216/1552/938 
f 1215/1549/937 1217/1553/939 1218/1554/940 
f 1208/1555/930 1218/1554/940 1217/1553/939 
f 1217/1553/939 1207/1556/929 1208/1555/930 
f 871/1557/580 872/1558/581 1219/1559/941 
f 872/1558/581 1220/1560/942 1219/1559/941 
f 1221/1561/943 1219/1559/941 1220/1560/942 
f 1219/1559/941 1221/1561/943 1222/1562/944 
f 1222/1562/944 1221/1561/943 335/1563/153 
f 1221/1561/943 336/1564/154 335/1563/153 
f 1223/1565/945 1224/1566/946 1225/1567/947 
f 1226/1568/948 1225/1567/947 1224/1566/946 
f 1227/1569/949 1226/1568/948 1224/1566/946 
f 1228/1570/950 1225/1567/947 1226/1568/948 
f 1227/1569/949 1229/1571/951 1226/1568/948 
f 1229/1571/951 1227/1569/949 1230/1572/952 
f 1231/1573/953 1229/1571/951 1230/1572/952 
f 1226/1568/948 1232/1574/954 1228/1570/950 
f 1232/1574/954 1226/1568/948 1229/1571/951 
f 1232/1574/954 1233/1575/955 1228/1570/950 
f 1234/1576/956 1232/1574/954 1229/1571/951 
f 1233/1575/955 1235/1577/957 1236/1578/958 
f 1232/1574/954 1234/1576/956 1237/1579/959 
f 1233/1575/955 1232/1574/954 1237/1579/959 
f 1235/1577/957 1233/1575/955 1237/1579/959 
f 1238/1580/960 1237/1579/959 1234/1576/956 
f 1237/1579/959 1239/1581/961 1235/1577/957 
f 1239/1581/961 1237/1579/959 1238/1580/960 
f 1240/1582/962 1241/1583/963 1242/1584/964 
f 1241/1583/963 1240/1582/962 1243/1585/965 
f 1241/1583/963 1243/1585/965 1244/1586/966 
f 1240/1582/962 1245/1587/967 1243/1585/965 
f 1243/1585/965 1246/1588/968 1244/1586/966 
f 1246/1588/968 1247/1589/969 1248/1590/970 
f 1246/1588/968 1243/1585/965 1247/1589/969 
f 1243/1585/965 1245/1587/967 1249/1591/971 
f 1249/1591/971 1247/1589/969 1243/1585/965 
f 1250/1592/972 1249/1591/971 1245/1587/967 
f 1247/1589/969 1249/1591/971 1251/1593/973 
f 1252/1594/974 1250/1592/972 1253/1595/975 
f 1254/1596/976 1251/1593/973 1249/1591/971 
f 1249/1591/971 1250/1592/972 1254/1596/976 
f 1250/1592/972 1252/1594/974 1254/1596/976 
f 1251/1593/973 1254/1596/976 1255/1597/977 
f 1256/1598/978 1254/1596/976 1252/1594/974 
f 1254/1596/976 1256/1598/978 1255/1597/977 
f 680/1599/389 682/1600/391 1257/1601/979 
f 1257/1601/979 682/1600/391 1258/1602/980 
f 1258/1602/980 1259/1603/981 1257/1601/979 
f 1258/1602/980 682/1600/391 684/1604/393 
f 1260/1605/982 1259/1603/981 1258/1602/980 
f 1260/1605/982 1261/1606/983 1259/1603/981 
f 684/1604/393 1262/1607/984 1258/1602/980 
f 1262/1607/984 1260/1605/982 1258/1602/980 
f 684/1604/393 1263/1608/985 1262/1607/984 
f 755/1609/464 1263/1608/985 684/1604/393 
f 1260/1605/982 1262/1607/984 1264/1610/986 
f 755/1609/464 1265/1611/987 1263/1608/985 
f 1265/1611/987 755/1609/464 757/1612/466 
f 760/1613/469 1265/1611/987 757/1612/466 
f 1266/1614/988 1262/1607/984 1263/1608/985 
f 1262/1607/984 1266/1614/988 1264/1610/986 
f 1267/1615/989 1263/1608/985 1265/1611/987 
f 1263/1608/985 1267/1615/989 1266/1614/988 
f 1265/1611/987 760/1613/469 1268/1616/990 
f 1265/1611/987 1269/1617/991 1267/1615/989 
f 1269/1617/991 1265/1611/987 1268/1616/990 
f 760/1613/469 1270/1618/992 1268/1616/990 
f 1270/1618/992 760/1613/469 761/1619/470 
f 764/1620/473 1270/1618/992 761/1619/470 
f 1271/1621/993 1268/1616/990 1270/1618/992 
f 1268/1616/990 1271/1621/993 1269/1617/991 
f 1270/1618/992 764/1620/473 1272/1622/994 
f 1272/1622/994 1271/1621/993 1270/1618/992 
f 764/1620/473 766/1623/475 1272/1622/994 
f 1273/1624/995 1271/1621/993 1272/1622/994 
f 1272/1622/994 766/1623/475 1274/1625/996 
f 1274/1625/996 1273/1624/995 1272/1622/994 
f 766/1623/475 1275/1626/997 1274/1625/996 
f 1198/1627/920 1275/1626/997 766/1623/475 
f 1276/1628/998 1198/1627/920 1195/1629/917 
f 1198/1627/920 1276/1628/998 1275/1626/997 
f 1277/1630/999 1275/1626/997 1276/1628/998 
f 1275/1626/997 1277/1630/999 1278/1631/1000 
f 1278/1631/1000 1274/1625/996 1275/1626/997 
f 1278/1631/1000 1277/1630/999 1279/1632/1001 
f 1274/1625/996 1278/1631/1000 1280/1633/1002 
f 1273/1624/995 1274/1625/996 1280/1633/1002 
f 1279/1632/1001 1281/1634/1003 1278/1631/1000 
f 1281/1634/1003 1280/1633/1002 1278/1631/1000 
f 1279/1632/1001 1282/1635/1004 1281/1634/1003 
f 1282/1635/1004 1279/1632/1001 1283/1636/1005 
f 847/1637/556 1283/1636/1005 849/1638/558 
f 1283/1636/1005 847/1637/556 1282/1635/1004 
f 845/1639/554 1282/1635/1004 847/1637/556 
f 1282/1635/1004 845/1639/554 1284/1640/1006 
f 1284/1640/1006 845/1639/554 844/1641/553 
f 1282/1635/1004 1285/1642/1007 1281/1634/1003 
f 1285/1642/1007 1282/1635/1004 1284/1640/1006 
f 1286/1643/1008 1284/1640/1006 844/1641/553 
f 842/1644/551 1286/1643/1008 844/1641/553 
f 1284/1640/1006 1287/1645/1009 1285/1642/1007 
f 1287/1645/1009 1284/1640/1006 1286/1643/1008 
f 1286/1643/1008 842/1644/551 1288/1646/1010 
f 1287/1645/1009 1286/1643/1008 1289/1647/1011 
f 1288/1646/1010 1289/1647/1011 1286/1643/1008 
f 842/1644/551 1290/1648/1012 1288/1646/1010 
f 1290/1648/1012 842/1644/551 840/1649/549 
f 1291/1650/1013 1289/1647/1011 1288/1646/1010 
f 840/1649/549 1292/1651/1014 1290/1648/1012 
f 1292/1651/1014 840/1649/549 837/1652/546 
f 1215/1653/937 1292/1651/1014 837/1652/546 
f 1293/1654/1015 1288/1646/1010 1290/1648/1012 
f 1288/1646/1010 1293/1654/1015 1291/1650/1013 
f 1294/1655/1016 1290/1648/1012 1292/1651/1014 
f 1290/1648/1012 1294/1655/1016 1293/1654/1015 
f 1292/1651/1014 1215/1653/937 1295/1656/1017 
f 1294/1655/1016 1292/1651/1014 1295/1656/1017 
f 1218/1657/940 1295/1656/1017 1215/1653/937 
f 1296/1658/1018 1293/1654/1015 1294/1655/1016 
f 1297/1659/1019 1295/1656/1017 1218/1657/940 
f 1208/1660/930 1297/1659/1019 1218/1657/940 
f 1295/1656/1017 1298/1661/1020 1294/1655/1016 
f 1295/1656/1017 1297/1659/1019 1298/1661/1020 
f 1298/1661/1020 1296/1658/1018 1294/1655/1016 
f 1297/1659/1019 1208/1660/930 1299/1662/1021 
f 1300/1663/1022 1298/1661/1020 1297/1659/1019 
f 1299/1662/1021 1300/1663/1022 1297/1659/1019 
f 1296/1658/1018 1298/1661/1020 1301/1664/1023 
f 1300/1663/1022 1301/1664/1023 1298/1661/1020 
f 1302/1665/1024 1299/1662/1021 1208/1660/930 
f 1302/1665/1024 1208/1660/930 1203/1666/925 
f 1205/1667/927 1302/1665/1024 1203/1666/925 
f 1303/1668/1025 1302/1665/1024 1205/1667/927 
f 1304/1669/1026 1302/1665/1024 1303/1668/1025 
f 1302/1665/1024 1304/1669/1026 1305/1670/1027 
f 1305/1670/1027 1299/1662/1021 1302/1665/1024 
f 1305/1670/1027 1304/1669/1026 1306/1671/1028 
f 1299/1662/1021 1305/1670/1027 1307/1672/1029 
f 1300/1663/1022 1299/1662/1021 1307/1672/1029 
f 1306/1671/1028 1308/1673/1030 1305/1670/1027 
f 1308/1673/1030 1307/1672/1029 1305/1670/1027 
f 1308/1673/1030 1306/1671/1028 1309/1674/1031 
f 1310/1675/1032 1309/1674/1031 1306/1671/1028 
f 344/1676/162 1310/1675/1032 346/1677/164 
f 1309/1674/1031 1310/1675/1032 344/1676/162 
f 342/1678/160 1309/1674/1031 344/1676/162 
f 1311/1679/1033 1308/1673/1030 1309/1674/1031 
f 1309/1674/1031 342/1678/160 1311/1679/1033 
f 1312/1680/1034 1307/1672/1029 1308/1673/1030 
f 1308/1673/1030 1311/1679/1033 1312/1680/1034 
f 342/1678/160 1313/1681/1035 1311/1679/1033 
f 1313/1681/1035 342/1678/160 852/1682/561 
f 1311/1679/1033 1314/1683/1036 1312/1680/1034 
f 1314/1683/1036 1311/1679/1033 1313/1681/1035 
f 852/1682/561 1315/1684/1037 1313/1681/1035 
f 1315/1684/1037 852/1682/561 854/1685/563 
f 854/1685/563 856/1686/565 1315/1684/1037 
f 1316/1687/1038 1313/1681/1035 1315/1684/1037 
f 1313/1681/1035 1316/1687/1038 1314/1683/1036 
f 1317/1688/1039 1315/1684/1037 856/1686/565 
f 1315/1684/1037 1317/1688/1039 1316/1687/1038 
f 857/1689/566 1317/1688/1039 856/1686/565 
f 1317/1688/1039 857/1689/566 1318/1690/1040 
f 1319/1691/1041 1316/1687/1038 1317/1688/1039 
f 1318/1690/1040 1319/1691/1041 1317/1688/1039 
f 1320/1692/1042 1318/1690/1040 857/1689/566 
f 1320/1692/1042 857/1689/566 1199/1693/921 
f 1321/1694/1043 1199/1693/921 1201/1695/923 
f 1199/1693/921 1321/1694/1043 1320/1692/1042 
f 1322/1696/1044 1320/1692/1042 1321/1694/1043 
f 1323/1697/1045 1318/1690/1040 1320/1692/1042 
f 1320/1692/1042 1322/1696/1044 1323/1697/1045 
f 1318/1690/1040 1323/1697/1045 1324/1698/1046 
f 1319/1691/1041 1318/1690/1040 1324/1698/1046 
f 1322/1696/1044 1325/1699/1047 1323/1697/1045 
f 1325/1699/1047 1322/1696/1044 1326/1700/1048 
f 1323/1697/1045 1327/1701/1049 1324/1698/1046 
f 1327/1701/1049 1323/1697/1045 1325/1699/1047 
f 1325/1699/1047 1326/1700/1048 1328/1702/1050 
f 1329/1703/1051 1328/1702/1050 1326/1700/1048 
f 338/1704/156 1329/1703/1051 340/1705/158 
f 1328/1702/1050 1329/1703/1051 338/1704/156 
f 336/1706/154 1328/1702/1050 338/1704/156 
f 1330/1707/1052 1325/1699/1047 1328/1702/1050 
f 1328/1702/1050 336/1706/154 1330/1707/1052 
f 1325/1699/1047 1330/1707/1052 1327/1701/1049 
f 336/1706/154 1331/1708/1053 1330/1707/1052 
f 1331/1708/1053 336/1706/154 1221/1709/943 
f 1330/1707/1052 1332/1710/1054 1327/1701/1049 
f 1332/1710/1054 1330/1707/1052 1331/1708/1053 
f 1221/1709/943 1333/1711/1055 1331/1708/1053 
f 1333/1711/1055 1221/1709/943 1220/1712/942 
f 1331/1708/1053 1334/1713/1056 1332/1710/1054 
f 1334/1713/1056 1331/1708/1053 1333/1711/1055 
f 1220/1712/942 1335/1714/1057 1333/1711/1055 
f 1335/1714/1057 1220/1712/942 872/1715/581 
f 869/1716/578 1335/1714/1057 872/1715/581 
f 1335/1714/1057 1336/1717/1058 1333/1711/1055 
f 1334/1713/1056 1333/1711/1055 1336/1717/1058 
f 1335/1714/1057 869/1716/578 1337/1718/1059 
f 1337/1718/1059 1336/1717/1058 1335/1714/1057 
f 867/1719/576 1337/1718/1059 869/1716/578 
f 1336/1717/1058 1338/1720/1060 1334/1713/1056 
f 1339/1721/1061 1337/1718/1059 867/1719/576 
f 1336/1717/1058 1337/1718/1059 1340/1722/1062 
f 1337/1718/1059 1339/1721/1061 1340/1722/1062 
f 1340/1722/1062 1338/1720/1060 1336/1717/1058 
f 866/1723/575 1339/1721/1061 867/1719/576 
f 1338/1720/1060 1340/1722/1062 1341/1724/1063 
f 1339/1721/1061 866/1723/575 1342/1725/1064 
f 1340/1722/1062 1339/1721/1061 1343/1726/1065 
f 1343/1726/1065 1341/1724/1063 1340/1722/1062 
f 1342/1725/1064 1344/1727/1066 1339/1721/1061 
f 1344/1727/1066 1343/1726/1065 1339/1721/1061 
f 1342/1725/1064 866/1723/575 1345/1728/1067 
f 866/1723/575 864/1729/573 1345/1728/1067 
f 1346/1730/1068 1344/1727/1066 1342/1725/1064 
f 1342/1725/1064 1345/1728/1067 1346/1730/1068 
f 864/1729/573 1347/1731/1069 1345/1728/1067 
f 1347/1731/1069 864/1729/573 862/1732/571 
f 1348/1733/1070 862/1732/571 859/1734/568 
f 862/1732/571 1348/1733/1070 1347/1731/1069 
f 1261/1606/983 1347/1731/1069 1348/1733/1070 
f 1347/1731/1069 1349/1735/1071 1345/1728/1067 
f 1345/1728/1067 1349/1735/1071 1346/1730/1068 
f 1347/1731/1069 1261/1606/983 1350/1736/1072 
f 1349/1735/1071 1347/1731/1069 1350/1736/1072 
f 1261/1606/983 1260/1605/982 1350/1736/1072 
f 1264/1610/986 1350/1736/1072 1260/1605/982 
f 1351/1737/1073 1350/1736/1072 1264/1610/986 
f 1266/1614/988 1351/1737/1073 1264/1610/986 
f 1349/1735/1071 1350/1736/1072 1352/1738/1074 
f 1350/1736/1072 1351/1737/1073 1352/1738/1074 
f 1351/1737/1073 1266/1614/988 1353/1739/1075 
f 1354/1740/1076 1352/1738/1074 1351/1737/1073 
f 1353/1739/1075 1354/1740/1076 1351/1737/1073 
f 1349/1735/1071 1352/1738/1074 1355/1741/1077 
f 1266/1614/988 1356/1742/1078 1353/1739/1075 
f 1266/1614/988 1267/1615/989 1356/1742/1078 
f 1352/1738/1074 1354/1740/1076 1357/1743/1079 
f 1357/1743/1079 1355/1741/1077 1352/1738/1074 
f 1354/1740/1076 1353/1739/1075 1358/1744/1080 
f 1354/1740/1076 704/1745/413 1357/1743/1079 
f 1358/1744/1080 704/1745/413 1354/1740/1076 
f 704/1745/413 701/1746/410 1357/1743/1079 
f 704/1745/413 1358/1744/1080 754/1747/463 
f 701/1746/410 1359/1748/1081 1357/1743/1079 
f 1355/1741/1077 1357/1743/1079 1359/1748/1081 
f 1359/1748/1081 701/1746/410 699/1749/408 
f 1359/1748/1081 699/1749/408 695/1750/404 
f 1358/1744/1080 1360/1751/1082 754/1747/463 
f 1353/1739/1075 1360/1751/1082 1358/1744/1080 
f 754/1747/463 1360/1751/1082 752/1752/461 
f 1360/1751/1082 1353/1739/1075 1356/1742/1078 
f 1360/1751/1082 691/1753/400 752/1752/461 
f 1356/1742/1078 1361/1754/1083 1360/1751/1082 
f 691/1753/400 1360/1751/1082 1361/1754/1083 
f 695/1750/404 1362/1755/1084 1359/1748/1081 
f 1362/1755/1084 1355/1741/1077 1359/1748/1081 
f 1361/1754/1083 1363/1756/1085 691/1753/400 
f 689/1757/398 691/1753/400 1363/1756/1085 
f 1363/1756/1085 686/1758/395 689/1757/398 
f 1355/1741/1077 1362/1755/1084 1364/1759/1086 
f 1364/1759/1086 1349/1735/1071 1355/1741/1077 
f 1349/1735/1071 1364/1759/1086 1346/1730/1068 
f 686/1758/395 1363/1756/1085 1365/1760/1087 
f 686/1758/395 1365/1760/1087 687/1761/396 
f 1364/1759/1086 1366/1762/1088 1346/1730/1068 
f 1366/1762/1088 1344/1727/1066 1346/1730/1068 
f 1366/1762/1088 1364/1759/1086 1367/1763/1089 
f 1366/1762/1088 1368/1764/1090 1344/1727/1066 
f 1344/1727/1066 1368/1764/1090 1343/1726/1065 
f 1366/1762/1088 1367/1763/1089 1369/1765/1091 
f 1368/1764/1090 1366/1762/1088 1369/1765/1091 
f 1364/1759/1086 1370/1766/1092 1367/1763/1089 
f 1370/1766/1092 1369/1765/1091 1367/1763/1089 
f 1370/1766/1092 1364/1759/1086 1362/1755/1084 
f 1369/1765/1091 1371/1767/1093 1368/1764/1090 
f 1369/1765/1091 1370/1766/1092 1371/1767/1093 
f 1368/1764/1090 1372/1768/1094 1343/1726/1065 
f 1341/1724/1063 1343/1726/1065 1372/1768/1094 
f 1368/1764/1090 1371/1767/1093 1373/1769/1095 
f 1373/1769/1095 1372/1768/1094 1368/1764/1090 
f 1374/1770/1096 1371/1767/1093 1370/1766/1092 
f 1370/1766/1092 1362/1755/1084 1375/1771/1097 
f 1370/1766/1092 1375/1771/1097 1374/1770/1096 
f 1362/1755/1084 695/1750/404 1375/1771/1097 
f 694/1772/403 1375/1771/1097 695/1750/404 
f 694/1772/403 697/1773/406 1375/1771/1097 
f 1376/1774/1098 1375/1771/1097 697/1773/406 
f 1375/1771/1097 1376/1774/1098 1374/1770/1096 
f 697/1773/406 687/1761/396 1376/1774/1098 
f 1371/1767/1093 1374/1770/1096 1377/1775/1099 
f 1377/1775/1099 1373/1769/1095 1371/1767/1093 
f 1374/1770/1096 1376/1774/1098 1378/1776/1100 
f 1378/1776/1100 1377/1775/1099 1374/1770/1096 
f 1376/1774/1098 687/1761/396 1379/1777/1101 
f 1379/1777/1101 1378/1776/1100 1376/1774/1098 
f 687/1761/396 1365/1760/1087 1379/1777/1101 
f 1377/1775/1099 1378/1776/1100 1380/1778/1102 
f 1381/1779/1103 1379/1777/1101 1365/1760/1087 
f 1378/1776/1100 1379/1777/1101 1382/1780/1104 
f 1379/1777/1101 1381/1779/1103 1382/1780/1104 
f 1382/1780/1104 1380/1778/1102 1378/1776/1100 
f 1365/1760/1087 1383/1781/1105 1381/1779/1103 
f 1383/1781/1105 1365/1760/1087 1363/1756/1085 
f 1361/1754/1083 1383/1781/1105 1363/1756/1085 
f 1384/1782/1106 1382/1780/1104 1381/1779/1103 
f 1383/1781/1105 1384/1782/1106 1381/1779/1103 
f 1383/1781/1105 1361/1754/1083 1385/1783/1107 
f 1361/1754/1083 1356/1742/1078 1385/1783/1107 
f 1384/1782/1106 1383/1781/1105 1386/1784/1108 
f 1385/1783/1107 1386/1784/1108 1383/1781/1105 
f 1356/1742/1078 1387/1785/1109 1385/1783/1107 
f 1267/1615/989 1387/1785/1109 1356/1742/1078 
f 1386/1784/1108 1385/1783/1107 1388/1786/1110 
f 1385/1783/1107 1387/1785/1109 1388/1786/1110 
f 1269/1617/991 1387/1785/1109 1267/1615/989 
f 1389/1787/1111 1386/1784/1108 1388/1786/1110 
f 1387/1785/1109 1389/1787/1111 1388/1786/1110 
f 1386/1784/1108 1389/1787/1111 1390/1788/1112 
f 1389/1787/1111 1387/1785/1109 1391/1789/1113 
f 1392/1790/1114 1386/1784/1108 1390/1788/1112 
f 1384/1782/1106 1386/1784/1108 1392/1790/1114 
f 1389/1787/1111 312/1791/130 1390/1788/1112 
f 1391/1789/1113 312/1791/130 1389/1787/1111 
f 312/1791/130 745/1792/454 1390/1788/1112 
f 312/1791/130 1391/1789/1113 314/1793/132 
f 745/1792/454 743/1794/452 1390/1788/1112 
f 1390/1788/1112 743/1794/452 1392/1790/1114 
f 1391/1789/1113 316/1795/134 314/1793/132 
f 1392/1790/1114 743/1794/452 736/1796/445 
f 316/1795/134 1391/1789/1113 1393/1797/1115 
f 1387/1785/1109 1393/1797/1115 1391/1789/1113 
f 1393/1797/1115 318/1798/136 316/1795/134 
f 1393/1797/1115 1387/1785/1109 1394/1799/1116 
f 1387/1785/1109 1269/1617/991 1394/1799/1116 
f 318/1798/136 1393/1797/1115 1395/1800/1117 
f 1394/1799/1116 1395/1800/1117 1393/1797/1115 
f 1396/1801/1118 318/1798/136 1395/1800/1117 
f 749/1802/458 318/1798/136 1396/1801/1118 
f 1396/1801/1118 747/1803/456 749/1802/458 
f 1395/1800/1117 1394/1799/1116 1397/1804/1119 
f 747/1803/456 1396/1801/1118 1398/1805/1120 
f 747/1803/456 1398/1805/1120 742/1806/451 
f 1395/1800/1117 1399/1807/1121 1396/1801/1118 
f 1399/1807/1121 1398/1805/1120 1396/1801/1118 
f 1399/1807/1121 1395/1800/1117 1397/1804/1119 
f 742/1806/451 1398/1805/1120 1400/1808/1122 
f 1398/1805/1120 1399/1807/1121 1401/1809/1123 
f 1401/1809/1123 1400/1808/1122 1398/1805/1120 
f 1402/1810/1124 742/1806/451 1400/1808/1122 
f 740/1811/449 742/1806/451 1402/1810/1124 
f 1402/1810/1124 738/1812/447 740/1811/449 
f 1400/1808/1122 1401/1809/1123 1403/1813/1125 
f 738/1812/447 1402/1810/1124 1404/1814/1126 
f 738/1812/447 1404/1814/1126 736/1796/445 
f 1400/1808/1122 1405/1815/1127 1402/1810/1124 
f 1405/1815/1127 1404/1814/1126 1402/1810/1124 
f 1405/1815/1127 1400/1808/1122 1403/1813/1125 
f 736/1796/445 1404/1814/1126 1406/1816/1128 
f 736/1796/445 1406/1816/1128 1392/1790/1114 
f 1406/1816/1128 1384/1782/1106 1392/1790/1114 
f 1407/1817/1129 1406/1816/1128 1404/1814/1126 
f 1404/1814/1126 1405/1815/1127 1407/1817/1129 
f 1384/1782/1106 1406/1816/1128 1408/1818/1130 
f 1406/1816/1128 1407/1817/1129 1408/1818/1130 
f 1408/1818/1130 1382/1780/1104 1384/1782/1106 
f 1408/1818/1130 1409/1819/1131 1382/1780/1104 
f 1380/1778/1102 1382/1780/1104 1409/1819/1131 
f 1408/1818/1130 1407/1817/1129 1410/1820/1132 
f 1409/1819/1131 1408/1818/1130 1410/1820/1132 
f 1405/1815/1127 1411/1821/1133 1407/1817/1129 
f 1410/1820/1132 1407/1817/1129 1411/1821/1133 
f 1412/1822/1134 1380/1778/1102 1409/1819/1131 
f 1409/1819/1131 1410/1820/1132 1413/1823/1135 
f 1413/1823/1135 1412/1822/1134 1409/1819/1131 
f 1380/1778/1102 1412/1822/1134 1414/1824/1136 
f 1414/1824/1136 1377/1775/1099 1380/1778/1102 
f 706/1825/415 1414/1824/1136 1412/1822/1134 
f 1377/1775/1099 1414/1824/1136 1415/1826/1137 
f 1414/1824/1136 706/1825/415 708/1827/417 
f 708/1827/417 1415/1826/1137 1414/1824/1136 
f 1415/1826/1137 708/1827/417 710/1828/419 
f 1373/1769/1095 1377/1775/1099 1415/1826/1137 
f 711/1829/420 1415/1826/1137 710/1828/419 
f 1415/1826/1137 711/1829/420 1373/1769/1095 
f 1416/1830/1138 706/1825/415 1412/1822/1134 
f 1412/1822/1134 1413/1823/1135 1416/1830/1138 
f 706/1825/415 1416/1830/1138 713/1831/422 
f 1417/1832/1139 1373/1769/1095 711/1829/420 
f 711/1829/420 1418/1833/1140 1417/1832/1139 
f 1372/1768/1094 1373/1769/1095 1417/1832/1139 
f 1418/1833/1140 1419/1834/1141 1417/1832/1139 
f 1417/1832/1139 1420/1835/1142 1372/1768/1094 
f 1420/1835/1142 1417/1832/1139 1419/1834/1141 
f 1341/1724/1063 1372/1768/1094 1420/1835/1142 
f 1213/1836/935 1420/1835/1142 1419/1834/1141 
f 1421/1837/1143 1341/1724/1063 1420/1835/1142 
f 1420/1835/1142 1213/1836/935 1421/1837/1143 
f 1341/1724/1063 1421/1837/1143 1338/1720/1060 
f 1213/1836/935 1422/1838/1144 1421/1837/1143 
f 1212/1839/934 1422/1838/1144 1213/1836/935 
f 1421/1837/1143 1423/1840/1145 1338/1720/1060 
f 1423/1840/1145 1421/1837/1143 1422/1838/1144 
f 1423/1840/1145 1334/1713/1056 1338/1720/1060 
f 1423/1840/1145 1332/1710/1054 1334/1713/1056 
f 1212/1839/934 1424/1841/1146 1422/1838/1144 
f 1422/1838/1144 1424/1841/1146 1423/1840/1145 
f 1424/1841/1146 1212/1839/934 1209/1842/931 
f 1332/1710/1054 1423/1840/1145 1425/1843/1147 
f 1425/1843/1147 1423/1840/1145 1424/1841/1146 
f 1209/1842/931 1426/1844/1148 1424/1841/1146 
f 1426/1844/1148 1425/1843/1147 1424/1841/1146 
f 1426/1844/1148 1209/1842/931 717/1845/426 
f 1427/1846/1149 1332/1710/1054 1425/1843/1147 
f 1425/1843/1147 1426/1844/1148 1427/1846/1149 
f 1332/1710/1054 1427/1846/1149 1327/1701/1049 
f 1427/1846/1149 1324/1698/1046 1327/1701/1049 
f 717/1845/426 1428/1847/1150 1426/1844/1148 
f 1428/1847/1150 1427/1846/1149 1426/1844/1148 
f 1428/1847/1150 717/1845/426 715/1848/424 
f 713/1831/422 1428/1847/1150 715/1848/424 
f 1416/1830/1138 1428/1847/1150 713/1831/422 
f 1428/1847/1150 1416/1830/1138 1429/1849/1151 
f 1428/1847/1150 1429/1849/1151 1427/1846/1149 
f 1413/1823/1135 1429/1849/1151 1416/1830/1138 
f 1427/1846/1149 1430/1850/1152 1324/1698/1046 
f 1429/1849/1151 1430/1850/1152 1427/1846/1149 
f 1430/1850/1152 1319/1691/1041 1324/1698/1046 
f 1413/1823/1135 1431/1851/1153 1429/1849/1151 
f 1430/1850/1152 1429/1849/1151 1431/1851/1153 
f 1431/1851/1153 1413/1823/1135 1432/1852/1154 
f 1413/1823/1135 1410/1820/1132 1432/1852/1154 
f 1319/1691/1041 1430/1850/1152 1433/1853/1155 
f 1434/1854/1156 1432/1852/1154 1410/1820/1132 
f 1411/1821/1133 1434/1854/1156 1410/1820/1132 
f 1435/1855/1157 1431/1851/1153 1432/1852/1154 
f 1432/1852/1154 1434/1854/1156 1435/1855/1157 
f 1431/1851/1153 1436/1856/1158 1430/1850/1152 
f 1436/1856/1158 1433/1853/1155 1430/1850/1152 
f 1436/1856/1158 1431/1851/1153 1437/1857/1159 
f 1431/1851/1153 1435/1855/1157 1437/1857/1159 
f 1437/1857/1159 310/1858/128 1436/1856/1158 
f 1437/1857/1159 1435/1855/1157 307/1859/125 
f 310/1858/128 1437/1857/1159 307/1859/125 
f 305/1860/123 307/1859/125 1435/1855/1157 
f 303/1861/121 305/1860/123 1435/1855/1157 
f 1435/1855/1157 1434/1854/1156 303/1861/121 
f 310/1858/128 1438/1862/1160 1436/1856/1158 
f 1433/1853/1155 1436/1856/1158 1438/1862/1160 
f 719/1863/428 1438/1862/1160 310/1858/128 
f 1439/1864/1161 303/1861/121 1434/1854/1156 
f 1434/1854/1156 1411/1821/1133 1439/1864/1161 
f 303/1861/121 1439/1864/1161 734/1865/443 
f 1439/1864/1161 732/1866/441 734/1865/443 
f 719/1863/428 1440/1867/1162 1438/1862/1160 
f 1440/1867/1162 1433/1853/1155 1438/1862/1160 
f 1440/1867/1162 719/1863/428 721/1868/430 
f 1440/1867/1162 721/1868/430 724/1869/433 
f 732/1866/441 1439/1864/1161 1441/1870/1163 
f 1411/1821/1133 1441/1870/1163 1439/1864/1161 
f 1441/1870/1163 729/1871/438 732/1866/441 
f 1441/1870/1163 1411/1821/1133 1442/1872/1164 
f 1411/1821/1133 1405/1815/1127 1442/1872/1164 
f 1403/1813/1125 1442/1872/1164 1405/1815/1127 
f 729/1871/438 1441/1870/1163 1443/1873/1165 
f 1442/1872/1164 1443/1873/1165 1441/1870/1163 
f 1444/1874/1166 729/1871/438 1443/1873/1165 
f 729/1871/438 1444/1874/1166 728/1875/437 
f 1443/1873/1165 1442/1872/1164 1445/1876/1167 
f 1442/1872/1164 1403/1813/1125 1445/1876/1167 
f 1443/1873/1165 1446/1877/1168 1444/1874/1166 
f 1446/1877/1168 1443/1873/1165 1445/1876/1167 
f 1444/1874/1166 1447/1878/1169 728/1875/437 
f 728/1875/437 1447/1878/1169 726/1879/435 
f 1447/1878/1169 724/1869/433 726/1879/435 
f 1446/1877/1168 1448/1880/1170 1444/1874/1166 
f 1447/1878/1169 1444/1874/1166 1448/1880/1170 
f 724/1869/433 1447/1878/1169 1449/1881/1171 
f 1440/1867/1162 724/1869/433 1449/1881/1171 
f 1447/1878/1169 1448/1880/1170 1450/1882/1172 
f 1449/1881/1171 1447/1878/1169 1450/1882/1172 
f 1449/1881/1171 1451/1883/1173 1440/1867/1162 
f 1451/1883/1173 1449/1881/1171 1450/1882/1172 
f 1451/1883/1173 1433/1853/1155 1440/1867/1162 
f 1451/1883/1173 1319/1691/1041 1433/1853/1155 
f 1319/1691/1041 1451/1883/1173 1316/1687/1038 
f 1450/1882/1172 1316/1687/1038 1451/1883/1173 
f 1452/1884/1174 1450/1882/1172 1448/1880/1170 
f 1446/1877/1168 1452/1884/1174 1448/1880/1170 
f 1316/1687/1038 1450/1882/1172 1453/1885/1175 
f 1450/1882/1172 1452/1884/1174 1453/1885/1175 
f 1454/1886/1176 1316/1687/1038 1453/1885/1175 
f 1454/1886/1176 1314/1683/1036 1316/1687/1038 
f 1452/1884/1174 1455/1887/1177 1453/1885/1175 
f 1455/1887/1177 1454/1886/1176 1453/1885/1175 
f 1452/1884/1174 1446/1877/1168 1456/1888/1178 
f 1314/1683/1036 1454/1886/1176 1457/1889/1179 
f 1446/1877/1168 1458/1890/1180 1456/1888/1178 
f 1458/1890/1180 1446/1877/1168 1445/1876/1167 
f 1454/1886/1176 1455/1887/1177 1459/1891/1181 
f 1459/1891/1181 1457/1889/1179 1454/1886/1176 
f 1460/1892/1182 1458/1890/1180 1445/1876/1167 
f 1460/1892/1182 1445/1876/1167 1403/1813/1125 
f 1461/1893/1183 1459/1891/1181 1455/1887/1177 
f 1403/1813/1125 1462/1894/1184 1460/1892/1182 
f 1462/1894/1184 1403/1813/1125 1401/1809/1123 
f 1399/1807/1121 1462/1894/1184 1401/1809/1123 
f 1463/1895/1185 1459/1891/1181 1461/1893/1183 
f 1464/1896/1186 1461/1893/1183 1455/1887/1177 
f 1455/1887/1177 1452/1884/1174 1464/1896/1186 
f 1461/1893/1183 1464/1896/1186 1465/1897/1187 
f 1463/1895/1185 1466/1898/1188 1459/1891/1181 
f 1457/1889/1179 1459/1891/1181 1466/1898/1188 
f 1466/1898/1188 1463/1895/1185 1467/1899/1189 
f 1464/1896/1186 1468/1900/1190 1465/1897/1187 
f 1452/1884/1174 1468/1900/1190 1464/1896/1186 
f 1469/1901/1191 1465/1897/1187 1468/1900/1190 
f 1468/1900/1190 1452/1884/1174 1456/1888/1178 
f 787/1902/496 1469/1901/1191 1468/1900/1190 
f 1456/1888/1178 1470/1903/1192 1468/1900/1190 
f 1468/1900/1190 1470/1903/1192 787/1902/496 
f 1470/1903/1192 1456/1888/1178 1458/1890/1180 
f 1471/1904/1193 787/1902/496 1470/1903/1192 
f 787/1902/496 1471/1904/1193 786/1905/495 
f 1472/1906/1194 1470/1903/1192 1458/1890/1180 
f 1470/1903/1192 1472/1906/1194 1471/1904/1193 
f 1471/1904/1193 1473/1907/1195 786/1905/495 
f 786/1905/495 1473/1907/1195 784/1908/493 
f 1473/1907/1195 782/1909/491 784/1908/493 
f 1471/1904/1193 1474/1910/1196 1473/1907/1195 
f 1472/1906/1194 1474/1910/1196 1471/1904/1193 
f 782/1909/491 1473/1907/1195 1475/1911/1197 
f 1474/1910/1196 1475/1911/1197 1473/1907/1195 
f 1458/1890/1180 1476/1912/1198 1472/1906/1194 
f 1476/1912/1198 1458/1890/1180 1460/1892/1182 
f 1472/1906/1194 1477/1913/1199 1474/1910/1196 
f 1477/1913/1199 1472/1906/1194 1476/1912/1198 
f 1478/1914/1200 1476/1912/1198 1460/1892/1182 
f 1462/1894/1184 1478/1914/1200 1460/1892/1182 
f 1479/1915/1201 1477/1913/1199 1476/1912/1198 
f 1476/1912/1198 1478/1914/1200 1479/1915/1201 
f 1478/1914/1200 1462/1894/1184 1480/1916/1202 
f 769/1917/478 1479/1915/1201 1478/1914/1200 
f 769/1917/478 1478/1914/1200 1480/1916/1202 
f 797/1918/506 1479/1915/1201 769/1917/478 
f 1480/1916/1202 767/1919/476 769/1917/478 
f 795/1920/504 1479/1915/1201 797/1918/506 
f 1481/1921/1203 767/1919/476 1480/1916/1202 
f 771/1922/480 767/1919/476 1481/1921/1203 
f 1479/1915/1201 795/1920/504 1482/1923/1204 
f 1477/1913/1199 1479/1915/1201 1482/1923/1204 
f 795/1920/504 791/1924/500 1482/1923/1204 
f 774/1925/483 771/1922/480 1481/1921/1203 
f 1482/1923/1204 791/1924/500 1483/1926/1205 
f 1483/1926/1205 1477/1913/1199 1482/1923/1204 
f 791/1924/500 1484/1927/1206 1483/1926/1205 
f 790/1928/499 1484/1927/1206 791/1924/500 
f 1477/1913/1199 1483/1926/1205 1485/1929/1207 
f 1485/1929/1207 1474/1910/1196 1477/1913/1199 
f 1486/1930/1208 1483/1926/1205 1484/1927/1206 
f 1483/1926/1205 1486/1930/1208 1485/1929/1207 
f 790/1928/499 1487/1931/1209 1484/1927/1206 
f 1487/1931/1209 790/1928/499 793/1932/502 
f 793/1932/502 779/1933/488 1487/1931/1209 
f 1484/1927/1206 1488/1934/1210 1486/1930/1208 
f 1488/1934/1210 1484/1927/1206 1487/1931/1209 
f 1489/1935/1211 1487/1931/1209 779/1933/488 
f 1489/1935/1211 1488/1934/1210 1487/1931/1209 
f 779/1933/488 1490/1936/1212 1489/1935/1211 
f 1490/1936/1212 779/1933/488 777/1937/486 
f 775/1938/484 1490/1936/1212 777/1937/486 
f 1491/1939/1213 1490/1936/1212 775/1938/484 
f 774/1925/483 1491/1939/1213 775/1938/484 
f 1492/1940/1214 1489/1935/1211 1490/1936/1212 
f 1491/1939/1213 1492/1940/1214 1490/1936/1212 
f 1491/1939/1213 774/1925/483 1493/1941/1215 
f 1481/1921/1203 1493/1941/1215 774/1925/483 
f 1494/1942/1216 1492/1940/1214 1491/1939/1213 
f 1493/1941/1215 1494/1942/1216 1491/1939/1213 
f 1495/1943/1217 1493/1941/1215 1481/1921/1203 
f 1480/1916/1202 1495/1943/1217 1481/1921/1203 
f 1462/1894/1184 1495/1943/1217 1480/1916/1202 
f 1462/1894/1184 1399/1807/1121 1495/1943/1217 
f 1397/1804/1119 1495/1943/1217 1399/1807/1121 
f 1493/1941/1215 1495/1943/1217 1496/1944/1218 
f 1495/1943/1217 1397/1804/1119 1496/1944/1218 
f 1494/1942/1216 1493/1941/1215 1496/1944/1218 
f 1397/1804/1119 1494/1942/1216 1496/1944/1218 
f 1394/1799/1116 1494/1942/1216 1397/1804/1119 
f 1269/1617/991 1494/1942/1216 1394/1799/1116 
f 1269/1617/991 1492/1940/1214 1494/1942/1216 
f 1269/1617/991 1271/1621/993 1492/1940/1214 
f 1271/1621/993 1497/1945/1219 1492/1940/1214 
f 1273/1624/995 1497/1945/1219 1271/1621/993 
f 1489/1935/1211 1492/1940/1214 1498/1946/1220 
f 1492/1940/1214 1497/1945/1219 1498/1946/1220 
f 1488/1934/1210 1489/1935/1211 1498/1946/1220 
f 1497/1945/1219 1273/1624/995 1499/1947/1221 
f 1280/1633/1002 1499/1947/1221 1273/1624/995 
f 1498/1946/1220 1497/1945/1219 1500/1948/1222 
f 1499/1947/1221 1280/1633/1002 1501/1949/1223 
f 1280/1633/1002 1281/1634/1003 1501/1949/1223 
f 1502/1950/1224 1498/1946/1220 1500/1948/1222 
f 1498/1946/1220 1502/1950/1224 1488/1934/1210 
f 1497/1945/1219 1503/1951/1225 1500/1948/1222 
f 1503/1951/1225 1502/1950/1224 1500/1948/1222 
f 1281/1634/1003 1504/1952/1226 1501/1949/1223 
f 1285/1642/1007 1504/1952/1226 1281/1634/1003 
f 1504/1952/1226 1505/1953/1227 1501/1949/1223 
f 1505/1953/1227 1499/1947/1221 1501/1949/1223 
f 1504/1952/1226 1285/1642/1007 1506/1954/1228 
f 1499/1947/1221 1505/1953/1227 1507/1955/1229 
f 1505/1953/1227 1504/1952/1226 1508/1956/1230 
f 1504/1952/1226 1506/1954/1228 1508/1956/1230 
f 333/1957/151 1507/1955/1229 1505/1953/1227 
f 1508/1956/1230 333/1957/151 1505/1953/1227 
f 1507/1955/1229 333/1957/151 332/1958/150 
f 1508/1956/1230 821/1959/530 333/1957/151 
f 332/1958/150 1509/1960/1231 1507/1955/1229 
f 1509/1960/1231 1499/1947/1221 1507/1955/1229 
f 1497/1945/1219 1499/1947/1221 1509/1960/1231 
f 1509/1960/1231 332/1958/150 330/1961/148 
f 1503/1951/1225 1497/1945/1219 1509/1960/1231 
f 328/1962/146 1509/1960/1231 330/1961/148 
f 1509/1960/1231 328/1962/146 1503/1951/1225 
f 1510/1963/1232 1503/1951/1225 328/1962/146 
f 328/1962/146 831/1964/540 1510/1963/1232 
f 1502/1950/1224 1503/1951/1225 1510/1963/1232 
f 831/1964/540 829/1965/538 1510/1963/1232 
f 1510/1963/1232 829/1965/538 1511/1966/1233 
f 1511/1966/1233 1502/1950/1224 1510/1963/1232 
f 1511/1966/1233 829/1965/538 827/1967/536 
f 1512/1968/1234 1502/1950/1224 1511/1966/1233 
f 1512/1968/1234 1488/1934/1210 1502/1950/1224 
f 1488/1934/1210 1512/1968/1234 1486/1930/1208 
f 1512/1968/1234 1485/1929/1207 1486/1930/1208 
f 827/1967/536 1513/1969/1235 1511/1966/1233 
f 1513/1969/1235 1512/1968/1234 1511/1966/1233 
f 1485/1929/1207 1512/1968/1234 1514/1970/1236 
f 1512/1968/1234 1513/1969/1235 1514/1970/1236 
f 827/1967/536 1515/1971/1237 1513/1969/1235 
f 825/1972/534 1515/1971/1237 827/1967/536 
f 1513/1969/1235 1516/1973/1238 1514/1970/1236 
f 1516/1973/1238 1513/1969/1235 1515/1971/1237 
f 1517/1974/1239 1485/1929/1207 1514/1970/1236 
f 1474/1910/1196 1485/1929/1207 1517/1974/1239 
f 1475/1911/1197 1474/1910/1196 1517/1974/1239 
f 1518/1975/1240 1517/1974/1239 1514/1970/1236 
f 1516/1973/1238 1518/1975/1240 1514/1970/1236 
f 1519/1976/1241 1475/1911/1197 1517/1974/1239 
f 1517/1974/1239 1518/1975/1240 1519/1976/1241 
f 1475/1911/1197 1519/1976/1241 1520/1977/1242 
f 1520/1977/1242 782/1909/491 1475/1911/1197 
f 782/1909/491 1520/1977/1242 804/1978/513 
f 1520/1977/1242 1521/1979/1243 804/1978/513 
f 804/1978/513 1521/1979/1243 802/1980/511 
f 1521/1979/1243 800/1981/509 802/1980/511 
f 1519/1976/1241 1522/1982/1244 1520/1977/1242 
f 1521/1979/1243 1520/1977/1242 1522/1982/1244 
f 800/1981/509 1521/1979/1243 1523/1983/1245 
f 1523/1983/1245 1467/1899/1189 800/1981/509 
f 1467/1899/1189 1523/1983/1245 1466/1898/1188 
f 1523/1983/1245 1457/1889/1179 1466/1898/1188 
f 1523/1983/1245 1521/1979/1243 1524/1984/1246 
f 1457/1889/1179 1523/1983/1245 1524/1984/1246 
f 1521/1979/1243 1522/1982/1244 1524/1984/1246 
f 1524/1984/1246 1314/1683/1036 1457/1889/1179 
f 1314/1683/1036 1524/1984/1246 1312/1680/1034 
f 1525/1985/1247 1522/1982/1244 1519/1976/1241 
f 1519/1976/1241 1518/1975/1240 1525/1985/1247 
f 1526/1986/1248 1524/1984/1246 1522/1982/1244 
f 1522/1982/1244 1525/1985/1247 1526/1986/1248 
f 1527/1987/1249 1312/1680/1034 1524/1984/1246 
f 1527/1987/1249 1524/1984/1246 1526/1986/1248 
f 1312/1680/1034 1527/1987/1249 1307/1672/1029 
f 1307/1672/1029 1527/1987/1249 1528/1988/1250 
f 1300/1663/1022 1307/1672/1029 1528/1988/1250 
f 1301/1664/1023 1300/1663/1022 1528/1988/1250 
f 1526/1986/1248 1529/1989/1251 1527/1987/1249 
f 1529/1989/1251 1528/1988/1250 1527/1987/1249 
f 1301/1664/1023 1528/1988/1250 1530/1990/1252 
f 1528/1988/1250 1529/1989/1251 1531/1991/1253 
f 1530/1990/1252 1528/1988/1250 1531/1991/1253 
f 326/1992/144 1531/1991/1253 1529/1989/1251 
f 805/1993/514 1530/1990/1252 1531/1991/1253 
f 805/1993/514 1531/1991/1253 326/1992/144 
f 1530/1990/1252 805/1993/514 807/1994/516 
f 1532/1995/1254 326/1992/144 1529/1989/1251 
f 1529/1989/1251 1526/1986/1248 1532/1995/1254 
f 326/1992/144 1532/1995/1254 323/1996/141 
f 807/1994/516 1533/1997/1255 1530/1990/1252 
f 1533/1997/1255 1301/1664/1023 1530/1990/1252 
f 1533/1997/1255 807/1994/516 810/1998/519 
f 1301/1664/1023 1533/1997/1255 1296/1658/1018 
f 810/1998/519 1534/1999/1256 1533/1997/1255 
f 1533/1997/1255 1534/1999/1256 1296/1658/1018 
f 1534/1999/1256 810/1998/519 834/2000/543 
f 836/2001/545 1534/1999/1256 834/2000/543 
f 1534/1999/1256 1535/2002/1257 1296/1658/1018 
f 1293/1654/1015 1296/1658/1018 1535/2002/1257 
f 1291/1650/1013 1293/1654/1015 1535/2002/1257 
f 1536/2003/1258 1534/1999/1256 836/2001/545 
f 1534/1999/1256 1536/2003/1258 1535/2002/1257 
f 812/2004/521 1536/2003/1258 836/2001/545 
f 1291/1650/1013 1535/2002/1257 1537/2005/1259 
f 1537/2005/1259 1535/2002/1257 1536/2003/1258 
f 1291/1650/1013 1537/2005/1259 1289/1647/1011 
f 1536/2003/1258 812/2004/521 1538/2006/1260 
f 1538/2006/1260 1537/2005/1259 1536/2003/1258 
f 1539/2007/1261 1289/1647/1011 1537/2005/1259 
f 1537/2005/1259 1538/2006/1260 1539/2007/1261 
f 1289/1647/1011 1539/2007/1261 1540/2008/1262 
f 1289/1647/1011 1540/2008/1262 1287/1645/1009 
f 1539/2007/1261 1541/2009/1263 1540/2008/1262 
f 1538/2006/1260 1541/2009/1263 1539/2007/1261 
f 1542/2010/1264 1287/1645/1009 1540/2008/1262 
f 1542/2010/1264 1540/2008/1262 1541/2009/1263 
f 1541/2009/1263 1538/2006/1260 1543/2011/1265 
f 1543/2011/1265 1542/2010/1264 1541/2009/1263 
f 812/2004/521 1544/2012/1266 1538/2006/1260 
f 1544/2012/1266 812/2004/521 814/2013/523 
f 816/2014/525 1544/2012/1266 814/2013/523 
f 1538/2006/1260 1545/2015/1267 1543/2011/1265 
f 1545/2015/1267 1538/2006/1260 1544/2012/1266 
f 1546/2016/1268 1544/2012/1266 816/2014/525 
f 1546/2016/1268 1545/2015/1267 1544/2012/1266 
f 319/2017/137 1546/2016/1268 816/2014/525 
f 1545/2015/1267 1547/2018/1269 1543/2011/1265 
f 1542/2010/1264 1543/2011/1265 1547/2018/1269 
f 1548/2019/1270 1545/2015/1267 1546/2016/1268 
f 1549/2020/1271 1287/1645/1009 1542/2010/1264 
f 1549/2020/1271 1542/2010/1264 1547/2018/1269 
f 1549/2020/1271 1285/1642/1007 1287/1645/1009 
f 1506/1954/1228 1285/1642/1007 1549/2020/1271 
f 1547/2018/1269 1545/2015/1267 1550/2021/1272 
f 1548/2019/1270 1550/2021/1272 1545/2015/1267 
f 1547/2018/1269 1551/2022/1273 1549/2020/1271 
f 1551/2022/1273 1506/1954/1228 1549/2020/1271 
f 1552/2023/1274 1547/2018/1269 1550/2021/1272 
f 1547/2018/1269 1552/2023/1274 1551/2022/1273 
f 1550/2021/1272 1548/2019/1270 1516/1973/1238 
f 1515/1971/1237 1550/2021/1272 1516/1973/1238 
f 1550/2021/1272 1515/1971/1237 1552/2023/1274 
f 1518/1975/1240 1516/1973/1238 1548/2019/1270 
f 825/1972/534 1552/2023/1274 1515/1971/1237 
f 1552/2023/1274 825/1972/534 823/2024/532 
f 819/2025/528 1552/2023/1274 823/2024/532 
f 1552/2023/1274 819/2025/528 1551/2022/1273 
f 1548/2019/1270 1553/2026/1275 1518/1975/1240 
f 1553/2026/1275 1548/2019/1270 1546/2016/1268 
f 1546/2016/1268 319/2017/137 1553/2026/1275 
f 1553/2026/1275 1525/1985/1247 1518/1975/1240 
f 1554/2027/1276 1553/2026/1275 319/2017/137 
f 1525/1985/1247 1553/2026/1275 1554/2027/1276 
f 319/2017/137 321/2028/139 1554/2027/1276 
f 1554/2027/1276 1526/1986/1248 1525/1985/1247 
f 321/2028/139 323/1996/141 1554/2027/1276 
f 1526/1986/1248 1554/2027/1276 1532/1995/1254 
f 1532/1995/1254 1554/2027/1276 323/1996/141 
f 1551/2022/1273 819/2025/528 1555/2029/1277 
f 1506/1954/1228 1551/2022/1273 1555/2029/1277 
f 818/2030/527 1555/2029/1277 819/2025/528 
f 1508/1956/1230 1506/1954/1228 1555/2029/1277 
f 821/1959/530 1555/2029/1277 818/2030/527 
f 1508/1956/1230 1555/2029/1277 821/1959/530 
f 1556/2031/1278 679/2032/388 681/2033/390 
f 679/2032/388 1556/2031/1278 1557/2034/1279 
f 1558/2035/1280 1557/2034/1279 1556/2031/1278 
f 1557/2034/1279 683/2036/392 679/2032/388 
f 1557/2034/1279 1558/2035/1280 1559/2037/1281 
f 1560/2038/1282 1559/2037/1281 1558/2035/1280 
f 683/2036/392 1557/2034/1279 1561/2039/1283 
f 1559/2037/1281 1561/2039/1283 1557/2034/1279 
f 683/2036/392 1561/2039/1283 1562/2040/1284 
f 1562/2040/1284 756/2041/465 683/2036/392 
f 1561/2039/1283 1559/2037/1281 1563/2042/1285 
f 1562/2040/1284 1564/2043/1286 756/2041/465 
f 758/2044/467 756/2041/465 1564/2043/1286 
f 1561/2039/1283 1565/2045/1287 1562/2040/1284 
f 1565/2045/1287 1561/2039/1283 1563/2042/1285 
f 1562/2040/1284 1566/2046/1288 1564/2043/1286 
f 1565/2045/1287 1566/2046/1288 1562/2040/1284 
f 1567/2047/1289 758/2044/467 1564/2043/1286 
f 1566/2046/1288 1567/2047/1289 1564/2043/1286 
f 758/2044/467 1567/2047/1289 759/2048/468 
f 1567/2047/1289 762/2049/471 759/2048/468 
f 762/2049/471 1567/2047/1289 1568/2050/1290 
f 1568/2050/1290 763/2051/472 762/2049/471 
f 1567/2047/1289 1566/2046/1288 1569/2052/1291 
f 1569/2052/1291 1568/2050/1290 1567/2047/1289 
f 763/2051/472 1568/2050/1290 1570/2053/1292 
f 765/2054/474 763/2051/472 1570/2053/1292 
f 1568/2050/1290 1569/2052/1291 1571/2055/1293 
f 1571/2055/1293 1570/2053/1292 1568/2050/1290 
f 1570/2053/1292 1572/2056/1294 765/2054/474 
f 1570/2053/1292 1571/2055/1293 1573/2057/1295 
f 1573/2057/1295 1572/2056/1294 1570/2053/1292 
f 1574/2058/1296 765/2054/474 1572/2056/1294 
f 1196/2059/918 765/2054/474 1574/2058/1296 
f 1197/2060/919 1196/2059/918 1575/2061/1297 
f 1574/2058/1296 1575/2061/1297 1196/2059/918 
f 1575/2061/1297 1574/2058/1296 1576/2062/1298 
f 1577/2063/1299 1576/2062/1298 1574/2058/1296 
f 1572/2056/1294 1577/2063/1299 1574/2058/1296 
f 1577/2063/1299 1578/2064/1300 1576/2062/1298 
f 1577/2063/1299 1572/2056/1294 1579/2065/1301 
f 1572/2056/1294 1573/2057/1295 1579/2065/1301 
f 1578/2064/1300 1577/2063/1299 1580/2066/1302 
f 1579/2065/1301 1580/2066/1302 1577/2063/1299 
f 1581/2067/1303 1578/2064/1300 1580/2066/1302 
f 1578/2064/1300 1581/2067/1303 1582/2068/1304 
f 1582/2068/1304 1581/2067/1303 850/2069/559 
f 850/2069/559 1581/2067/1303 848/2070/557 
f 1581/2067/1303 1583/2071/1305 848/2070/557 
f 848/2070/557 1583/2071/1305 846/2072/555 
f 1580/2066/1302 1584/2073/1306 1581/2067/1303 
f 1581/2067/1303 1584/2073/1306 1583/2071/1305 
f 1585/2074/1307 846/2072/555 1583/2071/1305 
f 846/2072/555 1585/2074/1307 843/2075/552 
f 1585/2074/1307 841/2076/550 843/2075/552 
f 1584/2073/1306 1586/2077/1308 1583/2071/1305 
f 1583/2071/1305 1586/2077/1308 1585/2074/1307 
f 841/2076/550 1585/2074/1307 1587/2078/1309 
f 1587/2078/1309 838/2079/547 841/2076/550 
f 1585/2074/1307 1588/2080/1310 1587/2078/1309 
f 838/2079/547 1587/2078/1309 1589/2081/1311 
f 1588/2080/1310 1589/2081/1311 1587/2078/1309 
f 1590/2082/1312 838/2079/547 1589/2081/1311 
f 838/2079/547 1590/2082/1312 839/2083/548 
f 1589/2081/1311 1588/2080/1310 1591/2084/1313 
f 1591/2084/1313 1590/2082/1312 1589/2081/1311 
f 1588/2080/1310 1585/2074/1307 1592/2085/1314 
f 1585/2074/1307 1586/2077/1308 1592/2085/1314 
f 1593/2086/1315 839/2083/548 1590/2082/1312 
f 839/2083/548 1593/2086/1315 1216/2087/938 
f 1593/2086/1315 1217/2088/939 1216/2087/938 
f 1590/2082/1312 1594/2089/1316 1593/2086/1315 
f 1590/2082/1312 1591/2084/1313 1594/2089/1316 
f 1217/2088/939 1593/2086/1315 1595/2090/1317 
f 1594/2089/1316 1596/2091/1318 1593/2086/1315 
f 1596/2091/1318 1595/2090/1317 1593/2086/1315 
f 1591/2084/1313 1597/2092/1319 1594/2089/1316 
f 1594/2089/1316 1597/2092/1319 1596/2091/1318 
f 1598/2093/1320 1217/2088/939 1595/2090/1317 
f 1217/2088/939 1598/2093/1320 1207/2094/929 
f 1595/2090/1317 1596/2091/1318 1599/2095/1321 
f 1599/2095/1321 1598/2093/1320 1595/2090/1317 
f 1600/2096/1322 1207/2094/929 1598/2093/1320 
f 1206/2097/928 1207/2094/929 1600/2096/1322 
f 1204/2098/926 1206/2097/928 1601/2099/1323 
f 1600/2096/1322 1601/2099/1323 1206/2097/928 
f 1601/2099/1323 1600/2096/1322 1602/2100/1324 
f 1602/2100/1324 1600/2096/1322 1603/2101/1325 
f 1603/2101/1325 1604/2102/1326 1602/2100/1324 
f 1605/2103/1327 1600/2096/1322 1598/2093/1320 
f 1603/2101/1325 1600/2096/1322 1605/2103/1327 
f 1598/2093/1320 1599/2095/1321 1605/2103/1327 
f 1604/2102/1326 1603/2101/1325 1606/2104/1328 
f 1605/2103/1327 1606/2104/1328 1603/2101/1325 
f 1607/2105/1329 1604/2102/1326 1606/2104/1328 
f 1604/2102/1326 1607/2105/1329 1608/2106/1330 
f 1608/2106/1330 343/2107/161 345/2108/163 
f 343/2107/161 1608/2106/1330 1607/2105/1329 
f 1607/2105/1329 341/2109/159 343/2107/161 
f 1606/2104/1328 1609/2110/1331 1607/2105/1329 
f 1607/2105/1329 1609/2110/1331 341/2109/159 
f 1606/2104/1328 1605/2103/1327 1610/2111/1332 
f 1609/2110/1331 1606/2104/1328 1610/2111/1332 
f 1609/2110/1331 1611/2112/1333 341/2109/159 
f 1611/2112/1333 851/2113/560 341/2109/159 
f 1612/2114/1334 1609/2110/1331 1610/2111/1332 
f 1609/2110/1331 1612/2114/1334 1611/2112/1333 
f 1611/2112/1333 1613/2115/1335 851/2113/560 
f 853/2116/562 851/2113/560 1613/2115/1335 
f 1613/2115/1335 855/2117/564 853/2116/562 
f 1611/2112/1333 1614/2118/1336 1613/2115/1335 
f 1612/2114/1334 1614/2118/1336 1611/2112/1333 
f 855/2117/564 1613/2115/1335 1615/2119/1337 
f 1614/2118/1336 1615/2119/1337 1613/2115/1335 
f 1616/2120/1338 855/2117/564 1615/2119/1337 
f 855/2117/564 1616/2120/1338 858/2121/567 
f 1615/2119/1337 1614/2118/1336 1617/2122/1339 
f 1617/2122/1339 1616/2120/1338 1615/2119/1337 
f 1618/2123/1340 858/2121/567 1616/2120/1338 
f 1202/2124/924 858/2121/567 1618/2123/1340 
f 1200/2125/922 1202/2124/924 1619/2126/1341 
f 1618/2123/1340 1619/2126/1341 1202/2124/924 
f 1619/2126/1341 1618/2123/1340 1620/2127/1342 
f 1621/2128/1343 1618/2123/1340 1616/2120/1338 
f 1616/2120/1338 1617/2122/1339 1621/2128/1343 
f 1620/2127/1342 1618/2123/1340 1622/2129/1344 
f 1622/2129/1344 1618/2123/1340 1621/2128/1343 
f 1620/2127/1342 1622/2129/1344 1623/2130/1345 
f 1623/2130/1345 1624/2131/1346 1620/2127/1342 
f 1621/2128/1343 1625/2132/1347 1622/2129/1344 
f 1622/2129/1344 1625/2132/1347 1623/2130/1345 
f 1626/2133/1348 1624/2131/1346 1623/2130/1345 
f 1624/2131/1346 1626/2133/1348 1627/2134/1349 
f 1627/2134/1349 337/2135/155 339/2136/157 
f 337/2135/155 1627/2134/1349 1626/2133/1348 
f 1626/2133/1348 335/2137/153 337/2135/155 
f 1623/2130/1345 1628/2138/1350 1626/2133/1348 
f 1626/2133/1348 1628/2138/1350 335/2137/153 
f 1628/2138/1350 1623/2130/1345 1625/2132/1347 
f 1628/2138/1350 1629/2139/1351 335/2137/153 
f 1629/2139/1351 1222/2140/944 335/2137/153 
f 1630/2141/1352 1628/2138/1350 1625/2132/1347 
f 1628/2138/1350 1630/2141/1352 1629/2139/1351 
f 1631/2142/1353 1222/2140/944 1629/2139/1351 
f 1219/2143/941 1222/2140/944 1631/2142/1353 
f 1632/2144/1354 1629/2139/1351 1630/2141/1352 
f 1631/2142/1353 1629/2139/1351 1632/2144/1354 
f 1633/2145/1355 1219/2143/941 1631/2142/1353 
f 1219/2143/941 1633/2145/1355 871/2146/580 
f 1633/2145/1355 870/2147/579 871/2146/580 
f 1631/2142/1353 1634/2148/1356 1633/2145/1355 
f 1634/2148/1356 1631/2142/1353 1632/2144/1354 
f 870/2147/579 1633/2145/1355 1635/2149/1357 
f 1634/2148/1356 1635/2149/1357 1633/2145/1355 
f 1635/2149/1357 868/2150/577 870/2147/579 
f 1632/2144/1354 1636/2151/1358 1634/2148/1356 
f 868/2150/577 1635/2149/1357 1637/2152/1359 
f 1638/2153/1360 1635/2149/1357 1634/2148/1356 
f 1638/2153/1360 1637/2152/1359 1635/2149/1357 
f 1636/2151/1358 1638/2153/1360 1634/2148/1356 
f 1639/2154/1361 868/2150/577 1637/2152/1359 
f 868/2150/577 1639/2154/1361 865/2155/574 
f 1639/2154/1361 863/2156/572 865/2155/574 
f 1637/2152/1359 1638/2153/1360 1640/2157/1362 
f 1640/2157/1362 1639/2154/1361 1637/2152/1359 
f 1641/2158/1363 1638/2153/1360 1636/2151/1358 
f 1641/2158/1363 1640/2157/1362 1638/2153/1360 
f 863/2156/572 1639/2154/1361 1642/2159/1364 
f 1642/2159/1364 860/2160/569 863/2156/572 
f 860/2160/569 1642/2159/1364 1643/2161/1365 
f 1643/2161/1365 861/2162/570 860/2160/569 
f 861/2162/570 1643/2161/1365 1644/2163/1366 
f 1645/2164/1367 1643/2161/1365 1642/2159/1364 
f 1639/2154/1361 1645/2164/1367 1642/2159/1364 
f 1646/2165/1368 1644/2163/1366 1643/2161/1365 
f 1643/2161/1365 1645/2164/1367 1646/2165/1368 
f 1644/2163/1366 1646/2165/1368 1560/2038/1282 
f 1560/2038/1282 1646/2165/1368 1559/2037/1281 
f 1646/2165/1368 1563/2042/1285 1559/2037/1281 
f 1563/2042/1285 1646/2165/1368 1647/2166/1369 
f 1563/2042/1285 1647/2166/1369 1565/2045/1287 
f 1646/2165/1368 1645/2164/1367 1648/2167/1370 
f 1647/2166/1369 1646/2165/1368 1648/2167/1370 
f 1645/2164/1367 1639/2154/1361 1649/2168/1371 
f 1565/2045/1287 1647/2166/1369 1650/2169/1372 
f 1651/2170/1373 1649/2168/1371 1639/2154/1361 
f 1639/2154/1361 1640/2157/1362 1651/2170/1373 
f 1649/2168/1371 1652/2171/1374 1645/2164/1367 
f 1652/2171/1374 1648/2167/1370 1645/2164/1367 
f 1653/2172/1375 1649/2168/1371 1651/2170/1373 
f 1648/2167/1370 1654/2173/1376 1647/2166/1369 
f 1654/2173/1376 1650/2169/1372 1647/2166/1369 
f 1653/2172/1375 1655/2174/1377 1649/2168/1371 
f 1652/2171/1374 1649/2168/1371 1655/2174/1377 
f 1655/2174/1377 1653/2172/1375 1656/2172/1378 
f 1653/2172/1375 1651/2170/1373 1657/2175/1379 
f 1658/2176/1380 1655/2174/1377 1656/2172/1378 
f 1659/2177/1381 1651/2170/1373 1640/2157/1362 
f 1651/2170/1373 1659/2177/1381 1657/2175/1379 
f 1640/2157/1362 1641/2158/1363 1659/2177/1381 
f 1655/2174/1377 1658/2176/1380 1660/2178/1382 
f 1660/2178/1382 1652/2171/1374 1655/2174/1377 
f 1661/2179/1383 1659/2177/1381 1641/2158/1363 
f 1652/2171/1374 1660/2178/1382 1662/2180/1384 
f 1641/2158/1363 1663/2181/1385 1661/2179/1383 
f 1663/2181/1385 1641/2158/1363 1636/2151/1358 
f 1664/2182/1386 1652/2171/1374 1662/2180/1384 
f 1648/2167/1370 1652/2171/1374 1664/2182/1386 
f 1654/2173/1376 1648/2167/1370 1664/2182/1386 
f 1664/2182/1386 1662/2180/1384 702/2183/411 
f 702/2183/411 1662/2180/1384 700/2184/409 
f 703/2185/412 1664/2182/1386 702/2183/411 
f 703/2185/412 1654/2173/1376 1664/2182/1386 
f 1662/2180/1384 693/2186/402 700/2184/409 
f 693/2186/402 1662/2180/1384 1660/2178/1382 
f 1654/2173/1376 703/2185/412 1665/2187/1387 
f 703/2185/412 753/2188/462 1665/2187/1387 
f 1650/2169/1372 1654/2173/1376 1665/2187/1387 
f 693/2186/402 1660/2178/1382 1666/2189/1388 
f 1666/2189/1388 696/2190/405 693/2186/402 
f 1666/2189/1388 1660/2178/1382 1658/2176/1380 
f 1666/2189/1388 698/2191/407 696/2190/405 
f 753/2188/462 1667/2192/1389 1665/2187/1387 
f 1665/2187/1387 1667/2192/1389 1650/2169/1372 
f 1667/2192/1389 753/2188/462 751/2193/460 
f 1667/2192/1389 751/2193/460 692/2194/401 
f 698/2191/407 1666/2189/1388 1668/2195/1390 
f 685/2196/394 698/2191/407 1668/2195/1390 
f 1669/2197/1391 1668/2195/1390 1666/2189/1388 
f 1658/2176/1380 1669/2197/1391 1666/2189/1388 
f 1668/2195/1390 1670/2198/1392 685/2196/394 
f 1670/2198/1392 688/2199/397 685/2196/394 
f 1668/2195/1390 1669/2197/1391 1671/2200/1393 
f 1671/2200/1393 1670/2198/1392 1668/2195/1390 
f 1672/2201/1394 1669/2197/1391 1658/2176/1380 
f 1673/2172/1395 1672/2201/1394 1658/2176/1380 
f 1657/2175/1379 1672/2201/1394 1673/2172/1395 
f 1669/2197/1391 1672/2201/1394 1674/2197/1396 
f 1671/2200/1393 1669/2197/1391 1674/2197/1396 
f 1672/2201/1394 1657/2175/1379 1675/2202/1397 
f 1675/2202/1397 1674/2197/1396 1672/2201/1394 
f 1659/2177/1381 1675/2202/1397 1657/2175/1379 
f 1674/2197/1396 1676/2203/1398 1671/2200/1393 
f 1675/2202/1397 1659/2177/1381 1677/2204/1399 
f 1659/2177/1381 1661/2179/1383 1677/2204/1399 
f 1674/2197/1396 1675/2202/1397 1678/2205/1400 
f 1679/2206/1401 1677/2204/1399 1661/2179/1383 
f 1677/2204/1399 1679/2206/1401 1680/2207/1402 
f 1679/2206/1401 1661/2179/1383 1214/2208/936 
f 712/2209/421 1677/2204/1399 1680/2207/1402 
f 1677/2204/1399 712/2209/421 1675/2202/1397 
f 709/2210/418 1675/2202/1397 712/2209/421 
f 1675/2202/1397 709/2210/418 1678/2205/1400 
f 709/2210/418 705/2211/414 1678/2205/1400 
f 1214/2208/936 1661/2179/1383 1663/2181/1385 
f 1678/2205/1400 705/2211/414 1681/2212/1403 
f 1678/2205/1400 1681/2212/1403 1674/2197/1396 
f 1674/2197/1396 1681/2212/1403 1676/2203/1398 
f 1681/2212/1403 705/2211/414 707/2213/416 
f 1214/2208/936 1663/2181/1385 1682/2214/1404 
f 1214/2208/936 1682/2214/1404 1211/2215/933 
f 1682/2214/1404 1210/2216/932 1211/2215/933 
f 1683/2217/1405 1681/2212/1403 707/2213/416 
f 1683/2217/1405 1676/2203/1398 1681/2212/1403 
f 1210/2216/932 1682/2214/1404 1684/2218/1406 
f 718/2219/427 1210/2216/932 1684/2218/1406 
f 1663/2181/1385 1685/2220/1407 1682/2214/1404 
f 1685/2220/1407 1684/2218/1406 1682/2214/1404 
f 1685/2220/1407 1663/2181/1385 1636/2151/1358 
f 1636/2151/1358 1632/2144/1354 1685/2220/1407 
f 1630/2141/1352 1685/2220/1407 1632/2144/1354 
f 1684/2218/1406 1685/2220/1407 1686/2221/1408 
f 1685/2220/1407 1630/2141/1352 1686/2221/1408 
f 1684/2218/1406 1687/2222/1409 718/2219/427 
f 1686/2221/1408 1687/2222/1409 1684/2218/1406 
f 1630/2141/1352 1688/2223/1410 1686/2221/1408 
f 1687/2222/1409 1686/2221/1408 1688/2223/1410 
f 1625/2132/1347 1688/2223/1410 1630/2141/1352 
f 1625/2132/1347 1621/2128/1343 1688/2223/1410 
f 1687/2222/1409 1689/2224/1411 718/2219/427 
f 716/2225/425 718/2219/427 1689/2224/1411 
f 1689/2224/1411 714/2226/423 716/2225/425 
f 1690/2227/1412 1687/2222/1409 1688/2223/1410 
f 1687/2222/1409 1690/2227/1412 1689/2224/1411 
f 1621/2128/1343 1691/2228/1413 1688/2223/1410 
f 1691/2228/1413 1690/2227/1412 1688/2223/1410 
f 1617/2122/1339 1691/2228/1413 1621/2128/1343 
f 714/2226/423 1689/2224/1411 1692/2229/1414 
f 1692/2229/1414 707/2213/416 714/2226/423 
f 1692/2229/1414 1683/2217/1405 707/2213/416 
f 1689/2224/1411 1693/2230/1415 1692/2229/1414 
f 1693/2230/1415 1683/2217/1405 1692/2229/1414 
f 1690/2227/1412 1693/2230/1415 1689/2224/1411 
f 1683/2217/1405 1693/2230/1415 1694/2231/1416 
f 1676/2203/1398 1683/2217/1405 1694/2231/1416 
f 1693/2230/1415 1690/2227/1412 1695/2232/1417 
f 1690/2227/1412 1691/2228/1413 1695/2232/1417 
f 1694/2231/1416 1696/2233/1418 1676/2203/1398 
f 1696/2233/1418 1671/2200/1393 1676/2203/1398 
f 1670/2198/1392 1671/2200/1393 1696/2233/1418 
f 1693/2230/1415 1697/2234/1419 1694/2231/1416 
f 1698/2235/1420 1670/2198/1392 1696/2233/1418 
f 1697/2234/1419 1693/2230/1415 1699/2236/1421 
f 1695/2232/1417 1699/2236/1421 1693/2230/1415 
f 1670/2198/1392 1698/2235/1420 1700/2237/1422 
f 688/2199/397 1670/2198/1392 1700/2237/1422 
f 1700/2237/1422 1701/2238/1423 688/2199/397 
f 688/2199/397 1701/2238/1423 690/2239/399 
f 1701/2238/1423 692/2194/401 690/2239/399 
f 1701/2238/1423 1700/2237/1422 1702/2240/1424 
f 1698/2235/1420 1702/2240/1424 1700/2237/1422 
f 1701/2238/1423 1703/2241/1425 692/2194/401 
f 1702/2240/1424 1703/2241/1425 1701/2238/1423 
f 1703/2241/1425 1667/2192/1389 692/2194/401 
f 1703/2241/1425 1702/2240/1424 1704/2242/1426 
f 1703/2241/1425 1705/2243/1427 1667/2192/1389 
f 1705/2243/1427 1703/2241/1425 1704/2242/1426 
f 1705/2243/1427 1650/2169/1372 1667/2192/1389 
f 1650/2169/1372 1705/2243/1427 1565/2045/1287 
f 1565/2045/1287 1705/2243/1427 1566/2046/1288 
f 1702/2240/1424 1706/2244/1428 1704/2242/1426 
f 1706/2244/1428 1705/2243/1427 1704/2242/1426 
f 1566/2046/1288 1705/2243/1427 1707/2245/1429 
f 1707/2245/1429 1705/2243/1427 1706/2244/1428 
f 1707/2245/1429 1569/2052/1291 1566/2046/1288 
f 1706/2244/1428 1702/2240/1424 1708/2246/1430 
f 1698/2235/1420 1708/2246/1430 1702/2240/1424 
f 1709/2247/1431 1707/2245/1429 1706/2244/1428 
f 1708/2246/1430 1709/2247/1431 1706/2244/1428 
f 1708/2246/1430 1698/2235/1420 1710/2248/1432 
f 1710/2248/1432 1698/2235/1420 1696/2233/1418 
f 1709/2247/1431 1708/2246/1430 1711/2249/1433 
f 1696/2233/1418 1712/2250/1434 1710/2248/1432 
f 1694/2231/1416 1712/2250/1434 1696/2233/1418 
f 1712/2250/1434 1694/2231/1416 1697/2234/1419 
f 1713/2251/1435 1708/2246/1430 1710/2248/1432 
f 1708/2246/1430 1713/2251/1435 1711/2249/1433 
f 1714/2252/1436 1710/2248/1432 1712/2250/1434 
f 1710/2248/1432 1714/2252/1436 1713/2251/1435 
f 744/2253/453 1711/2249/1433 1713/2251/1435 
f 1711/2249/1433 744/2253/453 746/2254/455 
f 1713/2251/1435 737/2255/446 744/2253/453 
f 737/2255/446 1713/2251/1435 1714/2252/1436 
f 311/2256/129 1711/2249/1433 746/2254/455 
f 311/2256/129 1709/2247/1431 1711/2249/1433 
f 737/2255/446 1714/2252/1436 1715/2257/1437 
f 1709/2247/1431 311/2256/129 1716/2258/1438 
f 1715/2257/1437 735/2259/444 737/2255/446 
f 311/2256/129 313/2260/131 1716/2258/1438 
f 1707/2245/1429 1709/2247/1431 1716/2258/1438 
f 315/2261/133 1716/2258/1438 313/2260/131 
f 1717/2262/1439 1716/2258/1438 315/2261/133 
f 1717/2262/1439 1707/2245/1429 1716/2258/1438 
f 1717/2262/1439 315/2261/133 317/2263/135 
f 1718/2264/1440 1707/2245/1429 1717/2262/1439 
f 1569/2052/1291 1707/2245/1429 1718/2264/1440 
f 1719/2265/1441 1717/2262/1439 317/2263/135 
f 1719/2265/1441 1718/2264/1440 1717/2262/1439 
f 317/2263/135 1720/2266/1442 1719/2265/1441 
f 1720/2266/1442 317/2263/135 750/2267/459 
f 748/2268/457 1720/2266/1442 750/2267/459 
f 1718/2264/1440 1719/2265/1441 1721/2269/1443 
f 1722/2270/1444 1720/2266/1442 748/2268/457 
f 1723/2271/1445 1719/2265/1441 1720/2266/1442 
f 1719/2265/1441 1723/2271/1445 1721/2269/1443 
f 1720/2266/1442 1722/2270/1444 1723/2271/1445 
f 1724/2272/1446 1718/2264/1440 1721/2269/1443 
f 1723/2271/1445 1724/2272/1446 1721/2269/1443 
f 748/2268/457 1725/2273/1447 1722/2270/1444 
f 1725/2273/1447 748/2268/457 741/2274/450 
f 1726/2275/1448 1723/2271/1445 1722/2270/1444 
f 1725/2273/1447 1726/2275/1448 1722/2270/1444 
f 1724/2272/1446 1723/2271/1445 1727/2276/1449 
f 1726/2275/1448 1727/2276/1449 1723/2271/1445 
f 1728/2277/1450 1718/2264/1440 1724/2272/1446 
f 1569/2052/1291 1718/2264/1440 1728/2277/1450 
f 1727/2276/1449 1729/2278/1451 1724/2272/1446 
f 1729/2278/1451 1728/2277/1450 1724/2272/1446 
f 1728/2277/1450 1730/2279/1452 1569/2052/1291 
f 1569/2052/1291 1730/2279/1452 1571/2055/1293 
f 1728/2277/1450 1729/2278/1451 1731/2280/1453 
f 1731/2280/1453 1730/2279/1452 1728/2277/1450 
f 1729/2278/1451 773/2281/482 1731/2280/1453 
f 773/2281/482 776/2282/485 1731/2280/1453 
f 773/2281/482 1729/2278/1451 1732/2283/1454 
f 1729/2278/1451 1727/2276/1449 1732/2283/1454 
f 773/2281/482 1732/2283/1454 772/2284/481 
f 1732/2283/1454 770/2285/479 772/2284/481 
f 776/2282/485 1733/2286/1455 1731/2280/1453 
f 1730/2279/1452 1731/2280/1453 1733/2286/1455 
f 1733/2286/1455 776/2282/485 778/2287/487 
f 1733/2286/1455 778/2287/487 780/2288/489 
f 770/2285/479 1732/2283/1454 1734/2289/1456 
f 1727/2276/1449 1734/2289/1456 1732/2283/1454 
f 1734/2289/1456 768/2290/477 770/2285/479 
f 1734/2289/1456 1727/2276/1449 1735/2291/1457 
f 1727/2276/1449 1726/2275/1448 1735/2291/1457 
f 768/2290/477 1734/2289/1456 1736/2292/1458 
f 1735/2291/1457 1736/2292/1458 1734/2289/1456 
f 768/2290/477 1736/2292/1458 1737/2293/1459 
f 1737/2293/1459 798/2294/507 768/2290/477 
f 1737/2293/1459 796/2295/505 798/2294/507 
f 1738/2296/1460 1735/2291/1457 1726/2275/1448 
f 1726/2275/1448 1725/2273/1447 1738/2296/1460 
f 796/2295/505 1737/2293/1459 1739/2297/1461 
f 789/2298/498 796/2295/505 1739/2297/1461 
f 1736/2292/1458 1740/2299/1462 1737/2293/1459 
f 1740/2299/1462 1739/2297/1461 1737/2293/1459 
f 1736/2292/1458 1735/2291/1457 1741/2300/1463 
f 1740/2299/1462 1736/2292/1458 1741/2300/1463 
f 1735/2291/1457 1738/2296/1460 1741/2300/1463 
f 1739/2297/1461 1742/2301/1464 789/2298/498 
f 1742/2301/1464 792/2302/501 789/2298/498 
f 1739/2297/1461 1740/2299/1462 1743/2303/1465 
f 1743/2303/1465 1742/2301/1464 1739/2297/1461 
f 792/2302/501 1742/2301/1464 1744/2304/1466 
f 1745/2305/1467 1743/2303/1465 1740/2299/1462 
f 1744/2304/1466 1746/2306/1468 792/2302/501 
f 792/2302/501 1746/2306/1468 794/2307/503 
f 1746/2306/1468 780/2288/489 794/2307/503 
f 1742/2301/1464 1747/2308/1469 1744/2304/1466 
f 780/2288/489 1746/2306/1468 1748/2309/1470 
f 1748/2309/1470 1733/2286/1455 780/2288/489 
f 1748/2309/1470 1730/2279/1452 1733/2286/1455 
f 1746/2306/1468 1744/2304/1466 1749/2310/1471 
f 1749/2310/1471 1748/2309/1470 1746/2306/1468 
f 1747/2308/1469 1749/2310/1471 1744/2304/1466 
f 1730/2279/1452 1748/2309/1470 1750/2311/1472 
f 1748/2309/1470 1749/2310/1471 1750/2311/1472 
f 1751/2312/1473 1730/2279/1452 1750/2311/1472 
f 1749/2310/1471 1751/2312/1473 1750/2311/1472 
f 1752/2313/1474 1730/2279/1452 1751/2312/1473 
f 1571/2055/1293 1730/2279/1452 1752/2313/1474 
f 1752/2313/1474 1573/2057/1295 1571/2055/1293 
f 1751/2312/1473 1749/2310/1471 1753/2314/1475 
f 1573/2057/1295 1752/2313/1474 1754/2315/1476 
f 1754/2315/1476 1579/2065/1301 1573/2057/1295 
f 1755/2316/1477 1752/2313/1474 1751/2312/1473 
f 1753/2314/1475 1755/2316/1477 1751/2312/1473 
f 1579/2065/1301 1754/2315/1476 1756/2317/1478 
f 1580/2066/1302 1579/2065/1301 1756/2317/1478 
f 1757/2318/1479 1754/2315/1476 1752/2313/1474 
f 1752/2313/1474 1755/2316/1477 1757/2318/1479 
f 1580/2066/1302 1756/2317/1478 1758/2319/1480 
f 1758/2319/1480 1584/2073/1306 1580/2066/1302 
f 1754/2315/1476 1759/2320/1481 1756/2317/1478 
f 1759/2320/1481 1758/2319/1480 1756/2317/1478 
f 1759/2320/1481 1754/2315/1476 1760/2321/1482 
f 1754/2315/1476 1757/2318/1479 1760/2321/1482 
f 1584/2073/1306 1758/2319/1480 1761/2322/1483 
f 1584/2073/1306 1761/2322/1483 1586/2077/1308 
f 1758/2319/1480 1759/2320/1481 1762/2323/1484 
f 1762/2323/1484 1761/2322/1483 1758/2319/1480 
f 1759/2320/1481 1760/2321/1482 334/2324/152 
f 334/2324/152 1762/2323/1484 1759/2320/1481 
f 1760/2321/1482 331/2325/149 334/2324/152 
f 1760/2321/1482 1757/2318/1479 331/2325/149 
f 1762/2323/1484 334/2324/152 822/2326/531 
f 331/2325/149 1757/2318/1479 329/2327/147 
f 327/2328/145 329/2327/147 1757/2318/1479 
f 1755/2316/1477 327/2328/145 1757/2318/1479 
f 822/2326/531 1763/2329/1485 1762/2323/1484 
f 1761/2322/1483 1762/2323/1484 1763/2329/1485 
f 1763/2329/1485 822/2326/531 820/2330/529 
f 327/2328/145 1755/2316/1477 1764/2331/1486 
f 327/2328/145 1764/2331/1486 832/2332/541 
f 1755/2316/1477 1753/2314/1475 1764/2331/1486 
f 1764/2331/1486 830/2333/539 832/2332/541 
f 830/2333/539 1764/2331/1486 1765/2334/1487 
f 1753/2314/1475 1765/2334/1487 1764/2331/1486 
f 1765/2334/1487 828/2335/537 830/2333/539 
f 1765/2334/1487 1753/2314/1475 1766/2336/1488 
f 1749/2310/1471 1766/2336/1488 1753/2314/1475 
f 1766/2336/1488 1749/2310/1471 1747/2308/1469 
f 828/2335/537 1765/2334/1487 1767/2337/1489 
f 1766/2336/1488 1767/2337/1489 1765/2334/1487 
f 828/2335/537 1767/2337/1489 1768/2338/1490 
f 1768/2338/1490 826/2339/535 828/2335/537 
f 1767/2337/1489 1766/2336/1488 1769/2340/1491 
f 1768/2338/1490 1770/2341/1492 826/2339/535 
f 826/2339/535 1770/2341/1492 824/2342/533 
f 1770/2341/1492 817/2343/526 824/2342/533 
f 1767/2337/1489 1771/2344/1493 1768/2338/1490 
f 1771/2344/1493 1767/2337/1489 1769/2340/1491 
f 1768/2338/1490 1772/2345/1494 1770/2341/1492 
f 1771/2344/1493 1772/2345/1494 1768/2338/1490 
f 1770/2341/1492 1773/2346/1495 817/2343/526 
f 1772/2345/1494 1773/2346/1495 1770/2341/1492 
f 1773/2346/1495 820/2330/529 817/2343/526 
f 820/2330/529 1773/2346/1495 1763/2329/1485 
f 1773/2346/1495 1761/2322/1483 1763/2329/1485 
f 1761/2322/1483 1773/2346/1495 1774/2347/1496 
f 1774/2347/1496 1586/2077/1308 1761/2322/1483 
f 1773/2346/1495 1772/2345/1494 1775/2348/1497 
f 1773/2346/1495 1775/2348/1497 1774/2347/1496 
f 1586/2077/1308 1774/2347/1496 1776/2349/1498 
f 1586/2077/1308 1776/2349/1498 1592/2085/1314 
f 1775/2348/1497 1777/2350/1499 1774/2347/1496 
f 1774/2347/1496 1777/2350/1499 1776/2349/1498 
f 1775/2348/1497 1772/2345/1494 1778/2351/1500 
f 1777/2350/1499 1779/2350/1501 1776/2349/1498 
f 1777/2350/1499 1775/2348/1497 1780/2352/1502 
f 1780/2352/1502 1779/2350/1501 1777/2350/1499 
f 1778/2351/1500 1780/2352/1502 1775/2348/1497 
f 1781/2353/1503 1776/2349/1498 1779/2350/1501 
f 1780/2352/1502 1781/2353/1503 1779/2350/1501 
f 1776/2349/1498 1781/2353/1503 1592/2085/1314 
f 1772/2345/1494 1782/2354/1504 1778/2351/1500 
f 1782/2354/1504 1772/2345/1494 1771/2344/1493 
f 1783/2355/1505 1592/2085/1314 1781/2353/1503 
f 1592/2085/1314 1783/2355/1505 1588/2080/1310 
f 1771/2344/1493 1784/2356/1506 1782/2354/1504 
f 1784/2356/1506 1771/2344/1493 1769/2340/1491 
f 1785/2357/1507 1588/2080/1310 1783/2355/1505 
f 1591/2084/1313 1588/2080/1310 1785/2357/1507 
f 1597/2092/1319 1591/2084/1313 1785/2357/1507 
f 1785/2357/1507 1783/2355/1505 1786/2358/1508 
f 1785/2357/1507 1787/2359/1509 1597/2092/1319 
f 1787/2359/1509 1785/2357/1507 1786/2358/1508 
f 1787/2359/1509 1788/2360/1510 1597/2092/1319 
f 1788/2360/1510 1596/2091/1318 1597/2092/1319 
f 1599/2095/1321 1596/2091/1318 1788/2360/1510 
f 1787/2359/1509 1786/2358/1508 809/2361/518 
f 1599/2095/1321 1788/2360/1510 1789/2362/1511 
f 1789/2362/1511 1605/2103/1327 1599/2095/1321 
f 1788/2360/1510 1787/2359/1509 1790/2363/1512 
f 1790/2363/1512 1787/2359/1509 809/2361/518 
f 833/2364/542 809/2361/518 1786/2358/1508 
f 809/2361/518 808/2365/517 1790/2363/1512 
f 1786/2358/1508 835/2366/544 833/2364/542 
f 806/2367/515 1790/2363/1512 808/2365/517 
f 835/2366/544 1786/2358/1508 1791/2368/1513 
f 1786/2358/1508 1783/2355/1505 1791/2368/1513 
f 1781/2353/1503 1791/2368/1513 1783/2355/1505 
f 1791/2368/1513 813/2369/522 835/2366/544 
f 1791/2368/1513 1781/2353/1503 1792/2370/1514 
f 1791/2368/1513 1792/2370/1514 813/2369/522 
f 1780/2352/1502 1792/2370/1514 1781/2353/1503 
f 1792/2370/1514 1793/2371/1515 813/2369/522 
f 1780/2352/1502 1793/2371/1515 1792/2370/1514 
f 1793/2371/1515 811/2372/520 813/2369/522 
f 1793/2371/1515 1780/2352/1502 1778/2351/1500 
f 1793/2371/1515 1794/2373/1516 811/2372/520 
f 1778/2351/1500 1794/2373/1516 1793/2371/1515 
f 811/2372/520 1794/2373/1516 815/2374/524 
f 1794/2373/1516 1778/2351/1500 1782/2354/1504 
f 1795/2375/1517 815/2374/524 1794/2373/1516 
f 1782/2354/1504 1795/2375/1517 1794/2373/1516 
f 815/2374/524 1795/2375/1517 320/2376/138 
f 1795/2375/1517 1782/2354/1504 1784/2356/1506 
f 1796/2377/1518 320/2376/138 1795/2375/1517 
f 322/2378/140 320/2376/138 1796/2377/1518 
f 1796/2377/1518 324/2379/142 322/2378/140 
f 1795/2375/1517 1797/2380/1519 1796/2377/1518 
f 1797/2380/1519 1795/2375/1517 1784/2356/1506 
f 324/2379/142 1796/2377/1518 1798/2381/1520 
f 1797/2380/1519 1798/2381/1520 1796/2377/1518 
f 324/2379/142 1798/2381/1520 325/2382/143 
f 1784/2356/1506 1799/2383/1521 1797/2380/1519 
f 325/2382/143 1798/2381/1520 1800/2384/1522 
f 1798/2381/1520 1797/2380/1519 1801/2385/1523 
f 1801/2385/1523 1800/2384/1522 1798/2381/1520 
f 1797/2380/1519 1802/2386/1524 1801/2385/1523 
f 1802/2386/1524 1797/2380/1519 1799/2383/1521 
f 325/2382/143 1800/2384/1522 1803/2387/1525 
f 325/2382/143 1803/2387/1525 806/2367/515 
f 1803/2387/1525 1790/2363/1512 806/2367/515 
f 1803/2387/1525 1788/2360/1510 1790/2363/1512 
f 1789/2362/1511 1788/2360/1510 1803/2387/1525 
f 1800/2384/1522 1789/2362/1511 1803/2387/1525 
f 1789/2362/1511 1800/2384/1522 1804/2388/1526 
f 1800/2384/1522 1801/2385/1523 1804/2388/1526 
f 1804/2388/1526 1605/2103/1327 1789/2362/1511 
f 1804/2388/1526 1610/2111/1332 1605/2103/1327 
f 1805/2389/1527 1804/2388/1526 1801/2385/1523 
f 1610/2111/1332 1804/2388/1526 1805/2389/1527 
f 1805/2389/1527 1801/2385/1523 1802/2386/1524 
f 1610/2111/1332 1805/2389/1527 1612/2114/1334 
f 1802/2386/1524 1806/2390/1528 1805/2389/1527 
f 1612/2114/1334 1805/2389/1527 1807/2391/1529 
f 1806/2390/1528 1807/2391/1529 1805/2389/1527 
f 1808/2392/1530 1612/2114/1334 1807/2391/1529 
f 1612/2114/1334 1808/2392/1530 1614/2118/1336 
f 1806/2390/1528 1802/2386/1524 1809/2393/1531 
f 1802/2386/1524 1799/2383/1521 1809/2393/1531 
f 1807/2391/1529 1806/2390/1528 1810/2394/1532 
f 1806/2390/1528 1809/2393/1531 801/2395/510 
f 1810/2394/1532 1806/2390/1528 801/2395/510 
f 799/2396/508 801/2395/510 1809/2393/1531 
f 801/2395/510 1811/2397/1533 1810/2394/1532 
f 1809/2393/1531 803/2398/512 799/2396/508 
f 1812/2399/1534 1810/2394/1532 1811/2397/1533 
f 803/2398/512 1809/2393/1531 1813/2400/1535 
f 1809/2393/1531 1799/2383/1521 1813/2400/1535 
f 1813/2400/1535 783/2401/492 803/2398/512 
f 1814/2402/1536 1810/2394/1532 1812/2399/1534 
f 1814/2402/1536 1807/2391/1529 1810/2394/1532 
f 1808/2392/1530 1807/2391/1529 1814/2402/1536 
f 1815/2403/1537 1814/2402/1536 1812/2399/1534 
f 1813/2400/1535 1816/2404/1538 783/2401/492 
f 1799/2383/1521 1816/2404/1538 1813/2400/1535 
f 1815/2403/1537 1817/2405/1539 1814/2402/1536 
f 1817/2405/1539 1808/2392/1530 1814/2402/1536 
f 1816/2404/1538 1799/2383/1521 1818/2406/1540 
f 1799/2383/1521 1784/2356/1506 1818/2406/1540 
f 1769/2340/1491 1818/2406/1540 1784/2356/1506 
f 1816/2404/1538 1819/2407/1541 783/2401/492 
f 1819/2407/1541 781/2408/490 783/2401/492 
f 1820/2409/1542 1816/2404/1538 1818/2406/1540 
f 1816/2404/1538 1820/2409/1542 1819/2407/1541 
f 1769/2340/1491 1821/2410/1543 1818/2406/1540 
f 1821/2410/1543 1820/2409/1542 1818/2406/1540 
f 1821/2410/1543 1769/2340/1491 1766/2336/1488 
f 1821/2410/1543 1766/2336/1488 1747/2308/1469 
f 1747/2308/1469 1742/2301/1464 1821/2410/1543 
f 1742/2301/1464 1743/2303/1465 1821/2410/1543 
f 1820/2409/1542 1821/2410/1543 1743/2303/1465 
f 1743/2303/1465 1745/2305/1467 1820/2409/1542 
f 1820/2409/1542 1822/2411/1544 1819/2407/1541 
f 1819/2407/1541 1822/2411/1544 781/2408/490 
f 1822/2411/1544 1820/2409/1542 1745/2305/1467 
f 781/2408/490 1822/2411/1544 785/2412/494 
f 1823/2413/1545 785/2412/494 1822/2411/1544 
f 1745/2305/1467 1823/2413/1545 1822/2411/1544 
f 785/2412/494 1823/2413/1545 788/2414/497 
f 1823/2413/1545 1745/2305/1467 1824/2415/1546 
f 1740/2299/1462 1824/2415/1546 1745/2305/1467 
f 1824/2415/1546 1740/2299/1462 1741/2300/1463 
f 1825/2416/1547 788/2414/497 1823/2413/1545 
f 1826/2417/1548 788/2414/497 1825/2416/1547 
f 1825/2416/1547 1827/2418/1549 1826/2417/1548 
f 1828/2419/1550 1823/2413/1545 1824/2415/1546 
f 1823/2413/1545 1828/2419/1550 1825/2416/1547 
f 1827/2418/1549 1825/2416/1547 1829/2420/1551 
f 1828/2419/1550 1829/2420/1551 1825/2416/1547 
f 1827/2418/1549 1829/2420/1551 1815/2403/1537 
f 1815/2403/1537 1829/2420/1551 1817/2405/1539 
f 1829/2420/1551 1828/2419/1550 1830/2421/1552 
f 1830/2421/1552 1817/2405/1539 1829/2420/1551 
f 1824/2415/1546 1831/2422/1553 1828/2419/1550 
f 1831/2422/1553 1824/2415/1546 1741/2300/1463 
f 1817/2405/1539 1830/2421/1552 1832/2423/1554 
f 1808/2392/1530 1817/2405/1539 1832/2423/1554 
f 1830/2421/1552 1833/2424/1555 1832/2423/1554 
f 1833/2424/1555 1808/2392/1530 1832/2423/1554 
f 1828/2419/1550 1834/2425/1556 1830/2421/1552 
f 1833/2424/1555 1830/2421/1552 1834/2425/1556 
f 1834/2425/1556 1828/2419/1550 1831/2422/1553 
f 1835/2426/1557 1808/2392/1530 1833/2424/1555 
f 1614/2118/1336 1808/2392/1530 1835/2426/1557 
f 1617/2122/1339 1614/2118/1336 1835/2426/1557 
f 1834/2425/1556 1836/2427/1558 1833/2424/1555 
f 1836/2427/1558 1835/2426/1557 1833/2424/1555 
f 1617/2122/1339 1835/2426/1557 1837/2428/1559 
f 1691/2228/1413 1617/2122/1339 1837/2428/1559 
f 1835/2426/1557 1836/2427/1558 1838/2429/1560 
f 1837/2428/1559 1835/2426/1557 1838/2429/1560 
f 1837/2428/1559 1839/2430/1561 1691/2228/1413 
f 1839/2430/1561 1695/2232/1417 1691/2228/1413 
f 1837/2428/1559 1838/2429/1560 1840/2431/1562 
f 1839/2430/1561 1837/2428/1559 1840/2431/1562 
f 1836/2427/1558 723/2432/432 1838/2429/1560 
f 1695/2232/1417 1839/2430/1561 1841/2433/1563 
f 723/2432/432 722/2434/431 1838/2429/1560 
f 722/2434/431 1840/2431/1562 1838/2429/1560 
f 1840/2431/1562 722/2434/431 720/2435/429 
f 309/2436/127 1840/2431/1562 720/2435/429 
f 309/2436/127 1839/2430/1561 1840/2431/1562 
f 309/2436/127 1841/2433/1563 1839/2430/1561 
f 308/2437/126 1841/2433/1563 309/2436/127 
f 1841/2433/1563 1699/2236/1421 1695/2232/1417 
f 308/2437/126 1842/2438/1564 1841/2433/1563 
f 1699/2236/1421 1841/2433/1563 1842/2438/1564 
f 1842/2438/1564 308/2437/126 306/2439/124 
f 306/2439/124 304/2440/122 1842/2438/1564 
f 1843/2441/1565 1699/2236/1421 1842/2438/1564 
f 1842/2438/1564 304/2440/122 1843/2441/1565 
f 1699/2236/1421 1843/2441/1565 1697/2234/1419 
f 733/2442/442 1843/2441/1565 304/2440/122 
f 1843/2441/1565 1844/2443/1566 1697/2234/1419 
f 1844/2443/1566 1712/2250/1434 1697/2234/1419 
f 1843/2441/1565 733/2442/442 1845/2444/1567 
f 1844/2443/1566 1843/2441/1565 1845/2444/1567 
f 731/2445/440 1845/2444/1567 733/2442/442 
f 1712/2250/1434 1844/2443/1566 1846/2446/1568 
f 1846/2446/1568 1714/2252/1436 1712/2250/1434 
f 1714/2252/1436 1846/2446/1568 1715/2257/1437 
f 1847/2447/1569 1845/2444/1567 731/2445/440 
f 1847/2447/1569 731/2445/440 730/2448/439 
f 1845/2444/1567 1848/2449/1570 1844/2443/1566 
f 1848/2449/1570 1845/2444/1567 1847/2447/1569 
f 1844/2443/1566 1849/2450/1571 1846/2446/1568 
f 1849/2450/1571 1844/2443/1566 1848/2449/1570 
f 1846/2446/1568 1849/2450/1571 1715/2257/1437 
f 1850/2451/1572 1848/2449/1570 1847/2447/1569 
f 1850/2451/1572 1847/2447/1569 730/2448/439 
f 1848/2449/1570 1738/2296/1460 1849/2450/1571 
f 1851/2452/1573 1850/2451/1572 730/2448/439 
f 1851/2452/1573 730/2448/439 727/2453/436 
f 1848/2449/1570 1850/2451/1572 1852/2454/1574 
f 1738/2296/1460 1848/2449/1570 1852/2454/1574 
f 1852/2454/1574 1741/2300/1463 1738/2296/1460 
f 1741/2300/1463 1852/2454/1574 1831/2422/1553 
f 1850/2451/1572 1831/2422/1553 1852/2454/1574 
f 1831/2422/1553 1850/2451/1572 1851/2452/1573 
f 1725/2273/1447 1849/2450/1571 1738/2296/1460 
f 1851/2452/1573 1834/2425/1556 1831/2422/1553 
f 1849/2450/1571 1725/2273/1447 1853/2455/1575 
f 1715/2257/1437 1849/2450/1571 1853/2455/1575 
f 1853/2455/1575 1725/2273/1447 741/2274/450 
f 1715/2257/1437 1853/2455/1575 735/2259/444 
f 741/2274/450 739/2456/448 1853/2455/1575 
f 735/2259/444 1853/2455/1575 739/2456/448 
f 1834/2425/1556 1851/2452/1573 1854/2457/1576 
f 727/2453/436 1854/2457/1576 1851/2452/1573 
f 1836/2427/1558 1834/2425/1556 1854/2457/1576 
f 1854/2457/1576 727/2453/436 725/2458/434 
f 1836/2427/1558 1854/2457/1576 723/2432/432 
f 725/2458/434 723/2432/432 1854/2457/1576 
f 1855/2459/1577 1856/2460/1578 1857/2461/1579 
f 1856/2460/1578 1855/2459/1577 1858/2462/1580 
f 1859/2463/1581 1858/2462/1580 1855/2459/1577 
f 1856/2460/1578 1860/2464/239 1861/2465/240 
f 1858/2462/1580 1860/2464/239 1856/2460/1578 
f 1858/2462/1580 1859/2463/1581 1862/2466/1582 
f 1862/2466/1582 1860/2464/239 1858/2462/1580 
f 1863/2467/1583 1862/2466/1582 1859/2463/1581 
f 1860/2464/239 1862/2466/1582 1864/2468/238 
f 1865/2469/1584 1864/2468/238 1862/2466/1582 
f 1862/2466/1582 1863/2467/1583 1865/2469/1584 
f 1864/2468/238 1865/2469/1584 1866/2470/1585 
f 1866/2470/1585 1865/2469/1584 1867/2471/235 
f 1863/2467/1583 1868/2472/1586 1865/2469/1584 
f 1865/2469/1584 1868/2472/1586 1867/2471/235 
f 1868/2472/1586 1863/2467/1583 1869/2473/1587 
f 1867/2471/235 1868/2472/1586 1870/2474/233 
f 1869/2473/1587 1871/2475/1588 1868/2472/1586 
f 1868/2472/1586 1871/2475/1588 1870/2474/233 
f 1871/2475/1588 1869/2473/1587 1872/2476/1589 
f 1871/2475/1588 1873/2477/1590 1870/2474/233 
f 1872/2476/1589 1874/2478/1591 1871/2475/1588 
f 1873/2477/1590 1871/2475/1588 1874/2478/1591 
f 1874/2478/1591 1872/2476/1589 1875/2479/1592 
f 1874/2478/1591 1876/2480/231 1873/2477/1590 
f 1875/2479/1592 1877/2481/1593 1874/2478/1591 
f 1876/2480/231 1874/2478/1591 1877/2481/1593 
f 1877/2481/1593 1875/2479/1592 1878/2482/1594 
f 1879/2483/1595 1877/2481/1593 1878/2482/1594 
f 1880/2484/1596 1876/2480/231 1877/2481/1593 
f 1877/2481/1593 1879/2483/1595 1880/2484/1596 
f 1876/2480/231 1880/2484/1596 1881/2485/229 
f 1882/2486/1597 1880/2484/1596 1879/2483/1595 
f 1883/2487/1598 1881/2485/229 1880/2484/1596 
f 1880/2484/1596 1882/2486/1597 1883/2487/1598 
f 1881/2485/229 1883/2487/1598 1884/2488/228 
f 1884/2488/228 1883/2487/1598 1885/2489/226 
f 1882/2486/1597 1886/2490/1599 1883/2487/1598 
f 1883/2487/1598 1886/2490/1599 1885/2489/226 
f 1886/2490/1599 1882/2486/1597 1887/2491/1600 
f 1885/2489/226 1886/2490/1599 1888/2492/224 
f 1887/2491/1600 1889/2493/1601 1886/2490/1599 
f 1886/2490/1599 1889/2493/1601 1888/2492/224 
f 1889/2493/1601 1887/2491/1600 1890/2494/1602 
f 1890/2494/1602 1891/2495/1603 1889/2493/1601 
f 1892/2496/1604 1888/2492/224 1889/2493/1601 
f 1889/2493/1601 1891/2495/1603 1892/2496/1604 
f 1888/2492/224 1892/2496/1604 1893/2497/1605 
f 1891/2495/1603 1894/2498/1606 1892/2496/1604 
f 1895/2499/1607 1893/2497/1605 1892/2496/1604 
f 1892/2496/1604 1894/2498/1606 1895/2499/1607 
f 1893/2497/1605 1895/2499/1607 1896/2500/1608 
f 1894/2498/1606 1897/2501/1609 1895/2499/1607 
f 1897/2501/1609 1896/2500/1608 1895/2499/1607 
f 1897/2501/1609 1894/2498/1606 1898/2502/1610 
f 1896/2500/1608 1897/2501/1609 1899/2503/216 
f 1898/2502/1610 1900/2504/1611 1897/2501/1609 
f 1900/2504/1611 1899/2503/216 1897/2501/1609 
f 1900/2504/1611 1898/2502/1610 1901/2505/1612 
f 1899/2503/216 1900/2504/1611 1902/2506/217 
f 1901/2505/1612 1857/2507/1579 1900/2504/1611 
f 1900/2504/1611 1861/2508/240 1902/2506/217 
f 1856/2509/1578 1900/2504/1611 1857/2507/1579 
f 1856/2509/1578 1861/2508/240 1900/2504/1611 
f 1903/2510/216 1904/2511/1611 1905/2512/217 
f 1904/2511/1611 1906/2513/1610 1907/2514/1613 
f 1904/2511/1611 1903/2510/216 1908/2515/1609 
f 1906/2513/1610 1904/2511/1611 1908/2515/1609 
f 1909/2516/1608 1908/2515/1609 1903/2510/216 
f 1908/2515/1609 1910/2517/1606 1906/2513/1610 
f 1908/2515/1609 1909/2516/1608 1911/2518/1607 
f 1910/2517/1606 1908/2515/1609 1911/2518/1607 
f 1912/2519/1605 1911/2518/1607 1909/2516/1608 
f 1913/2520/1604 1910/2517/1606 1911/2518/1607 
f 1911/2518/1607 1912/2519/1605 1913/2520/1604 
f 1914/2521/1603 1910/2517/1606 1913/2520/1604 
f 1915/2522/224 1913/2520/1604 1912/2519/1605 
f 1916/2523/1601 1914/2521/1603 1913/2520/1604 
f 1913/2520/1604 1915/2522/224 1916/2523/1601 
f 1917/2524/1602 1914/2521/1603 1916/2523/1601 
f 1916/2523/1601 1918/2525/1600 1917/2524/1602 
f 1919/2526/1599 1916/2523/1601 1915/2522/224 
f 1918/2525/1600 1916/2523/1601 1919/2526/1599 
f 1920/2527/226 1919/2526/1599 1915/2522/224 
f 1919/2526/1599 1921/2528/1597 1918/2525/1600 
f 1922/2529/1598 1919/2526/1599 1920/2527/226 
f 1921/2528/1597 1919/2526/1599 1922/2529/1598 
f 1923/2530/228 1922/2529/1598 1920/2527/226 
f 1924/2531/229 1922/2529/1598 1923/2530/228 
f 1925/2532/1596 1921/2528/1597 1922/2529/1598 
f 1922/2529/1598 1924/2531/229 1925/2532/1596 
f 1921/2528/1597 1925/2532/1596 1926/2533/1595 
f 1927/2534/231 1925/2532/1596 1924/2531/229 
f 1928/2535/1593 1926/2533/1595 1925/2532/1596 
f 1925/2532/1596 1927/2534/231 1928/2535/1593 
f 1926/2533/1595 1928/2535/1593 1929/2536/1594 
f 1928/2535/1593 1930/2537/1592 1929/2536/1594 
f 1927/2534/231 1931/2538/1591 1928/2535/1593 
f 1930/2537/1592 1928/2535/1593 1931/2538/1591 
f 1931/2538/1591 1927/2534/231 1932/2539/1590 
f 1931/2538/1591 1933/2540/1589 1930/2537/1592 
f 1932/2539/1590 1934/2541/1588 1931/2538/1591 
f 1933/2540/1589 1931/2538/1591 1934/2541/1588 
f 1934/2541/1588 1932/2539/1590 1935/2542/233 
f 1934/2541/1588 1936/2543/1587 1933/2540/1589 
f 1937/2544/1586 1934/2541/1588 1935/2542/233 
f 1936/2543/1587 1934/2541/1588 1937/2544/1586 
f 1938/2545/235 1937/2544/1586 1935/2542/233 
f 1937/2544/1586 1939/2546/1583 1936/2543/1587 
f 1940/2547/1584 1937/2544/1586 1938/2545/235 
f 1939/2546/1583 1937/2544/1586 1940/2547/1584 
f 1941/2548/1585 1940/2547/1584 1938/2545/235 
f 1942/2549/238 1940/2547/1584 1941/2548/1585 
f 1943/2550/1582 1939/2546/1583 1940/2547/1584 
f 1940/2547/1584 1942/2549/238 1943/2550/1582 
f 1939/2546/1583 1943/2550/1582 1944/2551/1581 
f 1945/2552/239 1943/2550/1582 1942/2549/238 
f 1946/2553/1580 1944/2551/1581 1943/2550/1582 
f 1943/2550/1582 1945/2552/239 1946/2553/1580 
f 1944/2551/1581 1946/2553/1580 1947/2554/1577 
f 1946/2553/1580 1945/2552/239 1948/2555/1578 
f 1948/2555/1578 1947/2554/1577 1946/2553/1580 
f 1948/2555/1578 1945/2552/239 1949/2556/240 
f 1947/2554/1577 1948/2555/1578 1950/2557/1614 
f 1948/2555/1578 1949/2556/240 1904/2558/1611 
f 1948/2555/1578 1904/2558/1611 1950/2557/1614 
f 1904/2558/1611 1949/2556/240 1905/2559/217 
f 1907/2560/1613 1950/2557/1614 1904/2558/1611 
f 1951/2561/216 1952/2562/1611 1953/2563/217 
f 1952/2562/1611 1954/2564/1610 1955/2565/1613 
f 1952/2562/1611 1951/2561/216 1956/2566/1609 
f 1954/2564/1610 1952/2562/1611 1956/2566/1609 
f 1957/2567/1608 1956/2566/1609 1951/2561/216 
f 1956/2566/1609 1958/2568/1606 1954/2564/1610 
f 1956/2566/1609 1957/2567/1608 1959/2569/1607 
f 1958/2568/1606 1956/2566/1609 1959/2569/1607 
f 1960/2570/1605 1959/2569/1607 1957/2567/1608 
f 1961/2571/1604 1958/2568/1606 1959/2569/1607 
f 1959/2569/1607 1960/2570/1605 1961/2571/1604 
f 1962/2572/1603 1958/2568/1606 1961/2571/1604 
f 1963/2573/224 1961/2571/1604 1960/2570/1605 
f 1964/2574/1601 1962/2572/1603 1961/2571/1604 
f 1961/2571/1604 1963/2573/224 1964/2574/1601 
f 1965/2575/1602 1962/2572/1603 1964/2574/1601 
f 1964/2574/1601 1966/2576/1600 1965/2575/1602 
f 1967/2577/1599 1964/2574/1601 1963/2573/224 
f 1966/2576/1600 1964/2574/1601 1967/2577/1599 
f 1968/2578/226 1967/2577/1599 1963/2573/224 
f 1967/2577/1599 1969/2579/1597 1966/2576/1600 
f 1970/2580/1598 1967/2577/1599 1968/2578/226 
f 1969/2579/1597 1967/2577/1599 1970/2580/1598 
f 1971/2581/228 1970/2580/1598 1968/2578/226 
f 1972/2582/229 1970/2580/1598 1971/2581/228 
f 1973/2583/1596 1969/2579/1597 1970/2580/1598 
f 1970/2580/1598 1972/2582/229 1973/2583/1596 
f 1969/2579/1597 1973/2583/1596 1974/2584/1595 
f 1975/2585/231 1973/2583/1596 1972/2582/229 
f 1976/2586/1593 1974/2584/1595 1973/2583/1596 
f 1973/2583/1596 1975/2585/231 1976/2586/1593 
f 1974/2584/1595 1976/2586/1593 1977/2587/1594 
f 1976/2586/1593 1978/2588/1592 1977/2587/1594 
f 1975/2585/231 1979/2589/1591 1976/2586/1593 
f 1978/2588/1592 1976/2586/1593 1979/2589/1591 
f 1979/2589/1591 1975/2585/231 1980/2590/1590 
f 1979/2589/1591 1981/2591/1589 1978/2588/1592 
f 1980/2590/1590 1982/2592/1588 1979/2589/1591 
f 1981/2591/1589 1979/2589/1591 1982/2592/1588 
f 1982/2592/1588 1980/2590/1590 1983/2593/233 
f 1982/2592/1588 1984/2594/1587 1981/2591/1589 
f 1985/2595/1586 1982/2592/1588 1983/2593/233 
f 1984/2594/1587 1982/2592/1588 1985/2595/1586 
f 1986/2596/235 1985/2595/1586 1983/2593/233 
f 1985/2595/1586 1987/2597/1583 1984/2594/1587 
f 1988/2598/1584 1985/2595/1586 1986/2596/235 
f 1987/2597/1583 1985/2595/1586 1988/2598/1584 
f 1989/2599/1585 1988/2598/1584 1986/2596/235 
f 1990/2600/238 1988/2598/1584 1989/2599/1585 
f 1991/2601/1582 1987/2597/1583 1988/2598/1584 
f 1988/2598/1584 1990/2600/238 1991/2601/1582 
f 1987/2597/1583 1991/2601/1582 1992/2602/1581 
f 1993/2603/239 1991/2601/1582 1990/2600/238 
f 1994/2604/1580 1992/2602/1581 1991/2601/1582 
f 1991/2601/1582 1993/2603/239 1994/2604/1580 
f 1992/2602/1581 1994/2604/1580 1995/2605/1577 
f 1994/2604/1580 1993/2603/239 1996/2606/1578 
f 1996/2606/1578 1995/2605/1577 1994/2604/1580 
f 1996/2606/1578 1993/2603/239 1997/2607/240 
f 1995/2605/1577 1996/2606/1578 1998/2608/1614 
f 1996/2606/1578 1997/2607/240 1952/2609/1611 
f 1996/2606/1578 1952/2609/1611 1998/2608/1614 
f 1952/2609/1611 1997/2607/240 1953/2610/217 
f 1955/2611/1613 1998/2608/1614 1952/2609/1611 
f 1999/2612/1615 2000/2613/1616 2001/2614/1617 
f 2000/2613/1616 2002/2615/1618 2003/2616/1619 
f 2000/2613/1616 1999/2612/1615 2004/2617/1620 
f 2002/2615/1618 2000/2613/1616 2004/2617/1620 
f 2005/2618/1621 2004/2617/1620 1999/2612/1615 
f 2004/2617/1620 2006/2619/1622 2002/2615/1618 
f 2004/2617/1620 2005/2618/1621 2007/2620/1623 
f 2006/2619/1622 2004/2617/1620 2007/2620/1623 
f 2008/2621/1624 2009/2622/1625 2010/2623/1626 
f 2009/2622/1625 2008/2621/1624 2011/2624/1627 
f 2012/2625/1628 2011/2624/1627 2008/2621/1624 
f 2011/2624/1627 2012/2625/1628 2013/2626/1629 
f 1043/2627/1627 2009/2622/1625 2011/2624/1627 
f 2013/2626/1629 1043/2627/1627 2011/2624/1627 
f 2009/2622/1625 1043/2627/1627 1045/2628/1630 
f 1043/2627/1627 2013/2626/1629 1048/2629/1631 
f 1247/2630/969 2014/2631/1632 1248/2632/970 
f 2014/2631/1632 1247/2630/969 1251/2633/973 
f 2014/2631/1632 2015/2634/1633 1248/2632/970 
f 2016/2635/1634 2014/2631/1632 1251/2633/973 
f 1251/2633/973 1255/2636/977 2016/2635/1634 
f 2015/2634/1633 2014/2631/1632 2017/2637/1635 
f 2016/2635/1634 2017/2637/1635 2014/2631/1632 
f 2017/2637/1635 2018/2638/1636 2015/2634/1633 
f 2019/2639/1637 2016/2635/1634 1255/2636/977 
f 1256/2640/978 2019/2639/1637 1255/2636/977 
f 1256/2640/978 2020/2641/1638 2019/2639/1637 
f 2020/2641/1638 2016/2635/1634 2019/2639/1637 
f 2020/2641/1638 1256/2640/978 2021/2642/1639 
f 2022/2643/1640 2020/2641/1638 2021/2642/1639 
f 2017/2637/1635 2016/2635/1634 2023/2644/1641 
f 2020/2641/1638 2023/2644/1641 2016/2635/1634 
f 2018/2638/1636 2017/2637/1635 2024/2645/1642 
f 2023/2644/1641 2024/2645/1642 2017/2637/1635 
f 2025/2646/1643 2020/2641/1638 2022/2643/1640 
f 2025/2646/1643 2023/2644/1641 2020/2641/1638 
f 2026/2647/1644 2018/2638/1636 2024/2645/1642 
f 2018/2638/1636 2026/2647/1644 2027/2648/1645 
f 2026/2647/1644 1231/2649/953 2027/2648/1645 
f 2024/2645/1642 2023/2644/1641 2028/2650/1646 
f 2028/2650/1646 2026/2647/1644 2024/2645/1642 
f 2023/2644/1641 2025/2646/1643 2028/2650/1646 
f 1231/2649/953 2026/2647/1644 2029/2651/1647 
f 1231/2649/953 2029/2651/1647 1229/2652/951 
f 1229/2652/951 2029/2651/1647 1234/2653/956 
f 2026/2647/1644 2028/2650/1646 2030/2654/1648 
f 2030/2654/1648 2029/2651/1647 2026/2647/1644 
f 2029/2651/1647 2031/2655/1649 1234/2653/956 
f 2029/2651/1647 2030/2654/1648 2031/2655/1649 
f 2031/2655/1649 1238/2656/960 1234/2653/956 
f 2032/2657/1650 2030/2654/1648 2028/2650/1646 
f 2032/2657/1650 2031/2655/1649 2030/2654/1648 
f 2032/2657/1650 2028/2650/1646 2025/2646/1643 
f 2022/2643/1640 2032/2657/1650 2025/2646/1643 
f 2032/2657/1650 2022/2643/1640 2033/2658/1651 
f 1239/2659/961 2032/2657/1650 2033/2658/1651 
f 1238/2656/960 2031/2655/1649 2034/2660/1652 
f 1238/2656/960 2034/2660/1652 1239/2659/961 
f 2031/2655/1649 2032/2657/1650 2034/2660/1652 
f 2034/2660/1652 2032/2657/1650 1239/2659/961 
f 2035/2661/1653 417/2662/1654 416/2663/1655 
f 414/2664/1655 2035/2661/1653 416/2663/1655 
f 417/2662/1654 2035/2661/1653 2036/2665/1656 
f 2036/2665/1656 419/2666/1655 417/2662/1654 
f 2035/2661/1653 414/2664/1655 2037/2667/1657 
f 412/2668/1658 2037/2667/1657 414/2664/1655 
f 2038/2669/1659 2036/2665/1656 2035/2661/1653 
f 2037/2667/1657 2038/2669/1659 2035/2661/1653 
f 419/2666/1655 2036/2665/1656 2039/2670/1660 
f 2039/2670/1660 422/2671/1655 419/2666/1655 
f 2037/2667/1657 412/2668/1658 2040/2672/1661 
f 410/2673/1655 2040/2672/1661 412/2668/1658 
f 2041/2674/1662 422/2671/1655 2039/2670/1660 
f 393/2675/1663 422/2671/1655 2041/2674/1662 
f 2042/2676/1664 2039/2670/1660 2036/2665/1656 
f 2036/2665/1656 2038/2669/1659 2042/2676/1664 
f 2043/2677/1665 2041/2674/1662 2039/2670/1660 
f 2039/2670/1660 2042/2676/1664 2043/2677/1665 
f 2044/2678/1666 393/2675/1663 2041/2674/1662 
f 1863/2679/1583 2042/2676/1664 2038/2669/1659 
f 2042/2676/1664 1863/2679/1583 1859/2680/1581 
f 1859/2680/1581 2043/2677/1665 2042/2676/1664 
f 2043/2677/1665 1859/2680/1581 1855/2681/1577 
f 1857/2682/1579 2043/2677/1665 1855/2681/1577 
f 2045/2683/1667 1863/2679/1583 2038/2669/1659 
f 2038/2669/1659 2037/2667/1657 2045/2683/1667 
f 2040/2672/1661 2045/2683/1667 2037/2667/1657 
f 1863/2679/1583 2045/2683/1667 1869/2684/1587 
f 2043/2677/1665 1857/2682/1579 2046/2685/1668 
f 2041/2674/1662 2043/2677/1665 2046/2685/1668 
f 2046/2685/1668 2044/2678/1666 2041/2674/1662 
f 1857/2682/1579 1901/2686/1612 2046/2685/1668 
f 2044/2678/1666 2046/2685/1668 2047/2687/1669 
f 2047/2687/1669 2046/2685/1668 1901/2686/1612 
f 2047/2687/1669 2048/2688/1670 2044/2678/1666 
f 2048/2688/1670 393/2675/1663 2044/2678/1666 
f 393/2675/1663 2048/2688/1670 391/2689/1655 
f 1901/2686/1612 2049/2690/1671 2047/2687/1669 
f 2048/2688/1670 2047/2687/1669 2049/2690/1671 
f 2049/2690/1671 1901/2686/1612 1898/2691/1610 
f 2050/2692/1672 391/2689/1655 2048/2688/1670 
f 2049/2690/1671 2050/2692/1672 2048/2688/1670 
f 391/2689/1655 2050/2692/1672 395/2693/1655 
f 1898/2691/1610 2051/2694/1673 2049/2690/1671 
f 2050/2692/1672 2049/2690/1671 2051/2694/1673 
f 2051/2694/1673 1898/2691/1610 1894/2695/1606 
f 2052/2696/1674 395/2693/1655 2050/2692/1672 
f 395/2693/1655 2052/2696/1674 397/2697/1654 
f 2051/2694/1673 2053/2698/1675 2050/2692/1672 
f 1894/2695/1606 2053/2698/1675 2051/2694/1673 
f 2050/2692/1672 2053/2698/1675 2052/2696/1674 
f 2053/2698/1675 1894/2695/1606 1891/2699/1603 
f 2054/2700/1676 397/2697/1654 2052/2696/1674 
f 397/2697/1654 2054/2700/1676 399/2701/1655 
f 2054/2700/1676 402/2702/1655 399/2701/1655 
f 2053/2698/1675 2055/2703/1677 2052/2696/1674 
f 1891/2699/1603 2055/2703/1677 2053/2698/1675 
f 2055/2703/1677 2054/2700/1676 2052/2696/1674 
f 2055/2703/1677 1891/2699/1603 1890/2704/1602 
f 1890/2704/1602 1887/2705/1600 2055/2703/1677 
f 2056/2706/1678 402/2702/1655 2054/2700/1676 
f 2055/2703/1677 2056/2706/1678 2054/2700/1676 
f 402/2702/1655 2056/2706/1678 404/2707/1663 
f 2057/2708/1679 2055/2703/1677 1887/2705/1600 
f 2056/2706/1678 2055/2703/1677 2057/2708/1679 
f 1882/2709/1597 2057/2708/1679 1887/2705/1600 
f 2058/2710/1680 404/2707/1663 2056/2706/1678 
f 2057/2708/1679 2058/2710/1680 2056/2706/1678 
f 404/2707/1663 2058/2710/1680 405/2711/1655 
f 2057/2708/1679 1882/2709/1597 2059/2712/1681 
f 2058/2710/1680 2057/2708/1679 2059/2712/1681 
f 1879/2713/1595 2059/2712/1681 1882/2709/1597 
f 405/2711/1655 2058/2710/1680 2060/2714/1682 
f 2059/2712/1681 1879/2713/1595 2061/2715/1683 
f 2061/2715/1683 2058/2710/1680 2059/2712/1681 
f 2058/2710/1680 2061/2715/1683 2060/2714/1682 
f 1878/2716/1594 2061/2715/1683 1879/2713/1595 
f 2060/2714/1682 407/2717/1655 405/2711/1655 
f 2061/2715/1683 1878/2716/1594 2062/2718/1684 
f 2062/2718/1684 2060/2714/1682 2061/2715/1683 
f 407/2717/1655 2060/2714/1682 2063/2719/1685 
f 2060/2714/1682 2062/2718/1684 2063/2719/1685 
f 1878/2716/1594 2064/2720/1686 2062/2718/1684 
f 2062/2718/1684 2064/2720/1686 2063/2719/1685 
f 2064/2720/1686 1878/2716/1594 1875/2721/1592 
f 1875/2721/1592 1872/2722/1589 2064/2720/1686 
f 2065/2723/1687 407/2717/1655 2063/2719/1685 
f 2064/2720/1686 2065/2723/1687 2063/2719/1685 
f 407/2717/1655 2065/2723/1687 410/2673/1655 
f 2040/2672/1661 410/2673/1655 2065/2723/1687 
f 1872/2722/1589 2066/2724/1688 2064/2720/1686 
f 2064/2720/1686 2066/2724/1688 2065/2723/1687 
f 2040/2672/1661 2065/2723/1687 2066/2724/1688 
f 1872/2722/1589 1869/2684/1587 2066/2724/1688 
f 2066/2724/1688 2045/2683/1667 2040/2672/1661 
f 2045/2683/1667 2066/2724/1688 1869/2684/1587 
f 433/2725/251 2067/2726/1689 446/2727/264 
f 2067/2726/1689 444/2728/262 446/2727/264 
f 2068/2729/1690 2067/2726/1689 433/2725/251 
f 433/2725/251 434/2730/252 2068/2729/1690 
f 444/2728/262 2067/2726/1689 2069/2731/1691 
f 2070/2732/1692 2068/2729/1690 434/2730/252 
f 2068/2729/1690 2071/2733/1693 2067/2726/1689 
f 2071/2733/1693 2069/2731/1691 2067/2726/1689 
f 2068/2729/1690 2070/2732/1692 2072/2734/1694 
f 2072/2734/1694 2071/2733/1693 2068/2729/1690 
f 434/2730/252 2073/2735/1695 2070/2732/1692 
f 2073/2735/1695 434/2730/252 436/2736/254 
f 2074/2737/1696 2072/2734/1694 2070/2732/1692 
f 2070/2732/1692 2073/2735/1695 2074/2737/1696 
f 2075/2738/1697 2071/2733/1693 2072/2734/1694 
f 2075/2738/1697 2072/2734/1694 2074/2737/1696 
f 436/2736/254 2076/2739/1698 2073/2735/1695 
f 2076/2739/1698 436/2736/254 437/2740/255 
f 2074/2737/1696 2073/2735/1695 2077/2741/1699 
f 2073/2735/1695 2076/2739/1698 2077/2741/1699 
f 2078/2742/1700 2074/2737/1696 2077/2741/1699 
f 2078/2742/1700 2075/2738/1697 2074/2737/1696 
f 2079/2743/1701 2077/2741/1699 2076/2739/1698 
f 2079/2743/1701 2078/2742/1700 2077/2741/1699 
f 437/2740/255 2080/2744/1702 2076/2739/1698 
f 2076/2739/1698 2080/2744/1702 2079/2743/1701 
f 2080/2744/1702 437/2740/255 441/2745/259 
f 2078/2742/1700 2079/2743/1701 2081/2746/1703 
f 2082/2747/1704 2079/2743/1701 2080/2744/1702 
f 2081/2746/1703 2079/2743/1701 2082/2747/1704 
f 441/2745/259 2083/2748/1705 2080/2744/1702 
f 2083/2748/1705 2082/2747/1704 2080/2744/1702 
f 2083/2748/1705 441/2745/259 439/2749/257 
f 2083/2748/1705 439/2749/257 425/2750/243 
f 2082/2747/1704 2084/2751/1706 2081/2746/1703 
f 2084/2751/1706 2082/2747/1704 2083/2748/1705 
f 2078/2742/1700 2081/2746/1703 2085/2752/1707 
f 2075/2738/1697 2078/2742/1700 2085/2752/1707 
f 2081/2746/1703 2084/2751/1706 2086/2753/1708 
f 2081/2746/1703 2086/2753/1708 2085/2752/1707 
f 2083/2748/1705 2087/2754/1709 2084/2751/1706 
f 2086/2753/1708 2084/2751/1706 2087/2754/1709 
f 2088/2755/1710 2083/2748/1705 425/2750/243 
f 2087/2754/1709 2083/2748/1705 2088/2755/1710 
f 425/2750/243 426/2756/244 2088/2755/1710 
f 2087/2754/1709 2089/2757/1711 2086/2753/1708 
f 2086/2753/1708 2089/2757/1711 2085/2752/1707 
f 2088/2755/1710 2090/2758/1712 2087/2754/1709 
f 2089/2757/1711 2087/2754/1709 2090/2758/1712 
f 2091/2759/1713 2088/2755/1710 426/2756/244 
f 2090/2758/1712 2088/2755/1710 2091/2759/1713 
f 426/2756/244 428/2760/246 2091/2759/1713 
f 2089/2757/1711 2090/2758/1712 2092/2761/1714 
f 2091/2759/1713 2092/2761/1714 2090/2758/1712 
f 2089/2757/1711 2093/2762/1715 2085/2752/1707 
f 2092/2761/1714 2093/2762/1715 2089/2757/1711 
f 2093/2762/1715 2075/2738/1697 2085/2752/1707 
f 2093/2762/1715 2071/2733/1693 2075/2738/1697 
f 2092/2761/1714 2091/2759/1713 2094/2763/1716 
f 2094/2763/1716 2091/2759/1713 428/2760/246 
f 2071/2733/1693 2093/2762/1715 2095/2764/1717 
f 2069/2731/1691 2071/2733/1693 2095/2764/1717 
f 2093/2762/1715 2092/2761/1714 2096/2765/1718 
f 2093/2762/1715 2096/2765/1718 2095/2764/1717 
f 2094/2763/1716 2096/2765/1718 2092/2761/1714 
f 2096/2765/1718 2069/2731/1691 2095/2764/1717 
f 428/2760/246 2097/2766/1719 2094/2763/1716 
f 2096/2765/1718 2094/2763/1716 2097/2766/1719 
f 2097/2766/1719 2069/2731/1691 2096/2765/1718 
f 2097/2766/1719 428/2760/246 429/2767/247 
f 2069/2731/1691 2097/2766/1719 444/2728/262 
f 429/2767/247 444/2728/262 2097/2766/1719 
f 2098/2768/1653 471/2769/1654 470/2770/1655 
f 468/2771/1655 2098/2768/1653 470/2770/1655 
f 471/2769/1654 2098/2768/1653 2099/2772/1656 
f 2099/2772/1656 473/2773/1655 471/2769/1654 
f 2098/2768/1653 468/2771/1655 2100/2774/1657 
f 466/2775/1658 2100/2774/1657 468/2771/1655 
f 2101/2776/1659 2099/2772/1656 2098/2768/1653 
f 2100/2774/1657 2101/2776/1659 2098/2768/1653 
f 473/2773/1655 2099/2772/1656 2102/2777/1660 
f 2102/2777/1660 476/2778/1655 473/2773/1655 
f 2100/2774/1657 466/2775/1658 2103/2779/1661 
f 464/2780/1655 2103/2779/1661 466/2775/1658 
f 2104/2781/1662 476/2778/1655 2102/2777/1660 
f 478/2782/1663 476/2778/1655 2104/2781/1662 
f 2105/2783/1664 2102/2777/1660 2099/2772/1656 
f 2099/2772/1656 2101/2776/1659 2105/2783/1664 
f 2106/2784/1665 2104/2781/1662 2102/2777/1660 
f 2102/2777/1660 2105/2783/1664 2106/2784/1665 
f 2107/2785/1666 478/2782/1663 2104/2781/1662 
f 1939/2786/1583 2105/2783/1664 2101/2776/1659 
f 2105/2783/1664 1939/2786/1583 1944/2787/1581 
f 1944/2787/1581 2106/2784/1665 2105/2783/1664 
f 2106/2784/1665 1944/2787/1581 1947/2788/1577 
f 1950/2789/1614 2106/2784/1665 1947/2788/1577 
f 2108/2790/1667 1939/2786/1583 2101/2776/1659 
f 2101/2776/1659 2100/2774/1657 2108/2790/1667 
f 2103/2779/1661 2108/2790/1667 2100/2774/1657 
f 1939/2786/1583 2108/2790/1667 1936/2791/1587 
f 2106/2784/1665 1950/2789/1614 2109/2792/1668 
f 2104/2781/1662 2106/2784/1665 2109/2792/1668 
f 2109/2792/1668 2107/2785/1666 2104/2781/1662 
f 1950/2789/1614 1907/2793/1613 2109/2792/1668 
f 2107/2785/1666 2109/2792/1668 2110/2794/1669 
f 2110/2794/1669 2109/2792/1668 1907/2793/1613 
f 2110/2794/1669 2111/2795/1670 2107/2785/1666 
f 2111/2795/1670 478/2782/1663 2107/2785/1666 
f 478/2782/1663 2111/2795/1670 449/2796/1655 
f 1907/2793/1613 2112/2797/1671 2110/2794/1669 
f 2111/2795/1670 2110/2794/1669 2112/2797/1671 
f 2112/2797/1671 1907/2793/1613 1906/2798/1610 
f 2113/2799/1672 449/2796/1655 2111/2795/1670 
f 2112/2797/1671 2113/2799/1672 2111/2795/1670 
f 449/2796/1655 2113/2799/1672 447/2800/1655 
f 1906/2798/1610 2114/2801/1673 2112/2797/1671 
f 2113/2799/1672 2112/2797/1671 2114/2801/1673 
f 2114/2801/1673 1906/2798/1610 1910/2802/1606 
f 2115/2803/1674 447/2800/1655 2113/2799/1672 
f 447/2800/1655 2115/2803/1674 451/2804/1654 
f 2114/2801/1673 2116/2805/1675 2113/2799/1672 
f 1910/2802/1606 2116/2805/1675 2114/2801/1673 
f 2113/2799/1672 2116/2805/1675 2115/2803/1674 
f 2116/2805/1675 1910/2802/1606 1914/2806/1603 
f 2117/2807/1676 451/2804/1654 2115/2803/1674 
f 451/2804/1654 2117/2807/1676 453/2808/1655 
f 2117/2807/1676 456/2809/1655 453/2808/1655 
f 2116/2805/1675 2118/2810/1677 2115/2803/1674 
f 1914/2806/1603 2118/2810/1677 2116/2805/1675 
f 2118/2810/1677 2117/2807/1676 2115/2803/1674 
f 2118/2810/1677 1914/2806/1603 1917/2811/1602 
f 1917/2811/1602 1918/2812/1600 2118/2810/1677 
f 2119/2813/1678 456/2809/1655 2117/2807/1676 
f 2118/2810/1677 2119/2813/1678 2117/2807/1676 
f 456/2809/1655 2119/2813/1678 458/2814/1663 
f 2120/2815/1679 2118/2810/1677 1918/2812/1600 
f 2119/2813/1678 2118/2810/1677 2120/2815/1679 
f 1921/2816/1597 2120/2815/1679 1918/2812/1600 
f 2121/2817/1680 458/2814/1663 2119/2813/1678 
f 2120/2815/1679 2121/2817/1680 2119/2813/1678 
f 458/2814/1663 2121/2817/1680 459/2818/1655 
f 2120/2815/1679 1921/2816/1597 2122/2819/1681 
f 2121/2817/1680 2120/2815/1679 2122/2819/1681 
f 1926/2820/1595 2122/2819/1681 1921/2816/1597 
f 459/2818/1655 2121/2817/1680 2123/2821/1682 
f 2122/2819/1681 1926/2820/1595 2124/2822/1683 
f 2124/2822/1683 2121/2817/1680 2122/2819/1681 
f 2121/2817/1680 2124/2822/1683 2123/2821/1682 
f 1929/2823/1594 2124/2822/1683 1926/2820/1595 
f 2123/2821/1682 461/2824/1655 459/2818/1655 
f 2124/2822/1683 1929/2823/1594 2125/2825/1684 
f 2125/2825/1684 2123/2821/1682 2124/2822/1683 
f 461/2824/1655 2123/2821/1682 2126/2826/1685 
f 2123/2821/1682 2125/2825/1684 2126/2826/1685 
f 1929/2823/1594 2127/2827/1686 2125/2825/1684 
f 2125/2825/1684 2127/2827/1686 2126/2826/1685 
f 2127/2827/1686 1929/2823/1594 1930/2828/1592 
f 1930/2828/1592 1933/2829/1589 2127/2827/1686 
f 2128/2830/1687 461/2824/1655 2126/2826/1685 
f 2127/2827/1686 2128/2830/1687 2126/2826/1685 
f 461/2824/1655 2128/2830/1687 464/2780/1655 
f 2103/2779/1661 464/2780/1655 2128/2830/1687 
f 1933/2829/1589 2129/2831/1688 2127/2827/1686 
f 2127/2827/1686 2129/2831/1688 2128/2830/1687 
f 2103/2779/1661 2128/2830/1687 2129/2831/1688 
f 1933/2829/1589 1936/2791/1587 2129/2831/1688 
f 2129/2831/1688 2108/2790/1667 2103/2779/1661 
f 2108/2790/1667 2129/2831/1688 1936/2791/1587 
f 489/2832/251 2130/2833/1689 502/2834/264 
f 2130/2833/1689 500/2835/262 502/2834/264 
f 2131/2836/1690 2130/2833/1689 489/2832/251 
f 489/2832/251 490/2837/252 2131/2836/1690 
f 500/2835/262 2130/2833/1689 2132/2838/1691 
f 2133/2839/1692 2131/2836/1690 490/2837/252 
f 2131/2836/1690 2134/2840/1693 2130/2833/1689 
f 2134/2840/1693 2132/2838/1691 2130/2833/1689 
f 2131/2836/1690 2133/2839/1692 2135/2841/1694 
f 2135/2841/1694 2134/2840/1693 2131/2836/1690 
f 490/2837/252 2136/2842/1695 2133/2839/1692 
f 2136/2842/1695 490/2837/252 492/2843/254 
f 2137/2844/1696 2135/2841/1694 2133/2839/1692 
f 2133/2839/1692 2136/2842/1695 2137/2844/1696 
f 2138/2845/1697 2134/2840/1693 2135/2841/1694 
f 2138/2845/1697 2135/2841/1694 2137/2844/1696 
f 492/2843/254 2139/2846/1698 2136/2842/1695 
f 2139/2846/1698 492/2843/254 493/2847/255 
f 2137/2844/1696 2136/2842/1695 2140/2848/1699 
f 2136/2842/1695 2139/2846/1698 2140/2848/1699 
f 2141/2849/1700 2137/2844/1696 2140/2848/1699 
f 2141/2849/1700 2138/2845/1697 2137/2844/1696 
f 2142/2850/1701 2140/2848/1699 2139/2846/1698 
f 2142/2850/1701 2141/2849/1700 2140/2848/1699 
f 493/2847/255 2143/2851/1702 2139/2846/1698 
f 2139/2846/1698 2143/2851/1702 2142/2850/1701 
f 2143/2851/1702 493/2847/255 497/2852/259 
f 2141/2849/1700 2142/2850/1701 2144/2853/1703 
f 2145/2854/1704 2142/2850/1701 2143/2851/1702 
f 2144/2853/1703 2142/2850/1701 2145/2854/1704 
f 497/2852/259 2146/2855/1705 2143/2851/1702 
f 2146/2855/1705 2145/2854/1704 2143/2851/1702 
f 2146/2855/1705 497/2852/259 495/2856/257 
f 2146/2855/1705 495/2856/257 481/2857/243 
f 2145/2854/1704 2147/2858/1706 2144/2853/1703 
f 2147/2858/1706 2145/2854/1704 2146/2855/1705 
f 2141/2849/1700 2144/2853/1703 2148/2859/1707 
f 2138/2845/1697 2141/2849/1700 2148/2859/1707 
f 2144/2853/1703 2147/2858/1706 2149/2860/1708 
f 2144/2853/1703 2149/2860/1708 2148/2859/1707 
f 2146/2855/1705 2150/2861/1709 2147/2858/1706 
f 2149/2860/1708 2147/2858/1706 2150/2861/1709 
f 2151/2862/1710 2146/2855/1705 481/2857/243 
f 2150/2861/1709 2146/2855/1705 2151/2862/1710 
f 481/2857/243 482/2863/244 2151/2862/1710 
f 2150/2861/1709 2152/2864/1711 2149/2860/1708 
f 2149/2860/1708 2152/2864/1711 2148/2859/1707 
f 2151/2862/1710 2153/2865/1712 2150/2861/1709 
f 2152/2864/1711 2150/2861/1709 2153/2865/1712 
f 2154/2866/1713 2151/2862/1710 482/2863/244 
f 2153/2865/1712 2151/2862/1710 2154/2866/1713 
f 482/2863/244 484/2867/246 2154/2866/1713 
f 2152/2864/1711 2153/2865/1712 2155/2868/1714 
f 2154/2866/1713 2155/2868/1714 2153/2865/1712 
f 2152/2864/1711 2156/2869/1715 2148/2859/1707 
f 2155/2868/1714 2156/2869/1715 2152/2864/1711 
f 2156/2869/1715 2138/2845/1697 2148/2859/1707 
f 2156/2869/1715 2134/2840/1693 2138/2845/1697 
f 2155/2868/1714 2154/2866/1713 2157/2870/1716 
f 2157/2870/1716 2154/2866/1713 484/2867/246 
f 2134/2840/1693 2156/2869/1715 2158/2871/1717 
f 2132/2838/1691 2134/2840/1693 2158/2871/1717 
f 2156/2869/1715 2155/2868/1714 2159/2872/1718 
f 2156/2869/1715 2159/2872/1718 2158/2871/1717 
f 2157/2870/1716 2159/2872/1718 2155/2868/1714 
f 2159/2872/1718 2132/2838/1691 2158/2871/1717 
f 484/2867/246 2160/2873/1719 2157/2870/1716 
f 2159/2872/1718 2157/2870/1716 2160/2873/1719 
f 2160/2873/1719 2132/2838/1691 2159/2872/1718 
f 2160/2873/1719 484/2867/246 485/2874/247 
f 2132/2838/1691 2160/2873/1719 500/2835/262 
f 485/2874/247 500/2835/262 2160/2873/1719 
f 2161/2875/1653 529/2876/1654 528/2877/1655 
f 526/2878/1655 2161/2875/1653 528/2877/1655 
f 529/2876/1654 2161/2875/1653 2162/2879/1656 
f 2162/2879/1656 531/2880/1655 529/2876/1654 
f 2161/2875/1653 526/2878/1655 2163/2881/1657 
f 524/2882/1658 2163/2881/1657 526/2878/1655 
f 2164/2883/1659 2162/2879/1656 2161/2875/1653 
f 2163/2881/1657 2164/2883/1659 2161/2875/1653 
f 531/2880/1655 2162/2879/1656 2165/2884/1660 
f 2165/2884/1660 534/2885/1655 531/2880/1655 
f 2163/2881/1657 524/2882/1658 2166/2886/1661 
f 522/2887/1655 2166/2886/1661 524/2882/1658 
f 2167/2888/1662 534/2885/1655 2165/2884/1660 
f 505/2889/1663 534/2885/1655 2167/2888/1662 
f 2168/2890/1664 2165/2884/1660 2162/2879/1656 
f 2162/2879/1656 2164/2883/1659 2168/2890/1664 
f 2169/2891/1665 2167/2888/1662 2165/2884/1660 
f 2165/2884/1660 2168/2890/1664 2169/2891/1665 
f 2170/2892/1666 505/2889/1663 2167/2888/1662 
f 1987/2893/1583 2168/2890/1664 2164/2883/1659 
f 2168/2890/1664 1987/2893/1583 1992/2894/1581 
f 1992/2894/1581 2169/2891/1665 2168/2890/1664 
f 2169/2891/1665 1992/2894/1581 1995/2895/1577 
f 1998/2896/1614 2169/2891/1665 1995/2895/1577 
f 2171/2897/1667 1987/2893/1583 2164/2883/1659 
f 2164/2883/1659 2163/2881/1657 2171/2897/1667 
f 2166/2886/1661 2171/2897/1667 2163/2881/1657 
f 1987/2893/1583 2171/2897/1667 1984/2898/1587 
f 2169/2891/1665 1998/2896/1614 2172/2899/1668 
f 2167/2888/1662 2169/2891/1665 2172/2899/1668 
f 2172/2899/1668 2170/2892/1666 2167/2888/1662 
f 1998/2896/1614 1955/2900/1613 2172/2899/1668 
f 2170/2892/1666 2172/2899/1668 2173/2901/1669 
f 2173/2901/1669 2172/2899/1668 1955/2900/1613 
f 2173/2901/1669 2174/2902/1670 2170/2892/1666 
f 2174/2902/1670 505/2889/1663 2170/2892/1666 
f 505/2889/1663 2174/2902/1670 503/2903/1655 
f 1955/2900/1613 2175/2904/1671 2173/2901/1669 
f 2174/2902/1670 2173/2901/1669 2175/2904/1671 
f 2175/2904/1671 1955/2900/1613 1954/2905/1610 
f 2176/2906/1672 503/2903/1655 2174/2902/1670 
f 2175/2904/1671 2176/2906/1672 2174/2902/1670 
f 503/2903/1655 2176/2906/1672 507/2907/1655 
f 1954/2905/1610 2177/2908/1673 2175/2904/1671 
f 2176/2906/1672 2175/2904/1671 2177/2908/1673 
f 2177/2908/1673 1954/2905/1610 1958/2909/1606 
f 2178/2910/1674 507/2907/1655 2176/2906/1672 
f 507/2907/1655 2178/2910/1674 509/2911/1654 
f 2177/2908/1673 2179/2912/1675 2176/2906/1672 
f 1958/2909/1606 2179/2912/1675 2177/2908/1673 
f 2176/2906/1672 2179/2912/1675 2178/2910/1674 
f 2179/2912/1675 1958/2909/1606 1962/2913/1603 
f 2180/2914/1676 509/2911/1654 2178/2910/1674 
f 509/2911/1654 2180/2914/1676 511/2915/1655 
f 2180/2914/1676 514/2916/1655 511/2915/1655 
f 2179/2912/1675 2181/2917/1677 2178/2910/1674 
f 1962/2913/1603 2181/2917/1677 2179/2912/1675 
f 2181/2917/1677 2180/2914/1676 2178/2910/1674 
f 2181/2917/1677 1962/2913/1603 1965/2918/1602 
f 1965/2918/1602 1966/2919/1600 2181/2917/1677 
f 2182/2920/1678 514/2916/1655 2180/2914/1676 
f 2181/2917/1677 2182/2920/1678 2180/2914/1676 
f 514/2916/1655 2182/2920/1678 516/2921/1663 
f 2183/2922/1679 2181/2917/1677 1966/2919/1600 
f 2182/2920/1678 2181/2917/1677 2183/2922/1679 
f 1969/2923/1597 2183/2922/1679 1966/2919/1600 
f 2184/2924/1680 516/2921/1663 2182/2920/1678 
f 2183/2922/1679 2184/2924/1680 2182/2920/1678 
f 516/2921/1663 2184/2924/1680 517/2925/1655 
f 2183/2922/1679 1969/2923/1597 2185/2926/1681 
f 2184/2924/1680 2183/2922/1679 2185/2926/1681 
f 1974/2927/1595 2185/2926/1681 1969/2923/1597 
f 517/2925/1655 2184/2924/1680 2186/2928/1682 
f 2185/2926/1681 1974/2927/1595 2187/2929/1683 
f 2187/2929/1683 2184/2924/1680 2185/2926/1681 
f 2184/2924/1680 2187/2929/1683 2186/2928/1682 
f 1977/2930/1594 2187/2929/1683 1974/2927/1595 
f 2186/2928/1682 519/2931/1655 517/2925/1655 
f 2187/2929/1683 1977/2930/1594 2188/2932/1684 
f 2188/2932/1684 2186/2928/1682 2187/2929/1683 
f 519/2931/1655 2186/2928/1682 2189/2933/1685 
f 2186/2928/1682 2188/2932/1684 2189/2933/1685 
f 1977/2930/1594 2190/2934/1686 2188/2932/1684 
f 2188/2932/1684 2190/2934/1686 2189/2933/1685 
f 2190/2934/1686 1977/2930/1594 1978/2935/1592 
f 1978/2935/1592 1981/2936/1589 2190/2934/1686 
f 2191/2937/1687 519/2931/1655 2189/2933/1685 
f 2190/2934/1686 2191/2937/1687 2189/2933/1685 
f 519/2931/1655 2191/2937/1687 522/2887/1655 
f 2166/2886/1661 522/2887/1655 2191/2937/1687 
f 1981/2936/1589 2192/2938/1688 2190/2934/1686 
f 2190/2934/1686 2192/2938/1688 2191/2937/1687 
f 2166/2886/1661 2191/2937/1687 2192/2938/1688 
f 1981/2936/1589 1984/2898/1587 2192/2938/1688 
f 2192/2938/1688 2171/2897/1667 2166/2886/1661 
f 2171/2897/1667 2192/2938/1688 1984/2898/1587 
f 545/2939/251 2193/2940/1689 558/2941/264 
f 2193/2940/1689 556/2942/262 558/2941/264 
f 2194/2943/1690 2193/2940/1689 545/2939/251 
f 545/2939/251 546/2944/252 2194/2943/1690 
f 556/2942/262 2193/2940/1689 2195/2945/1691 
f 2196/2946/1692 2194/2943/1690 546/2944/252 
f 2194/2943/1690 2197/2947/1693 2193/2940/1689 
f 2197/2947/1693 2195/2945/1691 2193/2940/1689 
f 2194/2943/1690 2196/2946/1692 2198/2948/1694 
f 2198/2948/1694 2197/2947/1693 2194/2943/1690 
f 546/2944/252 2199/2949/1695 2196/2946/1692 
f 2199/2949/1695 546/2944/252 548/2950/254 
f 2200/2951/1696 2198/2948/1694 2196/2946/1692 
f 2196/2946/1692 2199/2949/1695 2200/2951/1696 
f 2201/2952/1697 2197/2947/1693 2198/2948/1694 
f 2201/2952/1697 2198/2948/1694 2200/2951/1696 
f 548/2950/254 2202/2953/1698 2199/2949/1695 
f 2202/2953/1698 548/2950/254 549/2954/255 
f 2200/2951/1696 2199/2949/1695 2203/2955/1699 
f 2199/2949/1695 2202/2953/1698 2203/2955/1699 
f 2204/2956/1700 2200/2951/1696 2203/2955/1699 
f 2204/2956/1700 2201/2952/1697 2200/2951/1696 
f 2205/2957/1701 2203/2955/1699 2202/2953/1698 
f 2205/2957/1701 2204/2956/1700 2203/2955/1699 
f 549/2954/255 2206/2958/1702 2202/2953/1698 
f 2202/2953/1698 2206/2958/1702 2205/2957/1701 
f 2206/2958/1702 549/2954/255 553/2959/259 
f 2204/2956/1700 2205/2957/1701 2207/2960/1703 
f 2208/2961/1704 2205/2957/1701 2206/2958/1702 
f 2207/2960/1703 2205/2957/1701 2208/2961/1704 
f 553/2959/259 2209/2962/1705 2206/2958/1702 
f 2209/2962/1705 2208/2961/1704 2206/2958/1702 
f 2209/2962/1705 553/2959/259 551/2963/257 
f 2209/2962/1705 551/2963/257 537/2964/243 
f 2208/2961/1704 2210/2965/1706 2207/2960/1703 
f 2210/2965/1706 2208/2961/1704 2209/2962/1705 
f 2204/2956/1700 2207/2960/1703 2211/2966/1707 
f 2201/2952/1697 2204/2956/1700 2211/2966/1707 
f 2207/2960/1703 2210/2965/1706 2212/2967/1708 
f 2207/2960/1703 2212/2967/1708 2211/2966/1707 
f 2209/2962/1705 2213/2968/1709 2210/2965/1706 
f 2212/2967/1708 2210/2965/1706 2213/2968/1709 
f 2214/2969/1710 2209/2962/1705 537/2964/243 
f 2213/2968/1709 2209/2962/1705 2214/2969/1710 
f 537/2964/243 538/2970/244 2214/2969/1710 
f 2213/2968/1709 2215/2971/1711 2212/2967/1708 
f 2212/2967/1708 2215/2971/1711 2211/2966/1707 
f 2214/2969/1710 2216/2972/1712 2213/2968/1709 
f 2215/2971/1711 2213/2968/1709 2216/2972/1712 
f 2217/2973/1713 2214/2969/1710 538/2970/244 
f 2216/2972/1712 2214/2969/1710 2217/2973/1713 
f 538/2970/244 540/2974/246 2217/2973/1713 
f 2215/2971/1711 2216/2972/1712 2218/2975/1714 
f 2217/2973/1713 2218/2975/1714 2216/2972/1712 
f 2215/2971/1711 2219/2976/1715 2211/2966/1707 
f 2218/2975/1714 2219/2976/1715 2215/2971/1711 
f 2219/2976/1715 2201/2952/1697 2211/2966/1707 
f 2219/2976/1715 2197/2947/1693 2201/2952/1697 
f 2218/2975/1714 2217/2973/1713 2220/2977/1716 
f 2220/2977/1716 2217/2973/1713 540/2974/246 
f 2197/2947/1693 2219/2976/1715 2221/2978/1717 
f 2195/2945/1691 2197/2947/1693 2221/2978/1717 
f 2219/2976/1715 2218/2975/1714 2222/2979/1718 
f 2219/2976/1715 2222/2979/1718 2221/2978/1717 
f 2220/2977/1716 2222/2979/1718 2218/2975/1714 
f 2222/2979/1718 2195/2945/1691 2221/2978/1717 
f 540/2974/246 2223/2980/1719 2220/2977/1716 
f 2222/2979/1718 2220/2977/1716 2223/2980/1719 
f 2223/2980/1719 2195/2945/1691 2222/2979/1718 
f 2223/2980/1719 540/2974/246 541/2981/247 
f 2195/2945/1691 2223/2980/1719 556/2942/262 
f 541/2981/247 556/2942/262 2223/2980/1719 
f 2224/2982/1720 75/2983/73 77/2984/75 
f 77/2984/75 79/2985/77 2224/2982/1720 
f 75/2983/73 2224/2982/1720 2225/2986/1721 
f 2225/2986/1721 73/2987/71 75/2983/73 
f 2226/2988/1722 2224/2982/1720 79/2985/77 
f 81/2989/79 2226/2988/1722 79/2985/77 
f 73/2987/71 2225/2986/1721 2227/2990/1723 
f 2227/2990/1723 71/2991/69 73/2987/71 
f 2226/2988/1722 81/2989/79 2228/2989/1724 
f 83/2992/81 2228/2989/1724 81/2989/79 
f 71/2991/69 2227/2990/1723 2229/2993/1725 
f 2229/2993/1725 69/2994/67 71/2991/69 
f 2228/2989/1724 83/2992/81 2230/2995/1726 
f 57/2996/55 2230/2995/1726 83/2992/81 
f 69/2994/67 2229/2993/1725 2231/2997/1727 
f 2231/2997/1727 67/2998/65 69/2994/67 
f 2230/2995/1726 57/2996/55 2232/2999/1728 
f 57/2996/55 59/3000/57 2232/2999/1728 
f 67/2998/65 2231/2997/1727 2233/3001/1729 
f 2233/3001/1729 65/3002/63 67/2998/65 
f 59/3000/57 2234/3003/1730 2232/2999/1728 
f 61/3004/59 2234/3003/1730 59/3000/57 
f 65/3002/63 2233/3001/1729 2235/3005/1731 
f 2234/3003/1730 61/3004/59 2236/3006/1732 
f 63/3007/61 2236/3006/1732 61/3004/59 
f 65/3002/63 2237/3008/1733 63/3007/61 
f 2236/3006/1732 63/3007/61 2237/3008/1733 
f 2237/3008/1733 65/3002/63 2235/3005/1731 
f 2234/3003/1730 2236/3006/1732 2238/3009/721 
f 2236/3006/1732 2237/3008/1733 2238/3009/721 
f 2232/2999/1728 2234/3003/1730 2238/3009/721 
f 2237/3008/1733 2235/3005/1731 2238/3009/721 
f 2230/2995/1726 2232/2999/1728 2238/3009/721 
f 2235/3005/1731 2233/3001/1729 2238/3009/721 
f 2228/2989/1724 2230/2995/1726 2238/3009/721 
f 2233/3001/1729 2231/2997/1727 2238/3009/721 
f 2226/2988/1722 2228/2989/1724 2238/3009/721 
f 2231/2997/1727 2229/2993/1725 2238/3009/721 
f 2224/2982/1720 2226/2988/1722 2238/3009/721 
f 2229/2993/1725 2227/2990/1723 2238/3009/721 
f 2225/2986/1721 2224/2982/1720 2238/3009/721 
f 2227/2990/1723 2225/2986/1721 2238/3009/721 
f 2239/3010/1734 80/3011/78 78/3012/76 
f 76/3013/74 2239/3010/1734 78/3012/76 
f 80/3011/78 2239/3010/1734 2240/3014/1735 
f 2240/3014/1735 82/3015/80 80/3011/78 
f 2239/3010/1734 76/3013/74 2241/3016/1736 
f 2241/3016/1736 76/3013/74 74/3017/72 
f 82/3015/80 2240/3014/1735 2242/3018/1737 
f 2242/3018/1737 84/3019/82 82/3015/80 
f 2243/3020/1738 2241/3016/1736 74/3017/72 
f 74/3017/72 72/3021/70 2243/3020/1738 
f 84/3019/82 2242/3018/1737 2244/3022/1739 
f 2244/3022/1739 58/3023/56 84/3019/82 
f 2243/3020/1738 72/3021/70 2245/3024/1740 
f 72/3021/70 70/3025/68 2245/3024/1740 
f 58/3023/56 2244/3022/1739 2246/3026/1741 
f 2246/3026/1741 60/3027/58 58/3023/56 
f 2245/3024/1740 70/3025/68 2247/3028/1742 
f 70/3025/68 68/3029/66 2247/3028/1742 
f 60/3027/58 2246/3026/1741 2248/3030/1743 
f 2248/3030/1743 62/3031/60 60/3027/58 
f 2247/3028/1742 68/3029/66 2249/3032/1744 
f 66/3033/64 2249/3032/1744 68/3029/66 
f 62/3031/60 2248/3030/1743 2250/3034/1745 
f 2250/3034/1745 64/3035/62 62/3031/60 
f 2251/3036/1746 66/3033/64 64/3035/62 
f 64/3035/62 2250/3034/1745 2251/3036/1746 
f 66/3033/64 2252/3037/1747 2249/3032/1744 
f 66/3033/64 2251/3036/1746 2252/3037/1747 
f 2249/3032/1744 2252/3037/1747 2253/3038/304 
f 2252/3037/1747 2251/3036/1746 2253/3038/304 
f 2247/3028/1742 2249/3032/1744 2253/3038/304 
f 2251/3036/1746 2250/3034/1745 2253/3038/304 
f 2245/3024/1740 2247/3028/1742 2253/3038/304 
f 2250/3034/1745 2248/3030/1743 2253/3038/304 
f 2243/3020/1738 2245/3024/1740 2253/3038/304 
f 2248/3030/1743 2246/3026/1741 2253/3038/304 
f 2241/3016/1736 2243/3020/1738 2253/3038/304 
f 2246/3026/1741 2244/3022/1739 2253/3038/304 
f 2239/3010/1734 2241/3016/1736 2253/3038/304 
f 2244/3022/1739 2242/3018/1737 2253/3038/304 
f 2240/3014/1735 2239/3010/1734 2253/3038/304 
f 2242/3018/1737 2240/3014/1735 2253/3038/304 
f 2254/3039/1720 103/3040/73 105/3041/75 
f 105/3041/75 107/3042/77 2254/3039/1720 
f 103/3040/73 2254/3039/1720 2255/3043/1721 
f 2255/3043/1721 101/3044/71 103/3040/73 
f 2256/3045/1722 2254/3039/1720 107/3042/77 
f 109/3046/79 2256/3045/1722 107/3042/77 
f 101/3044/71 2255/3043/1721 2257/3047/1723 
f 2257/3047/1723 99/3048/69 101/3044/71 
f 2256/3045/1722 109/3046/79 2258/3049/1748 
f 111/3050/81 2258/3049/1748 109/3046/79 
f 99/3048/69 2257/3047/1723 2259/3051/1725 
f 2259/3051/1725 97/3052/67 99/3048/69 
f 2258/3049/1748 111/3050/81 2260/3053/1726 
f 85/3054/55 2260/3053/1726 111/3050/81 
f 97/3052/67 2259/3051/1725 2261/3055/1749 
f 2261/3055/1749 95/3056/65 97/3052/67 
f 2260/3053/1726 85/3054/55 2262/3057/1728 
f 85/3054/55 87/3058/57 2262/3057/1728 
f 95/3056/65 2261/3055/1749 2263/3059/1729 
f 2263/3059/1729 93/3060/63 95/3056/65 
f 87/3058/57 2264/3061/1730 2262/3057/1728 
f 89/3062/59 2264/3061/1730 87/3058/57 
f 93/3060/63 2263/3059/1729 2265/3063/1731 
f 2264/3061/1730 89/3062/59 2266/3064/1732 
f 91/3065/61 2266/3064/1732 89/3062/59 
f 93/3060/63 2267/3066/1733 91/3065/61 
f 2266/3064/1732 91/3065/61 2267/3066/1733 
f 2267/3066/1733 93/3060/63 2265/3063/1731 
f 2264/3061/1730 2266/3064/1732 2268/3067/721 
f 2266/3064/1732 2267/3066/1733 2268/3067/721 
f 2262/3057/1728 2264/3061/1730 2268/3067/721 
f 2267/3066/1733 2265/3063/1731 2268/3067/721 
f 2260/3053/1726 2262/3057/1728 2268/3067/721 
f 2265/3063/1731 2263/3059/1729 2268/3067/721 
f 2258/3049/1748 2260/3053/1726 2268/3067/721 
f 2263/3059/1729 2261/3055/1749 2268/3067/721 
f 2256/3045/1722 2258/3049/1748 2268/3067/721 
f 2261/3055/1749 2259/3051/1725 2268/3067/721 
f 2254/3039/1720 2256/3045/1722 2268/3067/721 
f 2259/3051/1725 2257/3047/1723 2268/3067/721 
f 2255/3043/1721 2254/3039/1720 2268/3067/721 
f 2257/3047/1723 2255/3043/1721 2268/3067/721 
f 2269/3068/1734 108/3069/78 106/3070/76 
f 104/3071/74 2269/3068/1734 106/3070/76 
f 108/3069/78 2269/3068/1734 2270/3072/1735 
f 2270/3072/1735 110/3073/80 108/3069/78 
f 2269/3068/1734 104/3071/74 2271/3074/1736 
f 2271/3074/1736 104/3071/74 102/3075/72 
f 110/3073/80 2270/3072/1735 2272/3076/1750 
f 2272/3076/1750 112/3077/82 110/3073/80 
f 2273/3078/1738 2271/3074/1736 102/3075/72 
f 102/3075/72 100/3079/70 2273/3078/1738 
f 112/3077/82 2272/3076/1750 2274/3080/1739 
f 2274/3080/1739 86/3081/56 112/3077/82 
f 2273/3078/1738 100/3079/70 2275/3082/1740 
f 100/3079/70 98/3083/68 2275/3082/1740 
f 86/3081/56 2274/3080/1739 2276/3084/1741 
f 2276/3084/1741 88/3085/58 86/3081/56 
f 2275/3082/1740 98/3083/68 2277/3083/1751 
f 98/3083/68 96/3086/66 2277/3083/1751 
f 88/3085/58 2276/3084/1741 2278/3087/1743 
f 2278/3087/1743 90/3088/60 88/3085/58 
f 2277/3083/1751 96/3086/66 2279/3089/1744 
f 94/3090/64 2279/3089/1744 96/3086/66 
f 90/3088/60 2278/3087/1743 2280/3091/1745 
f 2280/3091/1745 92/3092/62 90/3088/60 
f 2281/3093/1746 94/3090/64 92/3092/62 
f 92/3092/62 2280/3091/1745 2281/3093/1746 
f 94/3090/64 2282/3094/1747 2279/3089/1744 
f 94/3090/64 2281/3093/1746 2282/3094/1747 
f 2279/3089/1744 2282/3094/1747 2283/3095/304 
f 2282/3094/1747 2281/3093/1746 2283/3095/304 
f 2277/3083/1751 2279/3089/1744 2283/3095/304 
f 2281/3093/1746 2280/3091/1745 2283/3095/304 
f 2275/3082/1740 2277/3083/1751 2283/3095/304 
f 2280/3091/1745 2278/3087/1743 2283/3095/304 
f 2273/3078/1738 2275/3082/1740 2283/3095/304 
f 2278/3087/1743 2276/3084/1741 2283/3095/304 
f 2271/3074/1736 2273/3078/1738 2283/3095/304 
f 2276/3084/1741 2274/3080/1739 2283/3095/304 
f 2269/3068/1734 2271/3074/1736 2283/3095/304 
f 2274/3080/1739 2272/3076/1750 2283/3095/304 
f 2270/3072/1735 2269/3068/1734 2283/3095/304 
f 2272/3076/1750 2270/3072/1735 2283/3095/304 
f 2284/3096/1730 128/3097/92 126/3098/57 
f 124/3099/59 2284/3096/1730 126/3098/57 
f 128/3097/92 2284/3096/1730 2285/3100/1728 
f 2285/3100/1728 130/3101/94 128/3097/92 
f 2284/3096/1730 124/3099/59 2286/3102/1732 
f 122/3103/61 2286/3102/1732 124/3099/59 
f 130/3101/94 2285/3100/1728 2287/3104/1726 
f 2286/3102/1732 122/3103/61 2288/3105/1733 
f 120/3106/90 2288/3105/1733 122/3103/61 
f 2289/3107/1724 130/3101/94 2287/3104/1726 
f 130/3101/94 2289/3107/1724 132/3108/79 
f 2288/3105/1733 120/3106/90 2290/3109/1731 
f 120/3106/90 146/3110/96 2290/3109/1731 
f 2291/3111/1722 132/3108/79 2289/3107/1724 
f 132/3108/79 2291/3111/1722 134/3112/77 
f 2290/3109/1731 146/3110/96 2292/3113/1729 
f 146/3110/96 144/3114/67 2292/3113/1729 
f 2291/3111/1722 2293/3115/1720 134/3112/77 
f 136/3116/75 134/3112/77 2293/3115/1720 
f 2293/3115/1720 138/3117/73 136/3116/75 
f 2291/3111/1722 2289/3107/1724 2294/3118/721 
f 2293/3115/1720 2291/3111/1722 2294/3118/721 
f 2289/3107/1724 2287/3104/1726 2294/3118/721 
f 2287/3104/1726 2285/3100/1728 2294/3118/721 
f 2285/3100/1728 2284/3096/1730 2294/3118/721 
f 2284/3096/1730 2286/3102/1732 2294/3118/721 
f 2286/3102/1732 2288/3105/1733 2294/3118/721 
f 2288/3105/1733 2290/3109/1731 2294/3118/721 
f 2290/3109/1731 2292/3113/1729 2294/3118/721 
f 138/3117/73 2293/3115/1720 2295/3117/1721 
f 2295/3117/1721 2293/3115/1720 2294/3118/721 
f 2295/3117/1721 140/3119/71 138/3117/73 
f 140/3119/71 2295/3117/1721 2296/3120/1723 
f 2296/3120/1723 2295/3117/1721 2294/3118/721 
f 2296/3120/1723 142/3121/69 140/3119/71 
f 2292/3113/1729 2297/3122/1727 2294/3118/721 
f 2297/3122/1727 2292/3113/1729 144/3114/67 
f 2298/3123/1725 2296/3120/1723 2294/3118/721 
f 2297/3122/1727 2298/3123/1725 2294/3118/721 
f 142/3121/69 2296/3120/1723 2298/3123/1725 
f 144/3114/67 2298/3123/1725 2297/3122/1727 
f 2298/3123/1725 144/3114/67 142/3121/69 
f 2299/3124/1743 123/3125/60 125/3126/58 
f 127/3127/91 2299/3124/1743 125/3126/58 
f 123/3125/60 2299/3124/1743 2300/3128/1745 
f 2300/3128/1745 121/3129/62 123/3125/60 
f 2299/3124/1743 127/3127/91 2301/3130/1741 
f 2301/3130/1741 127/3127/91 129/3131/93 
f 121/3129/62 2300/3128/1745 2302/3132/1746 
f 2302/3132/1746 119/3133/89 121/3129/62 
f 2303/3134/1739 2301/3130/1741 129/3131/93 
f 131/3135/80 2303/3134/1739 129/3131/93 
f 119/3133/89 2302/3132/1746 2304/3136/1747 
f 2304/3136/1747 145/3137/95 119/3133/89 
f 2303/3134/1739 131/3135/80 2305/3138/1737 
f 145/3137/95 2304/3136/1747 2306/3139/1744 
f 131/3135/80 2307/3140/1735 2305/3138/1737 
f 2307/3140/1735 131/3135/80 133/3141/78 
f 2308/3142/1742 145/3137/95 2306/3139/1744 
f 143/3143/68 145/3137/95 2308/3142/1742 
f 133/3141/78 2309/3144/1734 2307/3140/1735 
f 2309/3144/1734 133/3141/78 135/3144/76 
f 137/3145/74 2309/3144/1734 135/3144/76 
f 2310/3146/1740 143/3143/68 2308/3142/1742 
f 141/3147/70 143/3143/68 2310/3146/1740 
f 2309/3144/1734 137/3145/74 2311/3148/1736 
f 2311/3148/1736 137/3145/74 139/3149/72 
f 139/3149/72 141/3147/70 2312/3150/1738 
f 2312/3150/1738 2311/3148/1736 139/3149/72 
f 2312/3150/1738 141/3147/70 2310/3146/1740 
f 2309/3144/1734 2311/3148/1736 2313/3151/304 
f 2311/3148/1736 2312/3150/1738 2313/3151/304 
f 2312/3150/1738 2310/3146/1740 2313/3151/304 
f 2307/3140/1735 2309/3144/1734 2313/3151/304 
f 2310/3146/1740 2308/3142/1742 2313/3151/304 
f 2305/3138/1737 2307/3140/1735 2313/3151/304 
f 2308/3142/1742 2306/3139/1744 2313/3151/304 
f 2303/3134/1739 2305/3138/1737 2313/3151/304 
f 2306/3139/1744 2304/3136/1747 2313/3151/304 
f 2301/3130/1741 2303/3134/1739 2313/3151/304 
f 2304/3136/1747 2302/3132/1746 2313/3151/304 
f 2299/3124/1743 2301/3130/1741 2313/3151/304 
f 2302/3132/1746 2300/3128/1745 2313/3151/304 
f 2300/3128/1745 2299/3124/1743 2313/3151/304 
f 2314/3152/1730 156/3153/92 154/3154/57 
f 152/3155/59 2314/3152/1730 154/3154/57 
f 156/3153/92 2314/3152/1730 2315/3156/1728 
f 2315/3156/1728 158/3157/94 156/3153/92 
f 2314/3152/1730 152/3155/59 2316/3158/1732 
f 150/3159/61 2316/3158/1732 152/3155/59 
f 158/3157/94 2315/3156/1728 2317/3160/1726 
f 2316/3158/1732 150/3159/61 2318/3161/1733 
f 148/3162/90 2318/3161/1733 150/3159/61 
f 2319/3163/1724 158/3157/94 2317/3160/1726 
f 158/3157/94 2319/3163/1724 160/3164/79 
f 2318/3161/1733 148/3162/90 2320/3165/1731 
f 148/3162/90 174/3166/96 2320/3165/1731 
f 2321/3167/1722 160/3164/79 2319/3163/1724 
f 160/3164/79 2321/3167/1722 162/3168/77 
f 2320/3165/1731 174/3166/96 2322/3169/1729 
f 174/3166/96 172/3170/67 2322/3169/1729 
f 2321/3167/1722 2323/3171/1720 162/3168/77 
f 164/3172/75 162/3168/77 2323/3171/1720 
f 2323/3171/1720 166/3173/73 164/3172/75 
f 2321/3167/1722 2319/3163/1724 2324/3174/721 
f 2323/3171/1720 2321/3167/1722 2324/3174/721 
f 2319/3163/1724 2317/3160/1726 2324/3174/721 
f 2317/3160/1726 2315/3156/1728 2324/3174/721 
f 2315/3156/1728 2314/3152/1730 2324/3174/721 
f 2314/3152/1730 2316/3158/1732 2324/3174/721 
f 2316/3158/1732 2318/3161/1733 2324/3174/721 
f 2318/3161/1733 2320/3165/1731 2324/3174/721 
f 2320/3165/1731 2322/3169/1729 2324/3174/721 
f 166/3173/73 2323/3171/1720 2325/3175/1721 
f 2325/3175/1721 2323/3171/1720 2324/3174/721 
f 2325/3175/1721 168/3176/71 166/3173/73 
f 168/3176/71 2325/3175/1721 2326/3177/1723 
f 2326/3177/1723 2325/3175/1721 2324/3174/721 
f 2326/3177/1723 170/3178/69 168/3176/71 
f 2322/3169/1729 2327/3179/1727 2324/3174/721 
f 2327/3179/1727 2322/3169/1729 172/3170/67 
f 2328/3180/1725 2326/3177/1723 2324/3174/721 
f 2327/3179/1727 2328/3180/1725 2324/3174/721 
f 170/3178/69 2326/3177/1723 2328/3180/1725 
f 172/3170/67 2328/3180/1725 2327/3179/1727 
f 2328/3180/1725 172/3170/67 170/3178/69 
f 2329/3181/1743 151/3182/60 153/3183/58 
f 155/3184/91 2329/3181/1743 153/3183/58 
f 151/3182/60 2329/3181/1743 2330/3185/1745 
f 2330/3185/1745 149/3186/62 151/3182/60 
f 2329/3181/1743 155/3184/91 2331/3187/1741 
f 2331/3187/1741 155/3184/91 157/3188/93 
f 149/3186/62 2330/3185/1745 2332/3189/1746 
f 2332/3189/1746 147/3190/89 149/3186/62 
f 2333/3191/1739 2331/3187/1741 157/3188/93 
f 159/3192/80 2333/3191/1739 157/3188/93 
f 147/3190/89 2332/3189/1746 2334/3193/1747 
f 2334/3193/1747 173/3194/95 147/3190/89 
f 2333/3191/1739 159/3192/80 2335/3195/1737 
f 173/3194/95 2334/3193/1747 2336/3196/1744 
f 159/3192/80 2337/3197/1735 2335/3195/1737 
f 2337/3197/1735 159/3192/80 161/3198/78 
f 2338/3199/1742 173/3194/95 2336/3196/1744 
f 171/3200/68 173/3194/95 2338/3199/1742 
f 161/3198/78 2339/3201/1734 2337/3197/1735 
f 2339/3201/1734 161/3198/78 163/3202/76 
f 165/3203/74 2339/3201/1734 163/3202/76 
f 2340/3204/1740 171/3200/68 2338/3199/1742 
f 169/3205/70 171/3200/68 2340/3204/1740 
f 2339/3201/1734 165/3203/74 2341/3206/1736 
f 2341/3206/1736 165/3203/74 167/3207/72 
f 167/3207/72 169/3205/70 2342/3206/1738 
f 2342/3206/1738 2341/3206/1736 167/3207/72 
f 2342/3206/1738 169/3205/70 2340/3204/1740 
f 2339/3201/1734 2341/3206/1736 2343/3208/304 
f 2341/3206/1736 2342/3206/1738 2343/3208/304 
f 2342/3206/1738 2340/3204/1740 2343/3208/304 
f 2337/3197/1735 2339/3201/1734 2343/3208/304 
f 2340/3204/1740 2338/3199/1742 2343/3208/304 
f 2335/3195/1737 2337/3197/1735 2343/3208/304 
f 2338/3199/1742 2336/3196/1744 2343/3208/304 
f 2333/3191/1739 2335/3195/1737 2343/3208/304 
f 2336/3196/1744 2334/3193/1747 2343/3208/304 
f 2331/3187/1741 2333/3191/1739 2343/3208/304 
f 2334/3193/1747 2332/3189/1746 2343/3208/304 
f 2329/3181/1743 2331/3187/1741 2343/3208/304 
f 2332/3189/1746 2330/3185/1745 2343/3208/304 
f 2330/3185/1745 2329/3181/1743 2343/3208/304 
f 2344/3209/1730 188/3210/92 186/3211/57 
f 184/3212/59 2344/3209/1730 186/3211/57 
f 188/3210/92 2344/3209/1730 2345/3213/1728 
f 2345/3213/1728 190/3214/94 188/3210/92 
f 2344/3209/1730 184/3212/59 2346/3215/1732 
f 182/3216/61 2346/3215/1732 184/3212/59 
f 190/3214/94 2345/3213/1728 2347/3217/1726 
f 2346/3215/1732 182/3216/61 2348/3218/1733 
f 180/3219/63 2348/3218/1733 182/3216/61 
f 2349/3220/1724 190/3214/94 2347/3217/1726 
f 190/3214/94 2349/3220/1724 192/3221/79 
f 2348/3218/1733 180/3219/63 2350/3222/1731 
f 180/3219/63 178/3223/96 2350/3222/1731 
f 2351/3224/1722 192/3221/79 2349/3220/1724 
f 192/3221/79 2351/3224/1722 194/3225/77 
f 2350/3222/1731 178/3223/96 2352/3226/1729 
f 178/3223/96 176/3227/98 2352/3226/1729 
f 2351/3224/1722 2353/3228/1720 194/3225/77 
f 196/3229/75 194/3225/77 2353/3228/1720 
f 2353/3228/1720 198/3230/73 196/3229/75 
f 2351/3224/1722 2349/3220/1724 2354/3231/721 
f 2353/3228/1720 2351/3224/1722 2354/3231/721 
f 2349/3220/1724 2347/3217/1726 2354/3231/721 
f 2347/3217/1726 2345/3213/1728 2354/3231/721 
f 2345/3213/1728 2344/3209/1730 2354/3231/721 
f 2344/3209/1730 2346/3215/1732 2354/3231/721 
f 2346/3215/1732 2348/3218/1733 2354/3231/721 
f 2348/3218/1733 2350/3222/1731 2354/3231/721 
f 2350/3222/1731 2352/3226/1729 2354/3231/721 
f 198/3230/73 2353/3228/1720 2355/3232/1721 
f 2355/3232/1721 2353/3228/1720 2354/3231/721 
f 2355/3232/1721 200/3233/71 198/3230/73 
f 200/3233/71 2355/3232/1721 2356/3234/1723 
f 2356/3234/1723 2355/3232/1721 2354/3231/721 
f 2356/3234/1723 202/3235/69 200/3233/71 
f 2352/3226/1729 2357/3236/1727 2354/3231/721 
f 2357/3236/1727 2352/3226/1729 176/3227/98 
f 2358/3237/1725 2356/3234/1723 2354/3231/721 
f 2357/3236/1727 2358/3237/1725 2354/3231/721 
f 202/3235/69 2356/3234/1723 2358/3237/1725 
f 176/3227/98 2358/3237/1725 2357/3236/1727 
f 2358/3237/1725 176/3227/98 202/3235/69 
f 2359/3238/1743 183/3239/60 185/3240/58 
f 187/3241/91 2359/3238/1743 185/3240/58 
f 183/3239/60 2359/3238/1743 2360/3242/1745 
f 2360/3242/1745 181/3243/62 183/3239/60 
f 2359/3238/1743 187/3241/91 2361/3244/1741 
f 2361/3244/1741 187/3241/91 189/3245/93 
f 181/3243/62 2360/3242/1745 2362/3246/1746 
f 2362/3246/1746 179/3247/64 181/3243/62 
f 2363/3248/1739 2361/3244/1741 189/3245/93 
f 191/3249/80 2363/3248/1739 189/3245/93 
f 179/3247/64 2362/3246/1746 2364/3250/1747 
f 2364/3250/1747 177/3251/95 179/3247/64 
f 2363/3248/1739 191/3249/80 2365/3252/1737 
f 177/3251/95 2364/3250/1747 2366/3253/1744 
f 191/3249/80 2367/3254/1735 2365/3252/1737 
f 2367/3254/1735 191/3249/80 193/3255/78 
f 2368/3256/1742 177/3251/95 2366/3253/1744 
f 175/3257/97 177/3251/95 2368/3256/1742 
f 193/3255/78 2369/3258/1734 2367/3254/1735 
f 2369/3258/1734 193/3255/78 195/3259/76 
f 197/3260/74 2369/3258/1734 195/3259/76 
f 2370/3261/1740 175/3257/97 2368/3256/1742 
f 201/3262/70 175/3257/97 2370/3261/1740 
f 2369/3258/1734 197/3260/74 2371/3263/1736 
f 2371/3263/1736 197/3260/74 199/3264/72 
f 199/3264/72 201/3262/70 2372/3265/1738 
f 2372/3265/1738 2371/3263/1736 199/3264/72 
f 2372/3265/1738 201/3262/70 2370/3261/1740 
f 2369/3258/1734 2371/3263/1736 2373/3266/304 
f 2371/3263/1736 2372/3265/1738 2373/3266/304 
f 2372/3265/1738 2370/3261/1740 2373/3266/304 
f 2367/3254/1735 2369/3258/1734 2373/3266/304 
f 2370/3261/1740 2368/3256/1742 2373/3266/304 
f 2365/3252/1737 2367/3254/1735 2373/3266/304 
f 2368/3256/1742 2366/3253/1744 2373/3266/304 
f 2363/3248/1739 2365/3252/1737 2373/3266/304 
f 2366/3253/1744 2364/3250/1747 2373/3266/304 
f 2361/3244/1741 2363/3248/1739 2373/3266/304 
f 2364/3250/1747 2362/3246/1746 2373/3266/304 
f 2359/3238/1743 2361/3244/1741 2373/3266/304 
f 2362/3246/1746 2360/3242/1745 2373/3266/304 
f 2360/3242/1745 2359/3238/1743 2373/3266/304 
f 2374/3267/1730 212/3268/92 210/3269/57 
f 208/3270/59 2374/3267/1730 210/3269/57 
f 212/3268/92 2374/3267/1730 2375/3271/1728 
f 2375/3271/1728 214/3272/94 212/3268/92 
f 2374/3267/1730 208/3270/59 2376/3273/1732 
f 206/3274/61 2376/3273/1732 208/3270/59 
f 214/3272/94 2375/3271/1728 2377/3275/1726 
f 2376/3273/1732 206/3274/61 2378/3276/1733 
f 204/3277/90 2378/3276/1733 206/3274/61 
f 2379/3278/1724 214/3272/94 2377/3275/1726 
f 214/3272/94 2379/3278/1724 216/3279/79 
f 2378/3276/1733 204/3277/90 2380/3280/1731 
f 204/3277/90 230/3281/96 2380/3280/1731 
f 2381/3282/1722 216/3279/79 2379/3278/1724 
f 216/3279/79 2381/3282/1722 218/3283/77 
f 2380/3280/1731 230/3281/96 2382/3284/1729 
f 230/3281/96 228/3285/67 2382/3284/1729 
f 2381/3282/1722 2383/3286/1720 218/3283/77 
f 220/3286/75 218/3283/77 2383/3286/1720 
f 2383/3286/1720 222/3287/73 220/3286/75 
f 2381/3282/1722 2379/3278/1724 2384/3288/721 
f 2383/3286/1720 2381/3282/1722 2384/3288/721 
f 2379/3278/1724 2377/3275/1726 2384/3288/721 
f 2377/3275/1726 2375/3271/1728 2384/3288/721 
f 2375/3271/1728 2374/3267/1730 2384/3288/721 
f 2374/3267/1730 2376/3273/1732 2384/3288/721 
f 2376/3273/1732 2378/3276/1733 2384/3288/721 
f 2378/3276/1733 2380/3280/1731 2384/3288/721 
f 2380/3280/1731 2382/3284/1729 2384/3288/721 
f 222/3287/73 2383/3286/1720 2385/3289/1721 
f 2385/3289/1721 2383/3286/1720 2384/3288/721 
f 2385/3289/1721 224/3290/71 222/3287/73 
f 224/3290/71 2385/3289/1721 2386/3291/1723 
f 2386/3291/1723 2385/3289/1721 2384/3288/721 
f 2386/3291/1723 226/3292/69 224/3290/71 
f 2382/3284/1729 2387/3293/1727 2384/3288/721 
f 2387/3293/1727 2382/3284/1729 228/3285/67 
f 2388/3294/1725 2386/3291/1723 2384/3288/721 
f 2387/3293/1727 2388/3294/1725 2384/3288/721 
f 226/3292/69 2386/3291/1723 2388/3294/1725 
f 228/3285/67 2388/3294/1725 2387/3293/1727 
f 2388/3294/1725 228/3285/67 226/3292/69 
f 2389/3295/1743 207/3296/60 209/3297/58 
f 211/3298/91 2389/3295/1743 209/3297/58 
f 207/3296/60 2389/3295/1743 2390/3299/1745 
f 2390/3299/1745 205/3300/62 207/3296/60 
f 2389/3295/1743 211/3298/91 2391/3301/1741 
f 2391/3301/1741 211/3298/91 213/3302/93 
f 205/3300/62 2390/3299/1745 2392/3303/1746 
f 2392/3303/1746 203/3304/89 205/3300/62 
f 2393/3305/1739 2391/3301/1741 213/3302/93 
f 215/3306/80 2393/3305/1739 213/3302/93 
f 203/3304/89 2392/3303/1746 2394/3307/1747 
f 2394/3307/1747 229/3308/95 203/3304/89 
f 2393/3305/1739 215/3306/80 2395/3309/1737 
f 229/3308/95 2394/3307/1747 2396/3310/1744 
f 215/3306/80 2397/3311/1735 2395/3309/1737 
f 2397/3311/1735 215/3306/80 217/3312/78 
f 2398/3313/1742 229/3308/95 2396/3310/1744 
f 227/3314/68 229/3308/95 2398/3313/1742 
f 217/3312/78 2399/3315/1734 2397/3311/1735 
f 2399/3315/1734 217/3312/78 219/3316/76 
f 221/3317/74 2399/3315/1734 219/3316/76 
f 2400/3318/1740 227/3314/68 2398/3313/1742 
f 225/3319/70 227/3314/68 2400/3318/1740 
f 2399/3315/1734 221/3317/74 2401/3320/1736 
f 2401/3320/1736 221/3317/74 223/3321/72 
f 223/3321/72 225/3319/70 2402/3322/1738 
f 2402/3322/1738 2401/3320/1736 223/3321/72 
f 2402/3322/1738 225/3319/70 2400/3318/1740 
f 2399/3315/1734 2401/3320/1736 2403/3323/304 
f 2401/3320/1736 2402/3322/1738 2403/3323/304 
f 2402/3322/1738 2400/3318/1740 2403/3323/304 
f 2397/3311/1735 2399/3315/1734 2403/3323/304 
f 2400/3318/1740 2398/3313/1742 2403/3323/304 
f 2395/3309/1737 2397/3311/1735 2403/3323/304 
f 2398/3313/1742 2396/3310/1744 2403/3323/304 
f 2393/3305/1739 2395/3309/1737 2403/3323/304 
f 2396/3310/1744 2394/3307/1747 2403/3323/304 
f 2391/3301/1741 2393/3305/1739 2403/3323/304 
f 2394/3307/1747 2392/3303/1746 2403/3323/304 
f 2389/3295/1743 2391/3301/1741 2403/3323/304 
f 2392/3303/1746 2390/3299/1745 2403/3323/304 
f 2390/3299/1745 2389/3295/1743 2403/3323/304 
f 2404/3324/1730 234/3325/92 232/3326/100 
f 258/3327/59 2404/3324/1730 232/3326/100 
f 234/3325/92 2404/3324/1730 2405/3328/1728 
f 2405/3328/1728 236/3329/81 234/3325/92 
f 2404/3324/1730 258/3327/59 2406/3330/1732 
f 256/3331/61 2406/3330/1732 258/3327/59 
f 236/3329/81 2405/3328/1728 2407/3332/1726 
f 2406/3330/1732 256/3331/61 2408/3333/1733 
f 254/3334/63 2408/3333/1733 256/3331/61 
f 2409/3335/1724 236/3329/81 2407/3332/1726 
f 236/3329/81 2409/3335/1724 238/3336/102 
f 2409/3335/1724 240/3337/77 238/3336/102 
f 2408/3333/1733 254/3334/63 2410/3338/1731 
f 254/3334/63 252/3339/65 2410/3338/1731 
f 240/3337/77 2409/3335/1724 2411/3340/1722 
f 2410/3338/1731 252/3339/65 2412/3341/1729 
f 252/3339/65 250/3342/104 2412/3341/1729 
f 2411/3340/1722 2413/3343/1720 240/3337/77 
f 242/3344/75 240/3337/77 2413/3343/1720 
f 2413/3343/1720 244/3345/73 242/3344/75 
f 2414/3346/1727 2412/3341/1729 250/3342/104 
f 248/3347/69 2414/3346/1727 250/3342/104 
f 244/3345/73 2413/3343/1720 2415/3348/1721 
f 2415/3348/1721 246/3349/71 244/3345/73 
f 2416/3350/1723 248/3347/69 246/3349/71 
f 246/3349/71 2415/3348/1721 2416/3350/1723 
f 2414/3346/1727 248/3347/69 2417/3347/1725 
f 248/3347/69 2416/3350/1723 2417/3347/1725 
f 2414/3346/1727 2417/3347/1725 2418/3351/721 
f 2417/3347/1725 2416/3350/1723 2418/3351/721 
f 2412/3341/1729 2414/3346/1727 2418/3351/721 
f 2416/3350/1723 2415/3348/1721 2418/3351/721 
f 2415/3348/1721 2413/3343/1720 2418/3351/721 
f 2410/3338/1731 2412/3341/1729 2418/3351/721 
f 2413/3343/1720 2411/3340/1722 2418/3351/721 
f 2408/3333/1733 2410/3338/1731 2418/3351/721 
f 2411/3340/1722 2409/3335/1724 2418/3351/721 
f 2406/3330/1732 2408/3333/1733 2418/3351/721 
f 2409/3335/1724 2407/3332/1726 2418/3351/721 
f 2404/3324/1730 2406/3330/1732 2418/3351/721 
f 2407/3332/1726 2405/3328/1728 2418/3351/721 
f 2405/3328/1728 2404/3324/1730 2418/3351/721 
f 2419/3352/1743 257/3353/60 231/3354/99 
f 233/3355/91 2419/3352/1743 231/3354/99 
f 257/3353/60 2419/3352/1743 2420/3356/1745 
f 2420/3356/1745 255/3357/62 257/3353/60 
f 2419/3352/1743 233/3355/91 2421/3355/1741 
f 2421/3355/1741 233/3355/91 235/3358/82 
f 255/3357/62 2420/3356/1745 2422/3359/1746 
f 2422/3359/1746 253/3360/64 255/3357/62 
f 2423/3358/1739 2421/3355/1741 235/3358/82 
f 237/3361/101 2423/3358/1739 235/3358/82 
f 253/3360/64 2422/3359/1746 2424/3360/1747 
f 2424/3360/1747 251/3362/66 253/3360/64 
f 2423/3358/1739 237/3361/101 2425/3363/1737 
f 237/3361/101 239/3364/78 2425/3363/1737 
f 251/3362/66 2424/3360/1747 2426/3362/1744 
f 2425/3363/1737 239/3364/78 2427/3365/1735 
f 2428/3366/1742 251/3362/66 2426/3362/1744 
f 249/3367/103 251/3362/66 2428/3366/1742 
f 2428/3366/1742 247/3368/70 249/3367/103 
f 2426/3362/1744 2424/3360/1747 2429/3369/304 
f 2428/3366/1742 2426/3362/1744 2429/3369/304 
f 2424/3360/1747 2422/3359/1746 2429/3369/304 
f 2422/3359/1746 2420/3356/1745 2429/3369/304 
f 2420/3356/1745 2419/3352/1743 2429/3369/304 
f 2419/3352/1743 2421/3355/1741 2429/3369/304 
f 2421/3355/1741 2423/3358/1739 2429/3369/304 
f 2423/3358/1739 2425/3363/1737 2429/3369/304 
f 2425/3363/1737 2427/3365/1735 2429/3369/304 
f 247/3368/70 2428/3366/1742 2430/3370/1740 
f 2430/3370/1740 2428/3366/1742 2429/3369/304 
f 2431/3371/1738 247/3368/70 2430/3370/1740 
f 2431/3371/1738 2430/3370/1740 2429/3369/304 
f 245/3371/72 247/3368/70 2431/3371/1738 
f 2431/3371/1738 2432/3372/1736 245/3371/72 
f 2432/3372/1736 2431/3371/1738 2429/3369/304 
f 2432/3372/1736 243/3372/74 245/3371/72 
f 2433/3373/1734 2432/3372/1736 2429/3369/304 
f 2433/3373/1734 243/3372/74 2432/3372/1736 
f 2427/3365/1735 2433/3373/1734 2429/3369/304 
f 239/3364/78 2433/3373/1734 2427/3365/1735 
f 243/3372/74 2433/3373/1734 241/3374/76 
f 2433/3373/1734 239/3364/78 241/3374/76 
f 2434/3375/1730 268/3376/92 266/3377/57 
f 264/3378/59 2434/3375/1730 266/3377/57 
f 268/3376/92 2434/3375/1730 2435/3379/1728 
f 2435/3379/1728 270/3380/81 268/3376/92 
f 2434/3375/1730 264/3378/59 2436/3381/1732 
f 262/3382/61 2436/3381/1732 264/3378/59 
f 270/3380/81 2435/3379/1728 2437/3383/1752 
f 2436/3381/1732 262/3382/61 2438/3381/1733 
f 260/3384/90 2438/3381/1733 262/3382/61 
f 2439/3385/1724 270/3380/81 2437/3383/1752 
f 270/3380/81 2439/3385/1724 272/3385/102 
f 2439/3385/1724 274/3386/77 272/3385/102 
f 2438/3381/1733 260/3384/90 2440/3387/1731 
f 260/3384/90 286/3388/65 2440/3387/1731 
f 274/3386/77 2439/3385/1724 2441/3389/1722 
f 2440/3387/1731 286/3388/65 2442/3390/1753 
f 286/3388/65 284/3391/104 2442/3390/1753 
f 2441/3389/1722 2443/3392/1720 274/3386/77 
f 276/3393/75 274/3386/77 2443/3392/1720 
f 2443/3392/1720 278/3394/73 276/3393/75 
f 2444/3395/1727 2442/3390/1753 284/3391/104 
f 282/3396/69 2444/3395/1727 284/3391/104 
f 278/3394/73 2443/3392/1720 2445/3397/1721 
f 2445/3397/1721 280/3398/71 278/3394/73 
f 2446/3399/1723 282/3396/69 280/3398/71 
f 280/3398/71 2445/3397/1721 2446/3399/1723 
f 2444/3395/1727 282/3396/69 2447/3400/1725 
f 282/3396/69 2446/3399/1723 2447/3400/1725 
f 2444/3395/1727 2447/3400/1725 2448/3401/721 
f 2447/3400/1725 2446/3399/1723 2448/3401/721 
f 2442/3390/1753 2444/3395/1727 2448/3401/721 
f 2446/3399/1723 2445/3397/1721 2448/3401/721 
f 2445/3397/1721 2443/3392/1720 2448/3401/721 
f 2440/3387/1731 2442/3390/1753 2448/3401/721 
f 2443/3392/1720 2441/3389/1722 2448/3401/721 
f 2438/3381/1733 2440/3387/1731 2448/3401/721 
f 2441/3389/1722 2439/3385/1724 2448/3401/721 
f 2436/3381/1732 2438/3381/1733 2448/3401/721 
f 2439/3385/1724 2437/3383/1752 2448/3401/721 
f 2434/3375/1730 2436/3381/1732 2448/3401/721 
f 2437/3383/1752 2435/3379/1728 2448/3401/721 
f 2435/3379/1728 2434/3375/1730 2448/3401/721 
f 2449/3402/1743 263/3403/60 265/3404/58 
f 267/3405/91 2449/3402/1743 265/3404/58 
f 263/3403/60 2449/3402/1743 2450/3406/1745 
f 2450/3406/1745 261/3407/62 263/3403/60 
f 2449/3402/1743 267/3405/91 2451/3408/1741 
f 2451/3408/1741 267/3405/91 269/3409/82 
f 261/3407/62 2450/3406/1745 2452/3410/1746 
f 2452/3410/1746 259/3411/89 261/3407/62 
f 2453/3412/1754 2451/3408/1741 269/3409/82 
f 271/3413/101 2453/3412/1754 269/3409/82 
f 259/3411/89 2452/3410/1746 2454/3414/1747 
f 2454/3414/1747 285/3415/66 259/3411/89 
f 2453/3412/1754 271/3413/101 2455/3416/1737 
f 271/3413/101 273/3417/78 2455/3416/1737 
f 285/3415/66 2454/3414/1747 2456/3418/1755 
f 2455/3416/1737 273/3417/78 2457/3419/1735 
f 2458/3420/1742 285/3415/66 2456/3418/1755 
f 283/3421/103 285/3415/66 2458/3420/1742 
f 2458/3420/1742 281/3422/70 283/3421/103 
f 2456/3418/1755 2454/3414/1747 2459/3423/304 
f 2458/3420/1742 2456/3418/1755 2459/3423/304 
f 2454/3414/1747 2452/3410/1746 2459/3423/304 
f 2452/3410/1746 2450/3406/1745 2459/3423/304 
f 2450/3406/1745 2449/3402/1743 2459/3423/304 
f 2449/3402/1743 2451/3408/1741 2459/3423/304 
f 2451/3408/1741 2453/3412/1754 2459/3423/304 
f 2453/3412/1754 2455/3416/1737 2459/3423/304 
f 2455/3416/1737 2457/3419/1735 2459/3423/304 
f 281/3422/70 2458/3420/1742 2460/3424/1740 
f 2460/3424/1740 2458/3420/1742 2459/3423/304 
f 2461/3425/1738 281/3422/70 2460/3424/1740 
f 2461/3425/1738 2460/3424/1740 2459/3423/304 
f 279/3426/72 281/3422/70 2461/3425/1738 
f 2461/3425/1738 2462/3427/1736 279/3426/72 
f 2462/3427/1736 2461/3425/1738 2459/3423/304 
f 2462/3427/1736 277/3428/74 279/3426/72 
f 2463/3429/1734 2462/3427/1736 2459/3423/304 
f 2463/3429/1734 277/3428/74 2462/3427/1736 
f 2457/3419/1735 2463/3429/1734 2459/3423/304 
f 273/3417/78 2463/3429/1734 2457/3419/1735 
f 277/3428/74 2463/3429/1734 275/3430/76 
f 2463/3429/1734 273/3417/78 275/3430/76 
f 430/3431/248 427/3432/245 2464/3433/1756 
f 2464/3433/1756 443/3434/261 430/3431/248 
f 2465/3435/1757 2464/3433/1756 427/3432/245 
f 427/3432/245 424/3436/242 2465/3435/1757 
f 443/3434/261 2464/3433/1756 2466/3437/1758 
f 2467/3438/1759 2465/3435/1757 424/3436/242 
f 2468/3439/1760 443/3434/261 2466/3437/1758 
f 445/3440/263 443/3434/261 2468/3439/1760 
f 424/3436/242 2469/3441/1761 2467/3438/1759 
f 2469/3441/1761 424/3436/242 423/3442/241 
f 2470/3443/1762 445/3440/263 2468/3439/1760 
f 431/3444/249 445/3440/263 2470/3443/1762 
f 2470/3443/1762 432/3445/250 431/3444/249 
f 423/3442/241 2471/3446/1763 2469/3441/1761 
f 2471/3446/1763 423/3442/241 440/3447/258 
f 432/3445/250 2470/3443/1762 2472/3448/1764 
f 2472/3448/1764 435/3449/253 432/3445/250 
f 2471/3446/1763 2473/3450/1765 2469/3441/1761 
f 2473/3450/1765 2467/3438/1759 2469/3441/1761 
f 440/3447/258 2474/3451/1766 2471/3446/1763 
f 2474/3451/1766 440/3447/258 442/3452/260 
f 442/3452/260 438/3453/256 2474/3451/1766 
f 2473/3450/1765 2471/3446/1763 2475/3454/1767 
f 2474/3451/1766 2475/3454/1767 2471/3446/1763 
f 2467/3438/1759 2473/3450/1765 2476/3455/1768 
f 2476/3455/1768 2465/3435/1757 2467/3438/1759 
f 2475/3454/1767 2477/3456/1769 2473/3450/1765 
f 2477/3456/1769 2476/3455/1768 2473/3450/1765 
f 2465/3435/1757 2476/3455/1768 2478/3457/1770 
f 2476/3455/1768 2477/3456/1769 2478/3457/1770 
f 2478/3457/1770 2464/3433/1756 2465/3435/1757 
f 2464/3433/1756 2478/3457/1770 2479/3458/1771 
f 2477/3456/1769 2479/3458/1771 2478/3457/1770 
f 2479/3458/1771 2466/3437/1758 2464/3433/1756 
f 2466/3437/1758 2479/3458/1771 2480/3459/1772 
f 2479/3458/1771 2477/3456/1769 2480/3459/1772 
f 2480/3459/1772 2481/3460/1773 2466/3437/1758 
f 2477/3456/1769 2481/3460/1773 2480/3459/1772 
f 2468/3439/1760 2466/3437/1758 2481/3460/1773 
f 2482/3461/1774 2468/3439/1760 2481/3460/1773 
f 2481/3460/1773 2477/3456/1769 2482/3461/1774 
f 2470/3443/1762 2468/3439/1760 2482/3461/1774 
f 2483/3462/1775 2470/3443/1762 2482/3461/1774 
f 2477/3456/1769 2483/3462/1775 2482/3461/1774 
f 2470/3443/1762 2483/3462/1775 2472/3448/1764 
f 2483/3462/1775 2477/3456/1769 2484/3463/1776 
f 2484/3463/1776 2472/3448/1764 2483/3462/1775 
f 2477/3456/1769 2475/3454/1767 2485/3464/1777 
f 2475/3454/1767 2474/3451/1766 2485/3464/1777 
f 2486/3465/1778 2477/3456/1769 2485/3464/1777 
f 2474/3451/1766 2486/3465/1778 2485/3464/1777 
f 2477/3456/1769 2486/3465/1778 2484/3463/1776 
f 2487/3466/1779 2472/3448/1764 2484/3463/1776 
f 2486/3465/1778 2487/3466/1779 2484/3463/1776 
f 435/3449/253 2472/3448/1764 2487/3466/1779 
f 2486/3465/1778 2474/3451/1766 2488/3453/1780 
f 2487/3466/1779 2486/3465/1778 2488/3453/1780 
f 2487/3466/1779 2488/3453/1780 435/3449/253 
f 2474/3451/1766 438/3453/256 2488/3453/1780 
f 435/3449/253 2488/3453/1780 438/3453/256 
f 486/3467/248 483/3468/245 2489/3467/1756 
f 2489/3467/1756 499/3469/261 486/3467/248 
f 2490/3470/1757 2489/3467/1756 483/3468/245 
f 483/3468/245 480/3471/242 2490/3470/1757 
f 499/3469/261 2489/3467/1756 2491/3472/1758 
f 2492/3473/1759 2490/3470/1757 480/3471/242 
f 2493/3474/1760 499/3469/261 2491/3472/1758 
f 501/3475/263 499/3469/261 2493/3474/1760 
f 480/3471/242 2494/3476/1761 2492/3473/1759 
f 2494/3476/1761 480/3471/242 479/3477/241 
f 2495/3478/1762 501/3475/263 2493/3474/1760 
f 487/3479/249 501/3475/263 2495/3478/1762 
f 2495/3478/1762 488/3480/265 487/3479/249 
f 479/3477/241 2496/3481/1763 2494/3476/1761 
f 2496/3481/1763 479/3477/241 496/3482/258 
f 488/3480/265 2495/3478/1762 2497/3483/1764 
f 2497/3483/1764 491/3484/253 488/3480/265 
f 2496/3481/1763 2498/3485/1765 2494/3476/1761 
f 2498/3485/1765 2492/3473/1759 2494/3476/1761 
f 496/3482/258 2499/3486/1766 2496/3481/1763 
f 2499/3486/1766 496/3482/258 498/3487/260 
f 498/3487/260 494/3488/256 2499/3486/1766 
f 2498/3485/1765 2496/3481/1763 2500/3489/1767 
f 2499/3486/1766 2500/3489/1767 2496/3481/1763 
f 2492/3473/1759 2498/3485/1765 2501/3490/1768 
f 2501/3490/1768 2490/3470/1757 2492/3473/1759 
f 2500/3489/1767 2502/3491/1769 2498/3485/1765 
f 2502/3491/1769 2501/3490/1768 2498/3485/1765 
f 2490/3470/1757 2501/3490/1768 2503/3492/1770 
f 2501/3490/1768 2502/3491/1769 2503/3492/1770 
f 2503/3492/1770 2489/3467/1756 2490/3470/1757 
f 2489/3467/1756 2503/3492/1770 2504/3493/1771 
f 2502/3491/1769 2504/3493/1771 2503/3492/1770 
f 2504/3493/1771 2491/3472/1758 2489/3467/1756 
f 2491/3472/1758 2504/3493/1771 2505/3494/1772 
f 2504/3493/1771 2502/3491/1769 2505/3494/1772 
f 2505/3494/1772 2506/3495/1773 2491/3472/1758 
f 2502/3491/1769 2506/3495/1773 2505/3494/1772 
f 2493/3474/1760 2491/3472/1758 2506/3495/1773 
f 2507/3496/1774 2493/3474/1760 2506/3495/1773 
f 2506/3495/1773 2502/3491/1769 2507/3496/1774 
f 2495/3478/1762 2493/3474/1760 2507/3496/1774 
f 2508/3497/1775 2495/3478/1762 2507/3496/1774 
f 2502/3491/1769 2508/3497/1775 2507/3496/1774 
f 2495/3478/1762 2508/3497/1775 2497/3483/1764 
f 2508/3497/1775 2502/3491/1769 2509/3498/1776 
f 2509/3498/1776 2497/3483/1764 2508/3497/1775 
f 2502/3491/1769 2500/3489/1767 2510/3499/1777 
f 2500/3489/1767 2499/3486/1766 2510/3499/1777 
f 2511/3500/1778 2502/3491/1769 2510/3499/1777 
f 2499/3486/1766 2511/3500/1778 2510/3499/1777 
f 2502/3491/1769 2511/3500/1778 2509/3498/1776 
f 2512/3501/1779 2497/3483/1764 2509/3498/1776 
f 2511/3500/1778 2512/3501/1779 2509/3498/1776 
f 491/3484/253 2497/3483/1764 2512/3501/1779 
f 2511/3500/1778 2499/3486/1766 2513/3502/1780 
f 2512/3501/1779 2511/3500/1778 2513/3502/1780 
f 2512/3501/1779 2513/3502/1780 491/3484/253 
f 2499/3486/1766 494/3488/256 2513/3502/1780 
f 491/3484/253 2513/3502/1780 494/3488/256 
f 542/3503/248 539/3504/245 2514/3505/1756 
f 2514/3505/1756 555/3506/261 542/3503/248 
f 2515/3507/1757 2514/3505/1756 539/3504/245 
f 539/3504/245 536/3508/242 2515/3507/1757 
f 555/3506/261 2514/3505/1756 2516/3509/1758 
f 2517/3510/1759 2515/3507/1757 536/3508/242 
f 2518/3511/1760 555/3506/261 2516/3509/1758 
f 557/3512/263 555/3506/261 2518/3511/1760 
f 536/3508/242 2519/3513/1761 2517/3510/1759 
f 2519/3513/1761 536/3508/242 535/3514/241 
f 2520/3515/1762 557/3512/263 2518/3511/1760 
f 543/3516/249 557/3512/263 2520/3515/1762 
f 2520/3515/1762 544/3517/265 543/3516/249 
f 535/3514/241 2521/3518/1763 2519/3513/1761 
f 2521/3518/1763 535/3514/241 552/3519/258 
f 544/3517/265 2520/3515/1762 2522/3520/1764 
f 2522/3520/1764 547/3521/253 544/3517/265 
f 2521/3518/1763 2523/3522/1765 2519/3513/1761 
f 2523/3522/1765 2517/3510/1759 2519/3513/1761 
f 552/3519/258 2524/3523/1766 2521/3518/1763 
f 2524/3523/1766 552/3519/258 554/3524/260 
f 554/3524/260 550/3525/256 2524/3523/1766 
f 2523/3522/1765 2521/3518/1763 2525/3526/1767 
f 2524/3523/1766 2525/3526/1767 2521/3518/1763 
f 2517/3510/1759 2523/3522/1765 2526/3527/1768 
f 2526/3527/1768 2515/3507/1757 2517/3510/1759 
f 2525/3526/1767 2527/3528/1769 2523/3522/1765 
f 2527/3528/1769 2526/3527/1768 2523/3522/1765 
f 2515/3507/1757 2526/3527/1768 2528/3529/1770 
f 2526/3527/1768 2527/3528/1769 2528/3529/1770 
f 2528/3529/1770 2514/3505/1756 2515/3507/1757 
f 2514/3505/1756 2528/3529/1770 2529/3530/1771 
f 2527/3528/1769 2529/3530/1771 2528/3529/1770 
f 2529/3530/1771 2516/3509/1758 2514/3505/1756 
f 2516/3509/1758 2529/3530/1771 2530/3531/1772 
f 2529/3530/1771 2527/3528/1769 2530/3531/1772 
f 2530/3531/1772 2531/3532/1773 2516/3509/1758 
f 2527/3528/1769 2531/3532/1773 2530/3531/1772 
f 2518/3511/1760 2516/3509/1758 2531/3532/1773 
f 2532/3533/1774 2518/3511/1760 2531/3532/1773 
f 2531/3532/1773 2527/3528/1769 2532/3533/1774 
f 2520/3515/1762 2518/3511/1760 2532/3533/1774 
f 2533/3534/1775 2520/3515/1762 2532/3533/1774 
f 2527/3528/1769 2533/3534/1775 2532/3533/1774 
f 2520/3515/1762 2533/3534/1775 2522/3520/1764 
f 2533/3534/1775 2527/3528/1769 2534/3535/1776 
f 2534/3535/1776 2522/3520/1764 2533/3534/1775 
f 2527/3528/1769 2525/3526/1767 2535/3536/1777 
f 2525/3526/1767 2524/3523/1766 2535/3536/1777 
f 2536/3537/1778 2527/3528/1769 2535/3536/1777 
f 2524/3523/1766 2536/3537/1778 2535/3536/1777 
f 2527/3528/1769 2536/3537/1778 2534/3535/1776 
f 2537/3538/1779 2522/3520/1764 2534/3535/1776 
f 2536/3537/1778 2537/3538/1779 2534/3535/1776 
f 547/3521/253 2522/3520/1764 2537/3538/1779 
f 2536/3537/1778 2524/3523/1766 2538/3525/1780 
f 2537/3538/1779 2536/3537/1778 2538/3525/1780 
f 2537/3538/1779 2538/3525/1780 547/3521/253 
f 2524/3523/1766 550/3525/256 2538/3525/1780 
f 547/3521/253 2538/3525/1780 550/3525/256 
usemtl MI_Lab_FumeHood1
f 3/3539/2 4/3540/2 2539/3541/1781 
f 2539/3541/1781 2540/3542/1781 3/3539/2 
f 7/3543/4 6/3544/4 2541/3545/1782 
f 2541/3545/1782 2542/3546/1782 7/3543/4 
f 711/3547/420 712/3548/421 1418/3549/1140 
f 1418/3549/1140 712/3548/421 1680/3550/1402 
f 1419/3551/1141 1418/3549/1140 1680/3550/1402 
f 1680/3550/1402 1679/3552/1401 1419/3551/1141 
f 1214/3553/936 1419/3551/1141 1679/3552/1401 
f 1419/3551/1141 1214/3553/936 1213/3554/935 
f 787/3555/496 788/3556/497 1469/3557/1191 
f 1469/3557/1191 788/3556/497 1826/3558/1548 
f 1826/3558/1548 1465/3559/1187 1469/3557/1191 
f 1465/3559/1187 1826/3558/1548 1827/3560/1549 
f 1815/3561/1537 1465/3559/1187 1827/3560/1549 
f 1465/3559/1187 1815/3561/1537 1461/3562/1183 
f 1815/3561/1537 1463/3563/1185 1461/3562/1183 
f 1463/3563/1185 1815/3561/1537 1812/3564/1534 
f 1467/3565/1189 1463/3563/1185 1812/3564/1534 
f 1812/3564/1534 1811/3566/1533 1467/3565/1189 
f 801/3567/510 1467/3565/1189 1811/3566/1533 
f 1467/3565/1189 801/3567/510 800/3568/509 
f 2543/3569/1783 2544/3570/1783 2545/3571/1784 
f 2544/3570/1783 2543/3569/1783 2546/3572/1783 
f 2547/3573/1785 2546/3572/1783 2543/3569/1783 
f 2546/3572/1783 2547/3573/1785 2548/3574/1785 
f 2549/3575/1786 2548/3574/1785 2547/3573/1785 
f 2548/3574/1785 2549/3575/1786 2550/3576/1786 
f 2551/3577/1787 2552/3578/1788 2553/3579/1789 
f 2552/3578/1788 2551/3577/1787 2554/3580/1788 
f 2554/3580/1788 2555/3581/1790 2552/3578/1788 
f 2555/3581/1790 2554/3580/1788 2556/3582/1790 
f 2556/3582/1790 2557/3583/1791 2555/3581/1790 
f 2555/3581/1790 2557/3583/1791 2558/3584/1792 
f 2557/3583/1791 1250/3585/972 2558/3584/1792 
f 2557/3583/1791 2556/3582/1790 2559/3586/1793 
f 1250/3585/972 2557/3583/1791 1253/3587/975 
f 2557/3583/1791 2560/3588/1794 1253/3587/975 
f 2561/3589/1795 1253/3587/975 2560/3588/1794 
f 2559/3586/1793 2562/3590/1796 2557/3583/1791 
f 2560/3588/1794 2557/3583/1791 2562/3590/1796 
f 2562/3590/1796 2559/3586/1793 2563/3591/1797 
f 2564/3592/1798 2563/3591/1797 2559/3586/1793 
f 2565/3593/1799 2561/3589/1795 2560/3588/1794 
f 2566/3594/1800 2561/3589/1795 2565/3593/1799 
f 2565/3593/1799 2567/3595/1801 2566/3594/1800 
f 2563/3591/1797 2564/3592/1798 2568/3596/1802 
f 2567/3595/1801 2565/3593/1799 2569/3597/1803 
f 2569/3597/1803 1236/3598/958 2567/3595/1801 
f 1236/3598/958 2570/3599/1804 1233/3600/955 
f 2570/3599/1804 1236/3598/958 2571/3601/1805 
f 1236/3598/958 2569/3597/1803 2571/3601/1805 
f 2571/3601/1805 2572/3602/1806 2570/3599/1804 
f 2572/3602/1806 2571/3601/1805 2573/3603/1806 
f 2574/3604/1807 2572/3602/1806 2573/3603/1806 
f 2572/3602/1806 2574/3604/1807 2575/3605/1808 
f 2576/3606/1809 2575/3605/1808 2574/3604/1807 
f 2575/3605/1808 2576/3606/1809 2577/3607/1810 
f 2573/3603/1806 2571/3601/1805 2578/3608/1811 
f 2571/3601/1805 2579/3609/1812 2578/3608/1811 
f 2580/3610/1813 2578/3608/1811 2579/3609/1812 
f 2579/3609/1812 2571/3601/1805 2581/3611/1814 
f 2569/3597/1803 2581/3611/1814 2571/3601/1805 
f 2580/3610/1813 2579/3609/1812 2582/3612/1815 
f 2579/3609/1812 2581/3611/1814 604/3613/311 
f 604/3613/311 606/3614/313 2579/3609/1812 
f 606/3614/313 2582/3612/1815 2579/3609/1812 
f 604/3613/311 2581/3611/1814 1007/3615/713 
f 2582/3612/1815 606/3614/313 608/3616/314 
f 1010/3617/716 1007/3615/713 2581/3611/1814 
f 608/3616/314 609/3618/315 2582/3612/1815 
f 2581/3611/1814 2583/3619/1816 1010/3617/716 
f 2581/3611/1814 2569/3597/1803 2583/3619/1816 
f 1010/3617/716 2583/3619/1816 1018/3620/723 
f 2583/3619/1816 1014/3621/720 1018/3620/723 
f 2584/3622/1817 2583/3619/1816 2569/3597/1803 
f 1014/3621/720 2583/3619/1816 2584/3622/1817 
f 2569/3597/1803 2565/3593/1799 2584/3622/1817 
f 1011/3623/717 1014/3621/720 2584/3622/1817 
f 2585/3624/1818 2582/3612/1815 609/3618/315 
f 2585/3624/1818 2580/3610/1813 2582/3612/1815 
f 609/3618/315 611/3625/317 2585/3624/1818 
f 1011/3623/717 2585/3624/1818 611/3625/317 
f 2584/3622/1817 2585/3624/1818 1011/3623/717 
f 2580/3610/1813 2585/3624/1818 2586/3626/1819 
f 2584/3622/1817 2586/3626/1819 2585/3624/1818 
f 2586/3626/1819 2584/3622/1817 2565/3593/1799 
f 2565/3593/1799 2587/3627/1820 2586/3626/1819 
f 2587/3627/1820 2564/3592/1798 2586/3626/1819 
f 2564/3592/1798 2587/3627/1820 2568/3596/1802 
f 2587/3627/1820 2565/3593/1799 2588/3628/1821 
f 2560/3588/1794 2588/3628/1821 2565/3593/1799 
f 599/3629/306 2568/3596/1802 2587/3627/1820 
f 2568/3596/1802 599/3629/306 598/3630/305 
f 601/3631/308 599/3629/306 2587/3627/1820 
f 2587/3627/1820 2588/3628/1821 601/3631/308 
f 598/3630/305 596/3632/303 2568/3596/1802 
f 601/3631/308 2588/3628/1821 1003/3633/709 
f 2563/3591/1797 2568/3596/1802 596/3632/303 
f 1006/3634/712 1003/3633/709 2588/3628/1821 
f 596/3632/303 590/3635/297 2563/3591/1797 
f 590/3635/297 2562/3590/1796 2563/3591/1797 
f 2562/3590/1796 590/3635/297 592/3636/299 
f 592/3636/299 594/3637/301 2562/3590/1796 
f 2588/3628/1821 2589/3638/1822 1006/3634/712 
f 594/3637/301 2589/3638/1822 2562/3590/1796 
f 2588/3628/1821 2560/3588/1794 2589/3638/1822 
f 2562/3590/1796 2589/3638/1822 2560/3588/1794 
f 2589/3638/1822 594/3637/301 1016/3639/722 
f 1016/3639/722 1006/3634/712 2589/3638/1822 
f 2590/3640/1823 2007/3641/1824 2005/3642/1823 
f 2007/3641/1824 2590/3640/1823 2591/3643/1825 
f 2591/3643/1825 2006/3644/1826 2007/3641/1824 
f 2006/3644/1826 2591/3643/1825 2592/3645/1826 
f 2593/3646/1827 2540/3647/1781 2539/3648/1781 
f 2540/3647/1781 2593/3646/1827 2594/3649/1827 
f 2595/3650/1828 2594/3649/1827 2593/3646/1827 
f 2595/3650/1828 2596/3651/1828 2594/3649/1827 
f 2597/3652/1829 2595/3650/1828 2598/3653/1829 
f 2597/3652/1829 2596/3651/1828 2595/3650/1828 
f 2596/3651/1828 2597/3652/1829 2599/3654/1830 
f 2596/3651/1828 2599/3654/1830 2600/3655/1830 
f 2601/3656/1831 11/3657/6 12/3658/6 
f 11/3657/6 2601/3656/1831 2602/3659/1831 
f 2602/3659/1831 2601/3656/1831 2603/3660/1832 
f 2602/3659/1831 2603/3660/1832 2604/3661/1833 
f 2605/3662/1834 2603/3660/1832 2606/3663/1834 
f 2605/3662/1834 2604/3661/1833 2603/3660/1832 
f 2607/3664/1835 2604/3661/1833 2605/3662/1834 
f 2604/3661/1833 2607/3664/1835 2608/3665/1835 
f 2609/3666/1836 2610/3667/1837 2611/3668/1838 
f 2609/3666/1836 2612/3669/1839 2610/3667/1837 
f 2612/3669/1839 2609/3666/1836 2613/3670/1840 
f 2612/3669/1839 2613/3670/1840 2614/3671/1841 
f 2542/3672/1782 2613/3670/1840 2609/3666/1836 
f 2613/3670/1840 2542/3672/1782 2541/3673/1782 
f 2615/3674/1842 2616/3675/1843 2617/3676/1844 
f 2616/3675/1843 2615/3674/1842 2618/3677/1843 
f 2618/3677/1843 2619/3678/1845 2616/3675/1843 
f 2620/3679/1846 2616/3675/1843 2619/3678/1845 
f 2621/3680/1847 1031/3681/1848 1032/3682/1849 
f 1031/3681/1848 2621/3680/1847 2622/3683/1848 
f 2623/3684/1850 1031/3681/1848 2622/3683/1848 
f 1031/3681/1848 2623/3684/1850 1033/3685/1851 
f 2624/3686/1852 2625/3687/1853 2626/3688/729 
f 2625/3687/1853 2624/3686/1852 2627/3689/1853 
f 2627/3689/1853 2628/3690/1854 2625/3687/1853 
f 2629/3691/1855 2625/3687/1853 2628/3690/1854 
f 2630/3692/724 2631/3693/1856 2632/3694/726 
f 2631/3693/1856 2630/3692/724 2633/3695/1856 
f 2634/3696/1857 2631/3693/1856 2633/3695/1856 
f 2631/3693/1856 2634/3696/1857 2635/3697/1857 
f 2617/3676/734 2622/3683/1858 2621/3680/734 
f 2622/3683/1858 2617/3676/734 2616/3675/1859 
f 2620/3679/1860 2622/3683/1858 2616/3675/1859 
f 2622/3683/1858 2620/3679/1860 2623/3684/1861 
f 2632/3694/734 2627/3689/1862 2624/3686/734 
f 2627/3689/1862 2632/3694/734 2631/3693/1863 
f 2635/3697/1864 2627/3689/1862 2631/3693/1863 
f 2627/3689/1862 2635/3697/1864 2628/3690/1865 
f 2618/3698/1866 2615/3699/1867 2626/3700/1868 
f 2618/3698/1866 2626/3700/1868 2625/3701/1869 
f 2629/3702/1870 2618/3698/1866 2625/3701/1869 
f 2618/3698/1866 2629/3702/1870 2619/3703/1871 
f 622/3704/1872 2636/3705/755 620/3706/755 
f 2636/3705/755 622/3704/1872 2637/3707/1872 
f 622/3704/1872 2638/3708/1873 2637/3707/1872 
f 2638/3708/1873 622/3704/1872 624/3709/1874 
f 2637/3707/1875 2590/3640/760 2636/3705/760 
f 2591/3643/1876 2590/3640/760 2637/3707/1875 
f 2637/3707/1875 2592/3645/1877 2591/3643/1876 
f 2592/3645/1877 2637/3707/1875 2638/3708/1878 
f 2639/3710/1879 2640/3711/1880 2641/3712/1879 
f 2642/3713/1881 2640/3711/1880 2639/3710/1879 
f 2640/3711/1880 2642/3713/1881 2643/3714/1880 
f 2643/3714/1880 2642/3713/1881 2644/3715/1881 
f 2640/3711/1880 2643/3714/1880 10/3716/5 
f 9/3717/5 10/3716/5 2643/3714/1880 
f 2553/3718/1789 2645/3719/1882 2551/3720/1787 
f 2645/3719/1882 2553/3718/1789 2646/3721/1882 
f 2645/3719/1882 2646/3721/1882 2647/3722/1883 
f 2553/3718/1789 2648/3723/1884 2646/3721/1882 
f 2647/3722/1883 2646/3721/1882 2649/3724/1883 
f 2649/3724/1883 2646/3721/1882 2650/3725/1885 
f 2646/3721/1882 2648/3723/1884 2650/3725/1885 
f 2649/3724/1883 2650/3725/1885 2651/3726/1886 
f 2650/3725/1885 2652/3727/1887 2651/3726/1886 
f 2648/3723/1884 2653/3728/1888 2650/3725/1885 
f 2652/3727/1887 2650/3725/1885 2653/3728/1888 
f 2653/3728/1888 2648/3723/1884 2654/3729/1889 
f 579/3730/286 2652/3727/1887 2653/3728/1888 
f 2654/3729/1889 579/3730/286 2653/3728/1888 
f 579/3730/286 2654/3729/1889 577/3731/284 
f 2655/3732/1890 2577/3733/1810 2576/3734/1809 
f 2577/3733/1810 2655/3732/1890 2656/3735/1890 
f 2657/3736/1891 2656/3735/1890 2655/3732/1890 
f 2656/3735/1890 2658/3737/1892 2577/3733/1810 
f 2656/3735/1890 2657/3736/1891 2659/3738/1891 
f 2659/3738/1891 2660/3739/1893 2656/3735/1890 
f 2658/3737/1892 2656/3735/1890 2660/3739/1893 
f 2660/3739/1893 2659/3738/1891 2661/3740/1894 
f 2662/3741/1895 2660/3739/1893 2661/3740/1894 
f 2663/3742/1896 2658/3737/1892 2660/3739/1893 
f 2663/3742/1896 2660/3739/1893 2662/3741/1895 
f 2664/3743/1897 2658/3737/1892 2663/3742/1896 
f 588/3744/295 2663/3742/1896 2662/3741/1895 
f 588/3744/295 2664/3743/1897 2663/3742/1896 
f 587/3745/294 2664/3743/1897 588/3744/295 
f 2665/3746/1898 2666/3747/1899 2667/3748/1900 
f 2666/3747/1899 2665/3746/1898 2668/3749/1901 
f 2669/3750/1902 2666/3747/1899 2668/3749/1901 
f 2668/3749/1901 2665/3746/1898 1027/3751/1868 
f 2669/3750/1902 2668/3749/1901 2670/3752/1903 
f 2668/3749/1901 1027/3751/1868 1026/3753/1904 
f 2670/3752/1903 2668/3749/1901 1026/3753/1904 
f 2670/3752/1903 1026/3753/1904 1030/3754/1905 
f 1252/3755/974 2021/3756/1639 1256/3757/978 
f 2021/3756/1639 1252/3755/974 2671/3758/1906 
f 1253/3759/975 2671/3758/1906 1252/3755/974 
f 2671/3758/1906 1253/3759/975 2561/3760/1795 
f 2566/3761/1800 2671/3758/1906 2561/3760/1795 
f 2672/3762/304 2021/3756/1639 2671/3758/1906 
f 2671/3758/1906 2566/3761/1800 2672/3762/304 
f 2021/3756/1639 2672/3762/304 2022/3763/1640 
f 2672/3762/304 2033/3764/1651 2022/3763/1640 
f 2566/3761/1800 2673/3765/304 2672/3762/304 
f 2033/3764/1651 2672/3762/304 2673/3765/304 
f 2673/3765/304 2566/3761/1800 2567/3766/1801 
f 1236/3767/958 2673/3765/304 2567/3766/1801 
f 2673/3765/304 1236/3767/958 1235/3768/957 
f 1235/3768/957 2033/3764/1651 2673/3765/304 
f 2033/3764/1651 1235/3768/957 1239/3769/961 
f 2674/3770/1907 1224/3771/946 1223/3772/945 
f 1224/3771/946 2674/3770/1907 2675/3773/1785 
f 2676/3774/1908 2675/3773/1785 2674/3770/1907 
f 2675/3773/1785 2677/3775/1909 1224/3771/946 
f 2677/3775/1909 1227/3776/949 1224/3771/946 
f 2675/3773/1785 2676/3774/1908 2678/3777/1783 
f 1242/3778/964 2678/3777/1783 2676/3774/1908 
f 2678/3777/1783 1242/3778/964 1241/3779/963 
f 2677/3775/1909 2675/3773/1785 2679/3780/1910 
f 2678/3777/1783 2679/3780/1910 2675/3773/1785 
f 2680/3781/1911 1227/3776/949 2677/3775/1909 
f 2680/3781/1911 1230/3782/952 1227/3776/949 
f 2677/3775/1909 2679/3780/1910 576/3783/283 
f 576/3783/283 1002/3784/708 2677/3775/1909 
f 1002/3784/708 2680/3781/1911 2677/3775/1909 
f 573/3785/280 576/3783/283 2679/3780/1910 
f 1002/3784/708 2681/3786/1912 2680/3781/1911 
f 1230/3782/952 2680/3781/1911 2681/3786/1912 
f 2681/3786/1912 1002/3784/708 570/3787/277 
f 2682/3788/1913 573/3785/280 2679/3780/1910 
f 2679/3780/1910 2678/3777/1783 2682/3788/1913 
f 573/3785/280 2682/3788/1913 571/3789/278 
f 2682/3788/1913 114/3790/84 571/3789/278 
f 2683/3791/1914 2682/3788/1913 2678/3777/1783 
f 114/3790/84 2682/3788/1913 2683/3791/1914 
f 2678/3777/1783 1241/3779/963 2683/3791/1914 
f 2683/3791/1914 116/3792/86 114/3790/84 
f 1244/3793/966 2683/3791/1914 1241/3779/963 
f 116/3792/86 2683/3791/1914 2684/3794/1915 
f 2683/3791/1914 1244/3793/966 2684/3794/1915 
f 2684/3794/1915 118/3795/88 116/3792/86 
f 1246/3796/968 2684/3794/1915 1244/3793/966 
f 118/3795/88 2684/3794/1915 2685/3797/1916 
f 2684/3794/1915 1246/3796/968 2685/3797/1916 
f 2686/3798/1917 118/3795/88 2685/3797/1916 
f 1246/3796/968 2686/3798/1917 2685/3797/1916 
f 1248/3799/970 2686/3798/1917 1246/3796/968 
f 118/3795/88 2686/3798/1917 559/3800/266 
f 2015/3801/1633 2686/3798/1917 1248/3799/970 
f 2686/3798/1917 2687/3802/1918 559/3800/266 
f 2686/3798/1917 2015/3801/1633 2687/3802/1918 
f 559/3800/266 2687/3802/1918 561/3803/268 
f 2018/3804/1636 2687/3802/1918 2015/3801/1633 
f 2687/3802/1918 563/3805/270 561/3803/268 
f 2687/3802/1918 2018/3804/1636 2688/3806/1919 
f 563/3805/270 2687/3802/1918 2688/3806/1919 
f 2018/3804/1636 2689/3807/1920 2688/3806/1919 
f 2688/3806/1919 2689/3807/1920 563/3805/270 
f 565/3808/272 563/3805/270 2689/3807/1920 
f 2689/3807/1920 2018/3804/1636 2027/3809/1645 
f 2689/3807/1920 567/3810/274 565/3808/272 
f 2690/3811/1921 2689/3807/1920 2027/3809/1645 
f 567/3810/274 2689/3807/1920 2690/3811/1921 
f 2027/3809/1645 1231/3812/953 2690/3811/1921 
f 2690/3811/1921 570/3787/277 567/3810/274 
f 1230/3782/952 2690/3811/1921 1231/3812/953 
f 570/3787/277 2690/3811/1921 2681/3786/1912 
f 2690/3811/1921 1230/3782/952 2681/3786/1912 
f 1225/3813/947 2691/3814/1922 1223/3815/945 
f 1223/3815/945 2691/3814/1922 2692/3816/1923 
f 2693/3817/1924 2692/3816/1923 2691/3814/1922 
f 2692/3816/1923 2694/3818/1925 1223/3815/945 
f 1223/3815/945 2694/3818/1925 2674/3819/1907 
f 2694/3818/1925 2676/3820/1908 2674/3819/1907 
f 2695/3821/1926 2692/3816/1923 2693/3817/1924 
f 2696/3822/1927 2695/3821/1926 2693/3817/1924 
f 2676/3820/1908 2694/3818/1925 2697/3823/1928 
f 2697/3823/1928 1242/3824/964 2676/3820/1908 
f 2695/3821/1926 2696/3822/1927 2698/3825/1929 
f 2664/3826/1897 2698/3825/1929 2696/3822/1927 
f 2698/3825/1929 2664/3826/1897 587/3827/294 
f 585/3828/292 2698/3825/1929 587/3827/294 
f 2698/3825/1929 585/3828/292 2699/3829/1930 
f 2698/3825/1929 2699/3829/1930 2695/3821/1926 
f 585/3828/292 583/3830/290 2699/3829/1930 
f 2695/3821/1926 2699/3829/1930 2700/3831/1931 
f 2692/3816/1923 2695/3821/1926 2700/3831/1931 
f 2699/3829/1930 583/3830/290 2701/3832/1932 
f 2699/3829/1930 2701/3832/1932 2700/3831/1931 
f 583/3830/290 582/3833/289 2701/3832/1932 
f 2702/3834/1933 2692/3816/1923 2700/3831/1931 
f 2700/3831/1931 2701/3832/1932 2702/3834/1933 
f 2692/3816/1923 2702/3834/1933 2694/3818/1925 
f 2701/3832/1932 582/3833/289 2703/3835/1934 
f 2701/3832/1932 2703/3835/1934 2702/3834/1933 
f 2704/3836/1935 2694/3818/1925 2702/3834/1933 
f 2702/3834/1933 2703/3835/1934 2704/3836/1935 
f 2694/3818/1925 2704/3836/1935 2697/3823/1928 
f 582/3833/289 2705/3837/1936 2703/3835/1934 
f 2703/3835/1934 2705/3837/1936 2704/3836/1935 
f 2705/3837/1936 582/3833/289 580/3838/287 
f 2704/3836/1935 2706/3839/1937 2697/3823/1928 
f 1242/3824/964 2697/3823/1928 2706/3839/1937 
f 1240/3840/962 1242/3824/964 2706/3839/1937 
f 2707/3841/1938 1240/3840/962 2706/3839/1937 
f 2706/3839/1937 2708/3842/1939 2707/3841/1938 
f 2706/3839/1937 2704/3836/1935 2709/3843/1940 
f 2704/3836/1935 2705/3837/1936 2709/3843/1940 
f 2706/3839/1937 2710/3844/1941 2708/3842/1939 
f 2710/3844/1941 2706/3839/1937 2709/3843/1940 
f 2705/3837/1936 2710/3844/1941 2709/3843/1940 
f 2708/3842/1939 2710/3844/1941 2711/3845/1942 
f 2710/3844/1941 2705/3837/1936 2712/3846/1943 
f 2712/3846/1943 2711/3845/1942 2710/3844/1941 
f 580/3838/287 2712/3846/1943 2705/3837/1936 
f 2711/3845/1942 2712/3846/1943 2654/3847/1889 
f 2712/3846/1943 580/3838/287 577/3848/284 
f 2712/3846/1943 577/3848/284 2654/3847/1889 
f 2713/3849/1944 2714/3850/1945 2715/3851/1811 
f 2713/3849/1944 2716/3852/1946 2717/3853/1947 
f 2714/3850/1945 2713/3849/1944 2718/3854/1948 
f 2713/3849/1944 2717/3853/1947 2718/3854/1948 
f 2718/3854/1948 2630/3855/739 2714/3850/1945 
f 2718/3854/1948 2717/3853/1947 2634/3856/1949 
f 2630/3855/739 2718/3854/1948 2633/3857/1950 
f 2718/3854/1948 2634/3856/1949 2633/3857/1950 
f 1233/3858/955 2719/3859/1951 1228/3860/950 
f 2719/3859/1951 1225/3861/947 1228/3860/950 
f 2570/3862/1804 2719/3859/1951 1233/3858/955 
f 1225/3861/947 2719/3859/1951 2691/3863/1922 
f 2570/3862/1804 2720/3864/1952 2719/3859/1951 
f 2720/3864/1952 2691/3863/1922 2719/3859/1951 
f 2720/3864/1952 2570/3862/1804 2572/3865/1806 
f 2720/3864/1952 2693/3866/1924 2691/3863/1922 
f 2575/3867/1808 2720/3864/1952 2572/3865/1806 
f 2720/3864/1952 2696/3868/1927 2693/3866/1924 
f 2720/3864/1952 2575/3867/1808 2721/3869/1953 
f 2696/3868/1927 2720/3864/1952 2721/3869/1953 
f 2577/3870/1810 2721/3869/1953 2575/3867/1808 
f 2721/3869/1953 2664/3871/1897 2696/3868/1927 
f 2721/3869/1953 2577/3870/1810 2658/3872/1892 
f 2664/3871/1897 2721/3869/1953 2658/3872/1892 
f 2722/3873/1954 1250/3874/972 1245/3875/967 
f 1240/3876/962 2722/3873/1954 1245/3875/967 
f 1250/3874/972 2722/3873/1954 2558/3877/1792 
f 2722/3873/1954 1240/3876/962 2707/3878/1938 
f 2723/3879/1955 2558/3877/1792 2722/3873/1954 
f 2707/3878/1938 2723/3879/1955 2722/3873/1954 
f 2558/3877/1792 2723/3879/1955 2555/3880/1790 
f 2723/3879/1955 2707/3878/1938 2708/3881/1939 
f 2723/3879/1955 2552/3882/1788 2555/3880/1790 
f 2711/3883/1942 2723/3879/1955 2708/3881/1939 
f 2552/3882/1788 2723/3879/1955 2724/3884/1956 
f 2723/3879/1955 2711/3883/1942 2724/3884/1956 
f 2552/3882/1788 2724/3884/1956 2553/3885/1789 
f 2654/3886/1889 2724/3884/1956 2711/3883/1942 
f 2553/3885/1789 2724/3884/1956 2648/3887/1884 
f 2724/3884/1956 2654/3886/1889 2648/3887/1884 
# 0 polygons - 5011 triangles

