<?xml version="1.0" encoding="utf-8"?>
<COLLADA xmlns="http://www.collada.org/2005/11/COLLADASchema" version="1.4.1">
  <asset>
    <contributor>
      <author>Hallow</author>
      <authoring_tool>Blender 2.77.0 commit date:2016-03-18, commit time:12:34, hash:22a2853</authoring_tool>
    </contributor>
    <created>2019-11-28T23:43:46</created>
    <modified>2019-11-28T23:43:46</modified>
    <unit name="meter" meter="1"/>
    <up_axis>Z_UP</up_axis>
  </asset>
  <library_images>
    <image id="instance_obj_wr01_tree02_low01_alb_png" name="instance_obj_wr01_tree02_low01_alb_png">
      <init_from>instance_obj_wr01_tree02_low01_alb.png</init_from>
    </image>
    <image id="instance_obj_wr01_treetrunk01_alb_png" name="instance_obj_wr01_treetrunk01_alb_png">
      <init_from>instance_obj_wr01_treetrunk01_alb.png</init_from>
    </image>
    <image id="instance_obj_wr01_treeleaf02_alb_png" name="instance_obj_wr01_treeleaf02_alb_png">
      <init_from>instance_obj_wr01_treeleaf02_alb.png</init_from>
    </image>
  </library_images>
  <library_effects>
    <effect id="instance_obj_wr01_tree02_low01-effect">
      <profile_COMMON>
        <newparam sid="instance_obj_wr01_tree02_low01_alb_png-surface">
          <surface type="2D">
            <init_from>instance_obj_wr01_tree02_low01_alb_png</init_from>
          </surface>
        </newparam>
        <newparam sid="instance_obj_wr01_tree02_low01_alb_png-sampler">
          <sampler2D>
            <source>instance_obj_wr01_tree02_low01_alb_png-surface</source>
          </sampler2D>
        </newparam>
        <technique sid="common">
          <phong>
            <emission>
              <color sid="emission">0 0 0 1</color>
            </emission>
            <ambient>
              <color sid="ambient">0 0 0 1</color>
            </ambient>
            <diffuse>
              <texture texture="instance_obj_wr01_tree02_low01_alb_png-sampler" texcoord="wr01_tree02_LOD1-texcoord"/>
            </diffuse>
            <specular>
              <color sid="specular">0 0 0 1</color>
            </specular>
            <shininess>
              <float sid="shininess">1</float>
            </shininess>
            <index_of_refraction>
              <float sid="index_of_refraction">1</float>
            </index_of_refraction>
          </phong>
        </technique>
      </profile_COMMON>
    </effect>
    <effect id="instance_obj_wr01_treetrunk01-effect">
      <profile_COMMON>
        <newparam sid="instance_obj_wr01_treetrunk01_alb_png-surface">
          <surface type="2D">
            <init_from>instance_obj_wr01_treetrunk01_alb_png</init_from>
          </surface>
        </newparam>
        <newparam sid="instance_obj_wr01_treetrunk01_alb_png-sampler">
          <sampler2D>
            <source>instance_obj_wr01_treetrunk01_alb_png-surface</source>
          </sampler2D>
        </newparam>
        <technique sid="common">
          <phong>
            <emission>
              <color sid="emission">0 0 0 1</color>
            </emission>
            <ambient>
              <color sid="ambient">0 0 0 1</color>
            </ambient>
            <diffuse>
              <texture texture="instance_obj_wr01_treetrunk01_alb_png-sampler" texcoord="wr01_tree02-texcoord"/>
            </diffuse>
            <specular>
              <color sid="specular">0 0 0 1</color>
            </specular>
            <shininess>
              <float sid="shininess">1</float>
            </shininess>
            <index_of_refraction>
              <float sid="index_of_refraction">1</float>
            </index_of_refraction>
          </phong>
        </technique>
      </profile_COMMON>
    </effect>
    <effect id="instance_obj_wr01_treeleaf02-effect">
      <profile_COMMON>
        <newparam sid="instance_obj_wr01_treeleaf02_alb_png-surface">
          <surface type="2D">
            <init_from>instance_obj_wr01_treeleaf02_alb_png</init_from>
          </surface>
        </newparam>
        <newparam sid="instance_obj_wr01_treeleaf02_alb_png-sampler">
          <sampler2D>
            <source>instance_obj_wr01_treeleaf02_alb_png-surface</source>
          </sampler2D>
        </newparam>
        <technique sid="common">
          <phong>
            <emission>
              <color sid="emission">0 0 0 1</color>
            </emission>
            <ambient>
              <color sid="ambient">0 0 0 1</color>
            </ambient>
            <diffuse>
              <texture texture="instance_obj_wr01_treeleaf02_alb_png-sampler" texcoord="wr01_tree02-texcoord"/>
            </diffuse>
            <specular>
              <color sid="specular">0 0 0 1</color>
            </specular>
            <shininess>
              <float sid="shininess">1</float>
            </shininess>
            <index_of_refraction>
              <float sid="index_of_refraction">1</float>
            </index_of_refraction>
          </phong>
        </technique>
      </profile_COMMON>
    </effect>
  </library_effects>
  <library_materials>
    <material id="instance_obj_wr01_tree02_low01-material" name="instance_obj_wr01_tree02_low01">
      <instance_effect url="#instance_obj_wr01_tree02_low01-effect"/>
    </material>
    <material id="instance_obj_wr01_treetrunk01-material" name="instance_obj_wr01_treetrunk01">
      <instance_effect url="#instance_obj_wr01_treetrunk01-effect"/>
    </material>
    <material id="instance_obj_wr01_treeleaf02-material" name="instance_obj_wr01_treeleaf02">
      <instance_effect url="#instance_obj_wr01_treeleaf02-effect"/>
    </material>
  </library_materials>
  <library_geometries>
    <geometry id="wr01_tree02_LOD1-mesh" name="wr01_tree02_LOD1">
      <mesh>
        <source id="wr01_tree02_LOD1-mesh-positions">
          <float_array id="wr01_tree02_LOD1-mesh-positions-array" count="12">-790.1251 -89.01351 0 853.369 -89.01351 0 -790.1251 1791.531 0 853.369 1791.531 0</float_array>
          <technique_common>
            <accessor source="#wr01_tree02_LOD1-mesh-positions-array" count="4" stride="3">
              <param name="X" type="float"/>
              <param name="Y" type="float"/>
              <param name="Z" type="float"/>
            </accessor>
          </technique_common>
        </source>
        <source id="wr01_tree02_LOD1-mesh-normals">
          <float_array id="wr01_tree02_LOD1-mesh-normals-array" count="3">0 0 1</float_array>
          <technique_common>
            <accessor source="#wr01_tree02_LOD1-mesh-normals-array" count="1" stride="3">
              <param name="X" type="float"/>
              <param name="Y" type="float"/>
              <param name="Z" type="float"/>
            </accessor>
          </technique_common>
        </source>
        <source id="wr01_tree02_LOD1-mesh-map-0">
          <float_array id="wr01_tree02_LOD1-mesh-map-0-array" count="12">0.0760498 0.03302001 0.9379883 0.03302001 0.0760498 0.9970703 0.0760498 0.9970703 0.9379883 0.03302001 0.9379883 0.9970703</float_array>
          <technique_common>
            <accessor source="#wr01_tree02_LOD1-mesh-map-0-array" count="6" stride="2">
              <param name="S" type="float"/>
              <param name="T" type="float"/>
            </accessor>
          </technique_common>
        </source>
        <vertices id="wr01_tree02_LOD1-mesh-vertices">
          <input semantic="POSITION" source="#wr01_tree02_LOD1-mesh-positions"/>
        </vertices>
        <polylist material="instance_obj_wr01_tree02_low01-material" count="2">
          <input semantic="VERTEX" source="#wr01_tree02_LOD1-mesh-vertices" offset="0"/>
          <input semantic="NORMAL" source="#wr01_tree02_LOD1-mesh-normals" offset="1"/>
          <input semantic="TEXCOORD" source="#wr01_tree02_LOD1-mesh-map-0" offset="2" set="0"/>
          <vcount>3 3 </vcount>
          <p>0 0 0 1 0 1 2 0 2 2 0 3 1 0 4 3 0 5</p>
        </polylist>
      </mesh>
    </geometry>
    <geometry id="wr01_tree02-mesh" name="wr01_tree02">
      <mesh>
        <source id="wr01_tree02-mesh-positions">
          <float_array id="wr01_tree02-mesh-positions-array" count="4050">72.84471 21.01048 -68.62783 45.06384 51.10094 -35.95561 64.85094 26.77941 -27.01292 82.0599 0 -54.45274 56.06941 0 6.374905 84.18561 -28.8286 -49.14474 30.87764 20.97182 -54.02173 5.520071 300.2235 -12.698 30.60177 88.01086 -22.18687 -18.70641 300.2235 -20.63939 -0.991785 69.87441 -30.05315 18.32494 300.2235 9.347992 49.34864 69.87441 4.905695 3.054667 0 -52.35544 69.00269 -88.72064 -99.40154 59.14305 0 -75.22131 95.61774 -88.72064 -101.147 99.44404 -88.72064 -74.75062 53.62483 -88.72064 -86.06227 79.01506 -88.72064 -57.76967 47.3729 -31.30211 -79.24995 84.18561 -28.8286 -49.14474 56.06941 0 6.374905 3.054667 0 -52.35544 47.3729 -31.30211 -79.24995 -60.68594 24.33667 -76.42611 -36.98227 47.54195 -45.1244 -17.60226 16.12179 -60.82623 -53.64618 3.498775 -85.70326 3.054667 0 -52.35544 -59.79974 18.01937 -31.75536 -43.63029 300.2235 -15.27384 -32.28814 86.44446 -28.29409 -58.6694 300.2235 5.312874 -47.28241 69.87441 -1.276693 -57.57109 0 -2.949146 -96.89992 -89.00816 -100.4048 -72.34682 3.498775 -72.7253 -92.42819 -88.69548 -120.9198 -70.88974 -88.45229 -116.6084 -44.89831 -23.93414 -85.11148 3.054667 0 -52.35544 -74.28172 -23.93415 -65.01426 -57.57109 0 -2.949146 117.604 20.15347 55.33398 75.63364 47.75685 40.38692 71.88639 27.14549 63.9296 96.40837 -30.96304 72.95731 37.18836 0 56.13243 85.23537 26.56904 22.13406 18.25858 300.2235 34.84275 53.57211 93.26383 35.20757 18.32494 300.2235 9.347992 49.34864 69.87441 4.905695 1.248516 300.2235 53.83349 32.79128 69.87441 56.65857 56.06941 0 6.374905 144.8461 -88.72064 47.94197 121.046 0 43.93453 155.4282 -88.72064 70.8978 113.2911 0 66.1058 132.2037 -88.72064 80.87653 108.6871 -29.2538 32.06898 96.40837 -30.96304 72.95731 37.18836 0 56.13243 108.6871 -29.2538 32.06898 56.06941 0 6.374905 120.1921 -88.72064 45.92588 115.4545 -88.72064 77.52216 4.709857 53.04862 81.10853 -21.58005 14.7667 78.06692 -0.9182968 19.09045 120.2343 -14.99407 0 110.3924 -30.45132 0 59.11071 14.53229 0 113.1871 -23.01895 300.2235 61.6487 0.0292167 88.56064 70.69569 -46.33658 300.2235 51.33962 -24.97934 69.87441 51.73888 25.63932 14.7667 81.81824 37.18836 0 56.13243 15.56661 -88.72064 135.1892 -4.370689 -88.72064 152.275 -22.41283 -88.72064 133.1988 23.146 -27.72854 103.9139 -22.12898 -29.41908 104.4434 -16.8645 -88.72064 110.0142 -22.12898 -29.41908 104.4434 17.72757 -88.72064 118.0899 23.146 -27.72854 103.9139 -30.45132 0 59.11071 37.18836 0 56.13243 17.72757 -88.72064 118.0899 -95.20052 0 27.38694 -62.37332 52.96473 36.01078 -65.14417 13.87737 9.679842 -95.20052 0 27.38694 -57.57109 0 -2.949146 -93.43235 -32.11094 21.11577 -50.08128 13.25823 53.47587 -87.49409 0 56.68615 -61.26834 300.2235 30.67493 -48.07523 93.6767 35.10254 -30.45132 0 59.11071 -57.57109 0 -2.949146 -116.3383 -88.72064 67.20673 -138.221 -88.72064 55.49498 -98.25362 16.39895 43.2038 -125.1259 -88.72064 34.41093 -30.45132 0 59.11071 -83.31506 -31.41808 59.58086 -57.57109 0 -2.949146 -93.43235 -32.11094 21.11577 -93.43235 -32.11094 21.11577 -107.0778 -88.72064 30.08307 -97.48506 -88.72064 60.3917 -107.0778 -88.72064 30.08307 -83.31506 -31.41808 59.58086 -30.45132 0 59.11071 56.06941 0 6.374905 37.18836 0 56.13243 0.7185211 595.6979 49.84896 -11.83758 593.7513 5.893557 0.7185211 595.6979 49.84896 58.05996 875.4393 4.53875 51.49159 872.6528 -22.44017 -52.9431 597.3027 4.211206 28.62696 872.8153 -22.86859 -64.17995 600.7452 39.16921 22.03747 875.1721 -1.096459 -35.18611 600.0557 66.37356 37.91604 876.7561 15.28538 58.05996 875.4393 4.53875 26.89083 1309.167 5.5662 26.89083 1309.167 5.5662 26.89083 1309.167 5.5662 26.89083 1309.167 5.5662 26.89083 1309.167 5.5662 -44.89831 -23.93414 -85.11148 -74.28172 -23.93415 -65.01426 -61.51393 -88.54102 -98.84274 -84.12939 -89.01351 -85.63814 -57.57109 0 -2.949146 3.054667 0 -52.35544 37.53465 390.3209 -77.71654 -23.87606 334.3972 -14.73109 44.76276 406.2504 -66.90384 -36.04757 359.7069 8.842001 56.93092 391.5381 -59.83525 -12.8054 341.0383 28.97411 49.18404 369.7969 -70.24245 -8.596226 321.9976 -13.38239 49.18404 369.7969 -70.24245 -8.596226 321.9976 -13.38239 332.3224 566.1072 -262.5522 149.379 437.6104 -126.1162 158.0444 425.7271 -123.4295 148.2326 422.8908 -138.8172 163.5073 410.4436 -135.756 163.5073 410.4436 -135.756 -129.7439 466.6585 190.0214 -120.3041 450.3312 198.22 -29.26948 435.915 46.11566 -16.06561 399.9205 49.93391 -145.2197 453.4305 190.0318 -48.36064 410.0025 32.74049 -135.7799 437.1031 198.2304 -35.06631 377.8351 48.57519 -35.06631 377.8351 48.57519 -135.7799 437.1031 198.2304 -228.2474 658.4554 465.3281 -169.4369 525.0961 305.9113 -188.2376 514.8293 308.2767 -162.0656 510.688 320.6066 -180.8664 500.421 322.972 -180.8664 500.421 322.972 -143.8329 555.1974 -35.73307 -47.97733 482.0518 23.08743 -121.4061 555.7906 -51.95704 -17.3004 490.1925 -1.134497 -137.3104 526.4864 -50.56274 -40.17306 444.2668 5.310074 -137.3104 526.4864 -50.56274 -40.17306 444.2668 5.310074 -288.2816 765.2159 -344.9498 -200.5372 660.1293 -216.1177 -179.6048 661.7789 -221.3346 -194.8153 635.5534 -233.1393 -194.8153 635.5534 -233.1393 -12.01108 584.5813 23.9183 -21.53746 594.0374 60.23488 119.2976 617.8599 88.79917 109.3507 620.7595 113.0909 113.0614 596.9697 102.8325 -23.30573 546.2197 40.79391 113.0614 596.9697 102.8325 -23.30573 546.2197 40.79391 386.1279 689.0779 253.5952 234.8546 618.1904 169.6652 225.0583 622.2108 186.1093 233.2213 605.5477 184.1327 233.2213 605.5477 184.1327 115.4545 -88.72064 77.52216 120.1921 -88.72064 45.92588 -16.8645 -88.72064 110.0142 -14.99407 0 110.3924 -30.45132 0 59.11071 -22.12898 -29.41908 104.4434 -97.48506 -88.72064 60.3917 -84.12939 -89.01351 -85.63814 -61.51393 -88.54102 -98.84274 53.62483 -88.72064 -86.06227 79.01506 -88.72064 -57.76967 59.14305 0 -75.22131 47.3729 -31.30211 -79.24995 3.054667 0 -52.35544 290.4836 737.687 -236.8739 154.8407 589.1647 -223.3958 291.9367 717.4936 -444.7701 156.2938 568.9714 -431.292 303.3119 703.6228 -455.8928 198.6315 571.9612 -338.6161 138.4915 721.4829 -582.9596 33.81116 589.8213 -465.6829 366.9797 575.7727 -348.5308 310.8976 735.6224 -550.5696 141.608 600.312 -266.5569 85.52588 760.1616 -468.5957 170.2766 390.0134 -112.6118 404.6241 467.1801 -62.01726 156.127 548.4255 -288.6824 390.4744 625.5922 -238.0878 140.6404 545.5667 -458.9726 346.5741 624.7205 -540.8705 237.9315 504.27 -254.2455 443.8651 583.4237 -336.1434 183.2121 422.0833 -380.2448 399.2578 434.8584 -373.8723 168.4597 597.3055 -231.3699 384.5055 610.0805 -224.9973 170.1816 575.6527 -393.7762 390.0682 588.6548 -387.2904 173.8084 426.6676 -218.065 393.6951 439.6697 -211.5792 250.2856 437.5338 -492.2523 385.185 600.3158 -588.6075 257.8188 550.1771 -291.4068 392.7182 712.9591 -387.762 151.773 562.8756 -470.7758 279.0893 716.5071 -561.7147 339.2073 443.1362 -410.6507 466.5236 596.7677 -501.5895 278.4579 579.6349 -283.1382 478.4899 725.7132 -226.9646 137.1107 779.5872 -299.7781 337.1427 925.6654 -243.6046 183.0954 704.9996 -200.4238 309.6943 862.5906 -351.3282 83.95447 600.6573 -392.5621 210.5533 758.2484 -543.4666 218.0017 669.7308 -195.5236 389.5474 856.8426 -255.02 160.5283 647.6786 -430.5891 332.0741 834.7904 -490.0854 141.9924 557.2386 -378.9165 368.3715 612.0686 -366.0247 126.3468 565.3936 -138.8665 352.726 620.2236 -125.9746 90.85347 707.0447 -265.5601 332.5636 765.588 -251.7951 146.8237 473.2322 -253.9691 388.5339 531.7754 -240.2041 277.0568 451.7581 -234.8369 471.5847 582.8077 -131.1025 172.6453 665.83 -309.4803 367.1732 796.8796 -205.7459 292.3793 522.5455 -390.1646 481.7427 650.1158 -289.1841 167.6518 536.9299 -174.4418 357.0152 664.5002 -73.4613 -19.38962 721.1411 -313.1414 145.4151 728.8629 -484.6534 113.8687 577.819 -191.547 278.6735 585.5409 -363.0591 93.64059 739.4476 -197.1524 261.7167 747.3228 -372.069 -5.704193 559.2059 -300.727 162.3719 567.0811 -475.6436 99.24616 685.2725 -368.9151 288.4575 737.3723 -538.3547 155.9207 441.2179 -380.6698 345.1319 493.3176 -550.1094 118.3952 643.4958 -368.9091 319.5248 756.0082 -410.7886 245.3355 447.3324 -286.2759 446.4651 559.8447 -328.1553 190.7572 609.798 -413.6229 411.2936 733.1666 -459.5431 195.3767 516.1477 -643.0361 415.9131 639.5163 -688.9564 139.526 631.6378 -409.7965 327.1829 769.0891 -512.6145 296.5068 548.4691 -234.4678 484.1638 685.9205 -337.2859 230.3539 908.9049 -192.8561 421.734 1049.083 -297.7139 291.4888 716.0701 -339.0662 482.8689 856.2486 -443.924 -63.20572 584.5239 585.1874 -126.396 697.6473 421.3557 -253.6078 499.9581 600.2345 -316.798 613.0816 436.4028 -296.7072 710.4992 503.372 -241.0427 563.2585 380.2345 -117.3904 690.3058 608.5786 -61.72586 543.0652 485.4411 -166.5849 782.2318 502.7139 -106.4081 623.0556 369.5946 -256.5373 642.4445 629.2003 -196.3605 483.2682 496.081 -22.44063 580.6553 397.3421 -169.6977 693.0249 493.8778 -95.00121 407.2756 488.4748 -242.2583 519.6452 585.0105 -115.9114 672.4169 619.0535 -163.1544 546.0551 475.7687 76.5419 690.277 539.8482 29.29892 563.9152 396.5635 -234.7579 649.6909 463.2287 -248.2322 608.7775 260.0746 -104.0298 488.5229 487.0157 -117.5042 447.6096 283.8616 0.4207916 579.1762 152.713 -179.1414 659.1898 223.3243 -21.30615 416.4485 281.8576 -200.8684 496.462 352.469 86.33902 710.4033 243.6625 290.7347 729.7834 336.8491 177.1231 660.1759 54.98248 381.5187 679.5561 148.1692 -235.7588 843.3995 360.457 -186.9363 982.5571 536.3427 -167.2564 653.2644 491.8736 -118.4338 792.4221 667.7593 -45.05185 520.0684 518.0308 -75.45529 595.1763 726.1146 -270.9963 478.7717 499.9238 -301.3997 553.8796 708.0076 -183.1506 577.6438 606.0247 -335.1829 739.1608 690.7302 -174.6523 690.8018 405.5074 -326.6846 852.319 490.2129 -67.5827 756.2957 567.9982 -254.9463 602.0694 531.3106 -134.6191 884.8446 369.9626 -134.6191 884.8446 369.9626 -254.9463 602.0694 531.3106 -321.9826 730.6183 333.275 -359.2328 589.6896 296.4868 -498.0617 726.1041 432.0308 -179.3449 607.8462 462.4612 -318.1738 744.2606 598.0051 -218.3929 628.2 477.3672 -367.9632 775.1692 623.3985 -133.3087 828.1523 363.277 -282.879 975.1214 509.3083 41.92976 701.4894 347.1756 108.3916 856.9154 529.7229 257.8969 597.1472 357.3862 324.3588 752.5732 539.9335 -103.8027 562.0829 382.3145 -276.4921 718.8138 433.6362 38.63165 741.2798 314.3362 -134.0577 898.0106 365.6579 -158.3581 698.1944 281.5496 -77.64386 712.835 451.2422 -140.077 503.8028 289.6257 -59.36273 518.4434 459.3183 -223.368 623.9702 215.6004 -137.2806 639.5854 396.5894 -47.72578 636.9706 130.9345 38.36163 652.5858 311.9235 -260.4133 445.5894 265.1863 -344.6829 590.6829 89.42575 -160.0886 637.463 375.4801 -244.3583 782.5566 199.7196 8.558187 832.6055 193.9658 -147.5569 847.0862 370.3623 22.43241 592.132 225.9857 -133.6826 606.6127 402.3821 -265.7951 648.4539 324.3852 -299.1953 830.9365 498.2848 -33.48573 626.4017 392.1445 -66.88595 808.8842 566.0443 -173.25 591.5583 312.478 -305.3096 649.7857 513.8305 -211.2733 357.7458 355.1541 -343.3328 415.9731 556.5067 -132.6046 467.7561 535.0966 -318.5292 597.9819 650.9625 -257.0623 482.1405 319.218 -442.9869 612.3663 435.0839 329.5506 784.637 66.54587 305.7111 654.2589 239.1546 385.4682 602.6393 -63.20105 361.6287 472.2613 109.4077 -150.4679 731.7474 272.3019 -83.78137 739.5342 502.7007 -322.4008 588.4255 326.9099 -255.7143 596.2122 557.3086 -60.99287 755.6992 254.6535 88.39972 735.7094 419.0237 -163.6166 561.5339 324.3126 -14.22398 541.5441 488.6829 -30.6395 786.0334 78.21005 -92.47238 746.0627 296.0913 40.07697 582.8922 61.01211 -21.75587 542.9214 278.8933 -95.88388 607.5921 526.4204 -161.0979 721.7106 724.3291 -230.9165 411.4286 595.0373 -296.1305 525.5471 792.9458 -255.4056 553.9151 374.8475 -326.7982 678.8455 591.5065 -59.03766 460.2648 493.5547 -130.4302 585.1952 710.2137 526.2291 572.9771 -41.6121 564.8177 680.9544 120.8167 509.4822 412.6947 68.91696 548.0709 520.6722 231.3457 400.1853 547.1744 22.37964 439.3155 656.6671 187.0879 591.1529 512.0414 0.3663521 630.283 621.5341 165.0745 -71.85483 602.7844 455.5851 -76.74304 743.1831 674.0967 -302.1844 519.6158 503.8702 -307.0726 660.0143 722.3818 -235.1859 694.533 531.5305 -239.9349 830.9347 743.8214 -139.1317 501.6982 657.58 -143.8807 638.0998 869.871 251.9132 537.5369 211.1757 144.5642 759.4734 188.4842 399.0935 589.0659 18.88084 291.7445 811.0026 -3.810677 381.5236 670.2451 62.3956 428.6749 762.8257 274.9846 271.4971 476.8756 171.0096 318.6484 569.4562 383.5986 166.1578 698.3311 24.12902 218.0292 800.1796 257.9994 382.3865 577.8347 28.64551 434.2579 679.6832 262.5159 233.2133 666.7258 430.8566 27.06021 785.5551 469.5182 304.8977 840.2761 279.6747 98.74448 959.1054 318.3364 -223.0747 735.9601 551.5034 -424.3715 660.2886 442.5642 -197.1218 907.6543 384.2853 -398.4186 831.9828 275.3463 -494.5472 847.6059 -279.2986 -693.5438 863.621 -427.055 -591.1284 653.1461 -170.3014 -790.1251 669.1611 -318.0578 -427.0384 735.0184 -190.8836 -647.8417 740.4124 -254.9832 -437.3294 498.8405 -175.309 -658.1326 504.2345 -239.4086 -187.4115 672.6106 -290.4023 -429.5385 678.5255 -360.6924 -252.8726 690.4318 -63.40954 -494.9995 696.3467 -133.6995 207.7951 671.6846 276.3125 60.94208 800.6059 277.3195 336.4131 818.2885 263.9753 189.5601 947.2097 264.9824 -11.31614 1022.559 192.1167 30.28843 1060.722 370.9202 -3.093248 831.2349 231.0381 38.51133 869.3973 409.8416 -265.1668 1057.553 231.4801 -298.6967 1042.411 431.5787 -264.4819 846.9474 215.6576 -298.0117 831.8052 415.7561 -91.12758 944.1641 -53.15074 -231.0518 1053.582 20.19319 -165.6772 787.9875 37.61687 -305.6014 897.4056 110.9608 -159.1219 821.9252 312.8516 -38.72538 1045.946 236.8943 48.12111 763.1192 467.9068 168.5176 987.1395 391.9496 -161.6738 862.4711 22.30354 -302.3962 1023.297 97.07259 -305.333 825.3575 -168.247 -446.0555 986.1833 -93.47797 -145.9402 1047.813 95.93463 -355.7842 1012.614 232.7629 -105.592 809.7028 96.56024 -315.436 774.5039 233.3885 -130.205 1120.906 -258.3339 -128.0299 1326.782 -141.888 -263.8245 1021.294 -79.72415 -261.6495 1227.17 36.72179 -31.45556 1124.231 -217.1204 -224.538 1261.141 -310.0329 -171.481 924.0917 -221.0458 -364.5634 1061.002 -313.9584 -215.1974 605.5128 343.5348 -288.558 692.3898 180.3681 -151.7305 782.2254 409.0892 -225.0911 869.1025 245.9225 -157.7067 833.5493 232.3015 -305.9003 844.5877 349.0801 -228.8425 663.2846 158.1234 -377.036 674.3229 274.902 -168.3064 701.6041 -67.60317 -348.9344 717.4827 5.601334 -233.2862 566.9286 -198.725 -413.9141 582.8073 -125.5205 -191.6992 688.7809 140.7177 -282.6082 860.3304 -42.47872 -109.5623 893.2312 291.4102 -200.4712 1064.78 108.2138 340.0673 566.8788 140.4782 253.5569 467.7564 342.7029 241.5069 778.3267 201.958 154.9966 679.2043 404.1827 -387.9356 673.0552 -137.3086 -381.3274 836.6345 -300.0193 -351.5722 833.0599 25.02708 -344.9641 996.6393 -137.6837 -231.6524 658.3457 5.730473 -402.5368 845.2954 29.08115 -217.1595 642.885 235.573 -388.0439 829.8348 258.9237 -202.8881 780.8986 -177.2738 -453.7425 846.1207 -159.7397 -140.4997 999.968 -99.58136 -391.3541 1065.19 -82.04732 219.685 591.9293 -238.3362 6.054565 562.0853 -211.1053 248.7262 385.0815 -237.2011 35.09576 355.2375 -209.9702 354.333 494.5721 -372.64 198.1859 454.3132 -247.1185 231.5503 620.9136 -484.8582 75.40326 580.6548 -359.3368 328.5138 607.8082 -374.6731 164.5433 565.5323 -242.8627 273.0164 446.6404 -495.403 109.0459 404.3644 -363.5926 294.235 976.9975 309.4995 98.99828 898.6456 420.636 189.8242 1187.953 274.8029 -5.412488 1109.601 385.9393 -205.2894 913.6225 154.8844 -232.9269 1172.141 8.901917 44.42444 1013.164 283.885 16.78695 1271.683 137.9025 -351.7115 799.5642 -232.6343 -585.0837 821.6686 -247.1678 -376.9966 659.8175 -39.1621 -610.3688 681.9219 -53.69554 -188.3823 638.153 -147.5523 -430.323 661.069 -162.6193 -178.8212 831.9586 -6.315063 -420.7619 854.8746 -21.38213 -396.0121 587.0948 -142.2786 -582.1306 577.2497 -283.949 -268.5378 706.2055 -318.0243 -454.6564 696.3604 -459.6948 333.2833 763.7797 191.5585 144.5631 790.8342 328.8444 319.5026 989.5677 128.1196 130.7825 1016.622 265.4055 209.6997 849.7537 312.9718 319.8422 982.2385 469.8641 394.3842 704.7203 305.7891 504.5268 837.205 462.6814 209.4689 783.4902 278.3039 231.0477 775.2451 523.3315 420.6724 885.2619 263.1286 442.2511 877.0168 508.1562 33.01947 862.7205 325.8314 70.60555 914.4531 543.5856 218.6722 958.0352 271.1421 256.2583 1009.768 488.8962 -402.4401 928.0009 -192.5496 -644.251 968.9432 -256.1295 -454.6289 693.6838 -144.9508 -696.4399 734.6263 -208.5308 -398.0716 782.9767 -274.8392 -631.63 822.5219 -336.2493 -449.1809 841.5025 -42.76949 -682.7393 881.0476 -104.1796 -426.4708 873.5911 -321.5518 -519.1471 898.5986 -480.6336 -454.9536 680.7493 -335.2731 -547.6298 705.7568 -494.3549 -400.6238 765.6577 -456.2968 -503.4585 793.4062 -632.8156 -567.5825 783.2006 -356.2739 -670.4171 810.9492 -532.7927 -402.7878 702.0077 -329.3634 -319.5053 847.3317 -430.5834 -475.2124 832.0276 -202.2806 -391.9299 977.3517 -303.5006 -517.4573 1029.069 -380.5997 -679.9594 1045.782 -490.3091 -525.1349 834.3716 -398.8875 -687.637 851.0846 -508.597 -265.2634 836.3704 -320.2762 -430.8578 853.4014 -432.0733 -375.365 825.5488 -158.8418 -540.9594 842.5798 -270.6389 -247.1933 605.3668 -70.3866 -175.1579 839.8706 -125.2071 -341.6079 682.9952 137.6192 -269.5725 917.499 82.7987 -215.8418 673.192 -16.77708 -439.401 611.1428 -2.102997 -256.6982 768.4225 -236.5437 -480.2574 706.3734 -221.8696 -379.2143 1059.775 -206.6731 -603.9205 1130.002 -169.0134 -415.8368 867.3504 -66.35762 -640.543 937.5781 -28.69797 -278.6707 1077.282 -233.0892 -515.3454 1151.25 -193.4238 -206.9451 1203.743 -40.94402 -443.6198 1277.711 -1.278534 -149.4879 623.0697 -281.9668 -44.64954 806.0635 -238.5289 -329.7238 735.0312 -318.6313 -224.8855 918.025 -275.1934 -241.8859 762.1329 -129.3012 -82.63705 780.1984 -265.27 -195.4664 553.5681 -102.6449 -36.21747 571.6335 -238.6137 -221.135 811.9648 -164.7695 -46.18103 831.812 -314.1475 -353.7701 761.7374 -326.7874 -178.8161 781.5847 -476.1654 48.61174 807.2423 -234.4629 231.368 840.0199 -378.8071 -21.23891 617.6501 -365.9543 161.5173 650.4277 -510.2985 9.176529 548.8638 -188.9523 207.748 584.4778 -345.7875 -125.5141 693.9163 -326.5476 73.05731 729.5304 -483.3829 -289.007 976.4851 -320.5583 -260.2997 1027.725 -545.2417 -284.9584 741.7485 -373.5735 -256.2512 792.9884 -598.257 -230.6794 853.5276 -110.0009 -65.58896 909.0385 -291.5533 -409.1394 856.1642 -271.4733 -244.049 911.6749 -453.0257 -351.3825 999.8757 -279.4787 -417.958 1049.999 -468.64 -293.7682 809.7112 -350.1447 -360.3437 859.8341 -539.306 -223.1339 939.629 -327.4802 -293.5704 992.6587 -527.6119 -414.2947 864.1442 -280.2025 -484.7313 917.1739 -480.3342 -172.4788 1048.107 -213.3639 -396.578 1109.384 -287.7822 -249.519 822.4881 -167.1484 -473.6182 883.7659 -241.5667 -176.0823 900.5948 -301.465 -406.4898 963.5975 -377.9781 -233.2987 966.55 -74.85754 -463.7064 1029.553 -151.3707 -301.1043 1108.035 -201.7278 -430.1143 1170.968 -381.502 -381.5711 881.2937 -223.3575 -510.5811 944.2264 -403.1317 -234.3233 865.4023 -323.5692 -377.1922 935.0958 -522.6556 -417.429 916.1541 -174.4019 -560.2979 985.8475 -373.4884 198.2745 409.3959 -297.2607 53.11725 583.0196 -244.0536 387.8179 547.9272 -232.2072 242.6606 721.5508 -179.0002 84.63632 430.3424 -256.9331 280.123 472.8269 -361.647 176.2003 500.5565 -57.50843 371.6869 543.041 -162.2223 155.9647 635.9066 -186.5436 248.3982 847.7261 -224.6916 197.553 576.5405 -415.4092 289.9865 788.36 -453.5572 -9.76918 728.2575 -129.1608 180.021 776.8679 -292.2056 -165.3246 722.5749 -311.9273 24.46564 771.1853 -474.9721 170.5616 427.3487 -431.1859 293.5759 555.6116 -349.9233 53.02031 573.9969 -484.7196 176.0346 702.2599 -403.457 51.88879 687.6006 -226.3898 143.8634 702.1254 -388.5453 48.01873 493.209 -245.9971 139.9933 507.7338 -408.1526 71.04833 567.7359 -253.7165 171.8999 583.6625 -431.5226 -99.05012 580.7363 -349.0319 1.80146 596.6629 -526.838 -28.48193 849.6315 -4.511566 -170.9132 976.7064 -142.0044 99.55493 784.1802 -197.6392 -42.87634 911.2552 -335.1321 10.34104 756.9611 -203.7564 19.81965 954.0882 -174.7718 -188.0306 763.5811 -183.9078 -178.552 960.7083 -154.9232 -354.0587 1005.42 -355.1209 -371.9269 1033.935 -543.2097 -220.4911 861.3491 -389.6512 -238.3594 889.8639 -577.7401 -211.9188 997.7549 -349.472 -231.657 1029.254 -557.2448 -358.8911 863.0459 -355.9321 -378.6293 894.5449 -563.705 -47.6105 1161.057 72.97387 -283.6914 1035.741 79.80507 -157.0787 1371.514 150.5931 -393.1595 1246.198 157.4243 -302.6908 737.5121 -274.1104 -133.7145 747.0646 -430.2929 -312.3949 508.6239 -298.6088 -143.4186 518.1765 -454.7913 342.8466 676.488 -231.7723 114.2238 765.7004 -328.3846 241.4973 457.5612 -194.0984 12.87456 546.7736 -290.7106 -480.1163 736.0038 -285.0906 -367.2147 766.0657 -470.4215 -285.8043 676.9077 -176.3036 -172.9027 706.9695 -361.6345 75.37173 651.8816 -389.3004 226.6891 659.7115 -577.1151 218.7206 508.5597 -279.783 370.0379 516.3895 -467.5976 217.5132 570.3582 -261.6738 375.4272 502.33 -437.3317 107.2774 355.8901 -277.7159 265.1913 287.8621 -453.3738 46.61427 516.5262 -334.4119 163.5493 626.4556 -147.0351 66.98832 298.1476 -219.0091 183.9234 408.077 -31.63232 -384.7689 774.6326 -121.8452 -377.4326 576.4129 -161.0027 -410.0934 813.9126 -325.4293 -402.757 615.6929 -364.5868 -358.8931 754.2618 -317.8138 -511.7174 776.4011 -472.419 -466.6528 566.851 -238.1323 -619.4771 588.9901 -392.7374 -215.8595 734.5767 -431.3253 -424.0877 675.4285 -495.5817 -295.4044 786.6041 -221.4446 -503.6326 727.4558 -285.701 -577.759 695.2906 -342.2041 -741.127 682.3203 -489.584 -570.2849 923.8119 -370.6002 -733.6529 910.8417 -517.9801 -484.5581 640.7255 -298.8313 -634.0658 707.364 -450.5845 -444.7261 860.3314 -241.6396 -594.2339 926.9698 -393.3928 -347.9858 697.9792 -328.1671 -311.6553 511.3466 -388.4131 -553.3683 661.4411 -338.8306 -517.0379 474.8084 -399.0766 -34.02813 700.3726 -386.3958 -83.7252 498.1222 -449.5996 -233.9466 756.5421 -408.9414 -283.6436 554.2917 -472.1453 -274.3634 819.5065 -449.58 -156.5223 671.9114 -339.9529 -448.5208 747.1725 -359.7595 -330.6797 599.5775 -250.1324 -195.5881 675.721 -164.8083 -32.88928 702.2562 -265.3256 -141.6721 491.9305 -126.0574 21.02667 518.4657 -226.5747 -411.3398 839.2363 -208.2136 -284.8923 860.2784 -405.2666 -278.8806 645.1762 -143.9378 -152.433 666.2182 -340.9908 -292.3077 842.559 -292.8231 -302.6143 865.52 -548.1019 -487.5193 696.9519 -298.0382 -497.8259 719.9129 -553.317 -103.058 914.7358 -287.248 27.39017 973.6896 -473.3882 -276.5609 835.5223 -433.9281 -146.1127 894.476 -620.0684 -315.8971 750.5286 -255.7176 -131.3084 800.4575 -435.1083 -394.4621 977.2574 -273.4547 -209.8733 1027.186 -452.8455 -396.7348 980.4813 -99.35191 -613.824 962.2093 -145.5862 -346.4782 854.2983 -285.4603 -563.5674 836.0265 -331.6945 -434.4018 981.9767 -152.1096 -651.491 963.705 -198.3439 -445.3283 790.1312 -24.98746 -662.4175 771.8594 -71.22173 -497.9738 758.9283 -261.3159 -374.8013 755.504 -442.244 -398.0124 564.1324 -189.5772 -274.84 560.7081 -370.5052 -366.9341 723.0239 -171.4185 -243.7577 719.5994 -352.3523 -529.0599 600.0372 -279.4631 -405.8835 596.6127 -460.3969 -317.0305 971.9176 -489.0877 -124.0741 1014.518 -450.7557 -373.9541 1098.837 -343.5974 -180.9977 1141.438 -305.2654 -355.687 980.1127 -241.682 -307.5985 1143.519 -343.7076 -489.0207 930.4531 -384.063 -440.9323 1093.859 -486.0886 -268.4802 820.8209 -355.3444 -217.3844 994.4462 -463.7503 -411.175 923.8177 -257.64 -360.0794 1097.443 -366.0459 -420.1613 1010.941 -260.6301 -431.992 1205.61 -349.7716 -553.7679 932.7741 -413.6 -565.5987 1127.443 -502.7416 -328.4254 982.5776 -272.0671 -538.8417 1103.701 -363.7189 -259.9995 1185.614 -160.8365 -470.4159 1306.737 -252.4883 -253.3557 743.4993 -120.9856 -117.6092 730.0397 -323.3002 -165.0877 525.1704 -47.23572 -29.34117 511.7109 -249.5504 -401.9684 737.5421 -353.6791 -459.8455 746.6404 -526.6473 -252.6288 624.5864 -409.5913 -310.5057 633.6848 -582.5595 -329.9813 759.4312 -435.1598 -395.5937 769.7455 -631.2454 -439.752 600.2654 -406.8017 -505.3643 610.5797 -602.8873 -346.5804 758.6265 -541.4858 -372.3252 997.8411 -489.4699 -577.3704 717.4672 -466.426 -603.1152 956.6817 -414.4102 -622.6187 1031.357 -260.9645 -699.8716 1070.076 -477.266 -441.2212 891.3107 -350.8206 -518.4742 930.0301 -567.1219 -342.5372 1023.44 -376.7207 -425.1323 1064.837 -607.9799 -487.5261 825.1852 -360.4262 -570.1212 866.5821 -591.6854 -80.03167 648.7808 306.1414 -233.147 767.6655 218.9053 42.11522 821.4891 327.1168 -111.0001 940.3738 239.8808 80.64751 1209.378 470.6107 -120.6468 1218.917 236.4451 251.4166 1426.757 332.6685 50.12225 1436.296 98.50288 147.7447 1161.417 133.2137 20.06837 1335.873 250.0739 165.5568 1029.005 350.3461 37.88045 1203.461 467.2063 -76.92786 1324.63 168.9461 -185.4135 1472.864 268.2413 92.93948 1419.521 212.8774 -15.54611 1567.754 312.1726 274.812 1155.055 273.2016 315.6363 1197.812 500.0212 347.1394 922.3378 304.0518 387.9637 965.0942 530.8715 -194.0228 1286.225 168.9396 -210.533 1416.045 -103.9641 2.480831 1498.482 258.0214 -14.0294 1628.301 -14.88237 -140.4544 1103.467 65.35745 -287.8618 1226.263 96.17282 -222.6312 974.3329 186.844 -370.0387 1097.129 217.6594 -8.265388 1068.414 47.91296 -165.0396 1186.081 113.3713 88.9871 1106.051 213.1792 -67.78715 1223.718 278.6375 -49.90594 1173.432 189.7017 -198.0564 1236.417 375.7595 -132.4425 936.2208 204.2821 -280.5929 999.2052 390.3398 -29.22758 1018.744 105.7596 -156.0186 1072.648 264.9927 116.963 975.9241 236.6609 -9.828034 1029.828 395.8941 -217.1215 1283.921 71.09721 -378.9705 1178.47 205.9489 -250.1478 1116.31 -99.60925 -411.9969 1010.859 35.24238 70.93615 1135.446 40.85859 -161.55 1181.171 136.7346 91.03219 940.81 182.4145 -141.454 986.5353 278.2906 8.862988 1261.692 155.0182 -188.5891 1390.085 117.7193 22.6961 1213.508 -84.07417 -174.756 1341.901 -121.373 132.5624 1437.42 -85.27893 111.2992 1653.304 -92.75827 139.0832 1445.724 135.855 117.8199 1661.608 128.3756 101.3621 946.3598 288.3967 216.6777 1005.95 487.1128 307.9279 866.9338 192.3437 423.2435 926.5238 391.0598 195.1528 1252.094 195.617 223.3369 1361.363 381.2188 -31.09736 1245.212 234.0254 -2.913326 1354.481 419.6271 86.86078 1470.169 118.6224 116.9728 1586.912 316.9206 112.0626 1271.863 231.5434 142.1747 1388.606 429.8416 521.7736 594.3291 -105.6025 398.7249 744.4139 -28.3739 530.3947 504.4702 82.76352 407.3459 654.5551 159.9922 432.2783 883.8089 133.7342 305.9182 737.908 89.42056 521.4561 863.6155 -54.06959 395.0959 717.7146 -98.38329 457.2523 908.2684 5.547638 316.6109 745.8777 -43.77438 591.0972 768.4811 84.13364 450.4558 606.0903 34.81165 325.2339 613.9608 -211.3583 398.7974 755.3309 -76.3264 347.1422 464.6329 -66.95638 420.7056 606.0031 68.07555 536.9028 850.6946 -57.75906 394.3004 720.7044 3.502251 441.2256 868.5548 -242.5768 298.6231 738.5645 -181.3155 138.6227 1411.575 255.1143 -16.19913 1377.856 140.7432 212.1428 1532.15 120.044 57.32089 1498.431 5.672897 71.51299 1505.561 0.3365479 -22.86652 1656.408 83.6237 129.0021 1444.144 176.7182 34.62255 1594.991 260.0054 24.75785 1468.573 91.22916 -74.85302 1627.781 179.1328 186.2199 1577.675 76.59267 86.60906 1736.884 164.4963 56.99177 1199.883 153.7657 34.50421 1325.796 388.4106 288.3552 1083.352 238.4707 265.8677 1209.265 473.1157 -55.07271 1168.036 39.42368 -184.947 1386.486 242.6639 230.56 1232.365 152.8051 100.6857 1450.815 356.0453 -100.2133 1001.34 315.7184 -144.4991 1219.132 198.6453 125.8368 1085.199 386.2142 81.55092 1302.991 269.1411 -48.96851 1134.523 86.07278 -143.2399 1221.945 284.366 117.946 1051.828 201.8842 23.67453 1139.251 400.1773 27.91197 1088.38 299.4475 -45.82582 1138.358 499.7878 104.642 901.1919 374.386 30.90413 951.17 574.7263 392.2117 806.8905 72.40135 220.3077 862.1763 293.6652 356.8533 1074.158 -21.84958 184.9494 1129.444 199.4142 104.6051 1009.464 228.3902 247.8978 1085.259 428.2262 247.3733 1137.581 77.42529 390.666 1213.376 277.2612 70.45271 657.6581 -264.03 261.0533 700.0558 -256.1969 27.38512 843.2112 -220.4101 217.9857 885.6091 -212.5771 73.16333 970.9894 -39.30397 -9.139008 997.2219 -214.017 45.98487 778.1476 -55.45551 -36.31751 804.3801 -230.1685 -121.7082 1079.396 -221.0661 -235.8337 1202.278 -320.496 -238.3417 930.4694 -271.247 -352.4672 1053.351 -370.6769 -208.1134 904.5596 -173.4031 -15.68302 1013.305 -270.1067 -223.5349 1079.218 -7.682259 -31.10448 1187.964 -104.3858 -127.9413 1344.498 209.3225 -115.3956 1380.958 -28.52199 35.17963 1518.297 244.5688 47.72525 1554.756 6.724245 -47.91273 1438.221 51.72143 -275.6597 1508.638 69.70178 -96.62515 1245.796 188.311 -324.3721 1316.214 206.2914 134.368 991.4645 -56.64231 204.5841 1009.604 -254.8289 187.8967 782.8997 -56.76701 258.1128 801.0392 -254.9537 255.7751 911.4446 -10.40914 329.2856 930.4355 -217.8943 59.90083 861.2173 -84.4032 133.4113 880.2081 -291.8883 507.2619 951.0925 71.38077 535.7979 1083.088 -99.3932 500.7168 760.9573 -76.67351 529.2526 892.9531 -247.4475 131.6946 1113.382 -79.99004 180.4945 1165.281 -304.1621 140.3484 878.6454 -132.4507 189.1483 930.5441 -356.6228 362.4671 995.7658 228.8685 260.9579 1200.275 303.6383 363.233 1078.596 3.353378 261.7238 1283.105 78.12319 262.5165 1142.975 266.0333 485.692 1240.391 302.5715 334.8359 1056.935 53.69981 558.0115 1154.351 90.23795 94.15974 801.0336 -278.6214 209.2907 1034.503 -247.9151 -132.6819 901.8214 -194.4151 -17.55094 1135.291 -163.7088 31.58329 1097.852 5.966156 -18.89535 1148.622 -190.7839 95.13736 907.6879 -59.40953 44.65871 958.4574 -256.1596 165.1352 1062.836 -81.57264 110.1587 1118.13 -295.854 -29.41874 987.3513 -51.13558 -84.3953 1042.645 -265.417 -90.22505 1311.307 -177.0655 -300.527 1370.759 -267.9413 -171 1085.688 -137.7404 -381.3019 1145.14 -228.6162 66.25217 1109.518 -150.6678 -46.62414 1172.466 -341.0451 -12.02325 882.7772 -179.2283 -124.8996 945.7244 -369.6056 -181.1918 1464.149 96.76934 -248.9114 1342.715 -108.0417 -231.9435 1268.739 229.4102 -299.6631 1147.305 24.59913 382.6069 766.3083 430.5905 238.5132 715.5421 290.4795 478.1439 583.3263 398.6373 334.0502 532.5601 258.5264 336.4615 487.6649 263.154 529.7813 565.7653 409.8008 398.0482 646.0771 97.59995 591.3681 724.1774 244.2467 169.2546 784.14 -173.2693 331.573 942.4431 1.593195 0.7714691 1010.507 -221.8025 163.0899 1168.81 -46.93999 341.8319 972.8619 47.23463 477.8853 1034.989 -135.3026 156.2243 1011.051 -78.10924 292.2777 1073.179 -260.6465 321.5201 801.0759 -99.3064 402.0777 922.6904 98.73486 218.0316 1007.521 -183.9855 298.5892 1129.135 14.05581 335.6406 1087.434 -78.82201 525.8925 1138.26 -187.4225 350.4198 875.9976 -151.8846 540.6716 926.8232 -260.4851 327.0049 961.754 105.1465 530.5487 1016.131 -11.04128 208.3861 1016.428 -77.06837 411.9298 1070.804 -193.2562 405.963 519.4712 -49.0151 615.6361 594.483 -36.87858 327.4777 732.4812 -9.633065 537.1509 807.4931 2.503464 426.6125 571.4949 -11.91147 624.0558 584.5566 87.34694 350.3251 746.7171 116.7804 547.7684 759.7787 216.0388 650.0114 564.3586 168.6275 751.8358 732.8085 318.8826 449.5164 677.5167 177.6377 551.3408 845.9666 327.8929 330.8594 1092.244 115.515 480.1642 1132.611 279.8219 204.7208 959.7385 262.6904 354.0256 1000.105 426.9973 141.5958 1166.196 385.0746 304.8817 1210.343 564.7675 264.4077 976.9681 319.9659 427.6935 1021.115 499.6588 298.3383 1105.699 243.1052 73.98985 1209.286 378.1583 311.4725 1339.017 85.96726 87.12402 1442.604 221.0203 182.8631 1406.491 160.6953 354.0262 1501.905 273.2854 306.1365 1208.471 141.1028 477.2997 1303.886 253.693 192.9621 1140.864 230.3143 325.5473 1233.752 379.3167 316.4515 1208.323 78.37685 449.0367 1301.211 227.3793 193.9952 1152.946 59.36027 313.1859 1217.796 -114.0163 124.5607 975.8592 -54.61191 243.7513 1040.71 -227.9885 258.1435 1043.035 -94.28021 366.7222 1119.186 56.55758 128.4913 1195.561 -77.95549 237.0701 1271.713 72.88232 241.6807 1119.72 94.40891 406.0712 1167.862 8.43644 219.3097 966.8728 -33.95681 383.7003 1015.015 -119.9293 168.0934 1008.603 99.46449 344.9086 1060.383 6.994247 67.2873 1128.74 -26.01685 244.1024 1180.521 -118.4871 265.8747 1191.57 151.9028 489.9073 1244.02 153.2969 316.0478 980.1913 41.67036 540.0804 1032.641 43.06444 209.0855 934.2532 205.2392 460.5653 993.1287 206.8041 185.2389 1041.885 -12.00761 436.7188 1100.761 -10.44278 694.6331 589.9886 -100.7924 853.369 748.5299 -130.3191 616.5794 702.6319 84.41911 775.3154 861.1732 54.89237 469.606 581.6887 -74.55016 630.9709 742.8557 -104.5659 614.0692 461.9493 59.1549 775.4341 623.1163 29.13916 595.1091 730.3227 53.67425 758.1367 881.4792 193.8306 474.0373 930.275 -21.14256 637.0649 1081.431 119.0137 392.9867 1216.086 65.46852 620.953 1261.154 22.53735 439.0387 980.4913 62.68645 667.005 1025.559 19.75529 447.394 940.4424 46.37276 649.4564 1102.719 64.03122 547.9196 836.1003 -145.0448 749.9821 998.3771 -127.3863 397.4725 645.2433 -136.3727 463.3747 773.5062 -4.490087 322.4456 791.8915 -241.5048 388.3479 920.1544 -109.6222 359.5881 943.2681 194.0672 585.6705 976.4072 247.4631 400.3489 704.9962 169.3614 626.4313 738.1354 222.7573 390.1367 877.5638 141.2811 571.6596 1065.614 159.9506 437.3911 855.5117 -96.04984 618.9141 1043.562 -77.38037 397.4426 655.3672 -54.58496 592.7468 708.9846 50.39688 281.8134 663.5222 156.3622 477.1175 717.1396 261.344 30.59607 999.4449 -202.5 290.2279 1108.694 -108.3525 -106.8806 1245.515 -108.9186 152.7513 1354.764 -14.77108 -32.36372 1251.817 -58.56459 -34.1847 1288.718 -303.0557 141.6478 1067.572 -87.66833 139.8268 1104.472 -332.1595 447.3201 512.0332 181.7345 583.9317 647.1881 363.4815 384.2368 726.1051 69.95845 520.8484 861.26 251.7055 82.10401 1320.812 -14.58862 29.58566 1503.652 -170.8439 53.12788 1464.442 163.2173 0.6095581 1647.282 6.961998 332.4631 1123.742 -91.01884 403.6923 1076.217 84.63786 260.1088 1289.428 -16.85181 331.338 1241.903 158.8049 323.3063 1193.061 142.6067 486.334 1282.959 100.8212 324.1019 1109.509 -34.04543 487.1295 1199.407 -75.8309 312.9043 1076.147 117.9106 563.8272 1214.514 53.59686 170.4799 1287.637 17.24022 421.4028 1426.003 -47.07354 272.5182 1403.075 -18.35575 271.8897 1571.717 241.0996 -34.40069 1435.832 -40.39101 -35.0292 1604.474 219.0644 301.8676 1271.434 117.4614 446.7204 1448.414 55.19107 122.4064 1413.014 102.39 267.2591 1589.995 40.1196 47.95694 1526.546 167.6312 160.0071 1685.141 210.2851 188.8452 1458.493 50.55486 300.8954 1617.089 93.20872 208.888 1315.287 183.4635 323.5657 1477.601 227.1176 130.0955 1411.496 32.72217 244.7731 1573.811 76.37622 310.9357 1358.749 118.787 197.8161 1426.292 276.0802 210.5434 1485.281 -7.745193 97.42383 1552.824 149.5479 13.96619 1536.649 124.5657 187.2608 1720.028 170.4488 201.1743 1366.484 97.5944 374.4689 1549.862 143.4775 220.5363 1369.054 215.0963 365.763 1522.731 253.5479 229.5916 1411.023 13.16008 374.8183 1564.7 51.61168 171.4753 1386.339 -6.803503 176.8524 1417.971 -235.0832 112.5504 1165.903 -38.7362 117.9275 1197.534 -267.0158 330.1636 777.4894 -148.7617 569.9727 828.8857 -221.368 384.4407 542.3392 -135.9486 624.2496 593.7354 -208.5549 442.214 737.5507 -59.05817 647.2838 852.9241 -10.81645 522.3386 541.3873 69.48026 727.4084 656.7607 117.722 378.9789 832.5944 180.1313 599.5579 956.6935 232.0215 480.1198 738.9441 -25.83545 700.6989 863.0432 26.05481 -5.952549 1155.777 -303.5718 -154.5656 1219.583 -465.1045 -73.14355 936.7796 -328.2593 -221.7567 1000.585 -489.792 212.1118 1114.187 95.51357 425.3751 1173.804 167.6107 251.8555 888.3228 164.7182 465.1188 947.9397 236.8153 289.4156 1022.939 260.9009 516.4568 1086.407 337.6558 377.0568 971.8681 43.88861 604.098 1035.336 120.6435 185.8092 657.9089 -255.5286 271.3341 881.9863 -174.1856 -20.80795 770.6906 -348.9706 64.71696 994.7676 -267.6277 318.9927 842.6364 -53.5397 412.9031 870.1282 -228.0107 159.5996 781.9135 -148.9026 253.51 809.4052 -323.3736 344.2799 1197.073 -70.40371 411.2221 1202.148 244.0276 215.5907 1490.841 -47.74736 282.5329 1495.917 266.684 211.3279 1105.147 -74.48976 373.954 1170.736 -268.1421 112.1283 1324.166 -83.61575 274.7544 1389.754 -277.2681 -68.76795 1048.092 355.1257 -284.7533 1029.497 288.9981 -2.482147 921.9089 174.1057 -218.4675 903.3141 107.9781 22.70602 1011.222 -50.4072 -176.0504 1083.875 -114.9592 -78.2779 846.6331 75.27888 -277.0343 919.2863 10.72692 85.32413 1590.961 119.1829 -106.4071 1714.051 105.2465 -29.46201 1404.151 48.39908 -221.1932 1527.241 34.4627 132.9316 1452.071 -7.162434 -50.99063 1570.148 -20.53122 83.3571 1399.625 211.6433 -100.5651 1517.702 198.2745 347.6394 1122.91 146.8656 393.2216 1451.331 -11.34807 -20.74519 1147.705 92.20105 24.83707 1476.125 -66.0126 -147.2639 1159.767 -122.6879 60.15609 1316.909 -165.3759 -228.5146 1319.552 70.71848 -21.09464 1476.695 28.03046 184.6046 1338.767 20.67457 106.9881 1501.943 -138.1604 29.91881 1165.198 -82.05006 -47.69774 1328.374 -240.885 200.9433 1605.005 129.6787 59.85356 1791.531 138.5256 11.44402 1464.385 72.358 -129.6457 1650.911 81.20487 -99.30083 1324.822 -60.86514 -287.5417 1466.093 -118.3783 -239.5838 1199.494 90.43491 -427.8248 1340.766 32.92175 -45.7273 1213.622 -141.4711 -246.1884 1334.045 -250.4788 12.74375 1416.659 -24.70014 -187.7174 1537.081 -133.7078 404.2309 728.8047 -86.01361 617.3687 866.0051 -99.86569 472.4068 645.6361 139.2311 685.5447 782.8365 125.379 510.9346 840.0324 145.6773 727.1879 979.2382 131.6228 628.1328 647.1974 39.00271 844.3861 786.4033 24.94817 557.0665 1136.485 217.302 318.4879 1171.254 236.8057 516.2815 919.9778 104.3602 277.7028 954.7465 123.8639 -49.46623 698.8311 -458.5872 37.05501 859.8331 -353.3826 -238.6954 790.7155 -443.5808 -152.1741 951.7176 -338.3761 -324.3534 915.762 97.14416 -372.9132 1020.162 -138.5978 -182.4347 1126.86 161.3964 -230.9945 1231.259 -74.3456</float_array>
          <technique_common>
            <accessor source="#wr01_tree02-mesh-positions-array" count="1350" stride="3">
              <param name="X" type="float"/>
              <param name="Y" type="float"/>
              <param name="Z" type="float"/>
            </accessor>
          </technique_common>
        </source>
        <source id="wr01_tree02-mesh-normals">
          <float_array id="wr01_tree02-mesh-normals-array" count="1506">0.4879409 0.6306486 -0.6034865 0.4643825 0.6131644 -0.6390448 0.9129223 0.3704426 0.1713045 0.9592722 0.2647826 0.09842365 0.9231376 0.1355347 0.359788 0.9248204 0.1012319 0.3666871 -0.2458003 0.4317223 -0.8678699 0.6209681 0.09705007 -0.7778046 0.5624141 0.2394258 -0.7914328 0.05047857 0.0673862 -0.9964493 0.09155833 0.2809316 -0.9553505 0.8654589 0.1036732 -0.4901357 0.915225 0.3119724 -0.2550227 -0.2998496 0.3265842 -0.8963443 -0.3098607 0.1765226 -0.9342517 -0.148141 0.3454793 -0.9266598 0.5890574 0.3209433 -0.7416245 0.9649556 0.08398878 0.2486093 -0.7348706 -0.1582418 0.6594883 -0.6930889 -0.1157895 0.7114919 -0.5338826 -0.5409021 0.6499188 -0.5193759 -0.5925 0.6157861 -0.3300656 -0.8957093 0.2979289 -0.3249081 -0.8741939 0.3608598 -0.3235697 0.2024676 -0.9242888 -0.3915872 0.725799 -0.5655751 -0.3751772 0.6109105 -0.6971588 0.4396547 0.3583525 -0.8235821 0.2541617 0.338516 -0.905985 0.5269197 0.2322841 -0.8175572 -0.9352565 0.3442244 0.082493 -0.5461027 0.02972525 -0.8371907 -0.5179152 0.1514986 -0.8419098 -0.9355757 -0.01706039 -0.352714 -0.9432964 0.1816825 -0.2778189 -0.9694928 0.1592779 0.1863176 -0.9739131 0.1808539 0.1370595 -0.9370931 0.3429446 -0.06515854 -0.5174003 0.4010592 -0.7559422 0.4929138 0.1514662 -0.8567929 0.3976973 -0.7097269 0.5814848 0.235362 -0.9224348 0.3061354 0.3992879 -0.7125106 0.576973 0.2386286 -0.9259183 0.2928 0.7253621 0.6463771 0.2367414 0.7886603 0.5783488 0.2086328 0.08014363 0.3200864 0.9439924 -0.002807736 0.1468577 0.9891537 -0.229658 0.01403886 0.9731702 0.6275689 0.3022939 -0.7174788 0.9291234 0.09918701 0.3562189 0.9139971 0.2885616 0.2852044 0.9933005 0.1152091 -0.009003043 0.8074159 0.2967076 -0.5099453 0.5382421 0.0530734 0.8411176 0.4608701 0.2397281 0.8544759 0.4548258 0.02865737 -0.8901193 0.6690443 0.07385671 -0.7395439 0.7818045 0.2579768 -0.5676529 0.883814 0.3188372 0.3423677 0.3050088 0.2845 0.9088617 0.1640678 0.1596121 0.9734505 0.5004214 0.06479197 -0.8633543 -0.7415317 -0.6327604 -0.2230363 -0.4196109 -0.893363 -0.160715 -0.7059069 -0.6668425 -0.2387815 -0.4192479 -0.893828 -0.1590682 -0.9356197 -0.2933787 -0.1963284 -0.9369276 -0.3200508 -0.1404781 -0.00689733 0.4437204 0.8961389 -0.8775815 0.2782747 0.3904024 -0.07055991 0.5876435 0.8060376 -0.8208069 0.2877021 0.4934608 -0.9346744 0.1445684 0.324783 0.7772497 0.2522674 0.5764063 -0.06048923 0.008362233 0.9981339 -0.09701973 0.1014755 0.990096 -0.6339777 -0.02725374 0.772871 -0.5710715 0.1242734 0.8114392 0.8583595 0.2222731 0.4624001 0.9266138 0.0893287 0.3652498 0.838393 0.1039484 0.5350626 -0.06027519 0.2866658 0.9561327 -0.9294936 0.113501 0.3509406 0.9063513 0.118505 0.4055661 -0.9580928 0.1286694 0.2559349 0.2267547 -0.07110881 -0.9713526 0.05209618 -0.5703114 -0.819775 0.1337035 -0.1360229 -0.9816421 -0.002441465 -0.6243247 -0.7811612 -0.001525938 -0.8511456 -0.5249275 -0.02230978 -0.8618421 -0.5066859 0.9903889 -0.05887031 0.1251567 -0.7298005 0.345658 -0.5898405 -0.832898 0.423209 0.3566162 -0.7144875 0.3068716 -0.6287587 -0.6233272 0.1166754 -0.7732077 -0.1437429 0.2821147 0.9485511 -0.26097 0.2837984 0.9226881 -0.9670633 -0.03628736 0.2519364 -0.8907622 0.05292016 0.4513781 -0.1172543 0.1741724 0.9777093 -0.6970912 0.2357921 -0.6771011 -0.1632476 0.1420062 0.9763117 -0.9044547 0.3488907 0.245432 -0.7890818 0.5904913 0.1693222 -0.6558279 0.1261054 -0.7443032 0.4972519 -0.8399537 -0.2172978 0.7679884 -0.5965002 -0.2331982 0.5390877 -0.8204729 -0.190286 0.7920939 -0.5774222 -0.1979166 -0.5393319 0.1057483 -0.8354272 -0.2320658 -0.0973553 -0.9678158 0.9270602 -0.2333825 -0.2934144 0.9301041 -0.2447032 -0.2739101 0.04934978 0.08298218 0.9953284 0 -1 0 0.4509205 0.03463923 0.8918918 0.5993714 -0.04486358 -0.7992128 0.9596336 -0.07620543 -0.2707324 0.9697636 -0.08041685 -0.2304165 0.6416683 -0.07104891 -0.7636844 -0.6164039 0.08215868 -0.7831323 -0.5265827 0.05810904 -0.8481357 -0.9533465 0.1610172 0.2553508 -0.963738 0.1703587 0.2053948 -0.1937661 0.1141417 0.9743852 -0.1045902 0.1111823 0.9882811 0.4723086 0.0385757 0.8805888 0.9675453 0.07010221 -0.242779 0.01913541 0.06506651 -0.9976975 -0.9565573 0.01513737 -0.2911514 -0.7179307 -0.002655148 0.6961095 0.472066 0.03183114 0.8809884 0.5724596 0.1398416 -0.8079198 -0.944931 0.1312014 0.2998192 0.4979252 -0.3229876 0.804829 0.4810699 -0.3301538 0.8121393 -0.6536059 0.1150891 -0.7480333 -0.6321855 -0.09372603 -0.7691274 -0.3094626 0.9384589 0.1533884 -0.3434585 0.9293279 0.135595 0.5795886 0.1021475 0.8084819 0.6355621 0.3406857 0.6928161 0.7059193 -0.4943572 0.5072365 0.7869995 -0.52371 0.3261286 -0.3373628 -0.4895026 -0.804098 -0.3474007 -0.513456 -0.7846501 0.6761938 0.5416631 -0.4993628 -0.2472384 0.9277318 0.2796196 0.5578847 0.02722281 0.829472 -0.5094825 -0.03076303 -0.859931 -0.2367655 -0.4959929 -0.835424 0.6613819 -0.321764 0.6775265 0.1349565 0.9485413 -0.2864546 0.8536388 -0.08615428 0.513691 0.3082464 0.9510471 -0.0222181 0.7820083 -0.1571463 0.6031319 -0.900129 0.02176004 -0.4350796 -0.8494732 0.04223865 -0.5259385 -0.8102942 -0.5541741 -0.190564 -0.798117 -0.4972857 -0.340171 0.5845967 -0.547882 0.5983914 0.5371762 -0.6372501 0.5525887 -0.2454984 0.6732284 0.6974913 0.3379682 0.8374435 -0.429495 -0.9237361 0.1015691 -0.3693174 0.8703268 -0.1689563 0.4625852 0.4279775 -0.6357249 0.6424088 -0.899771 -0.435694 0.02414077 -0.5726423 0.4070726 0.7115988 -0.4048974 0.224163 0.8864588 0.8171503 0.5550213 -0.1556171 0.6189897 0.4449694 -0.6471894 0.5179741 -0.328266 -0.7899014 0.2939333 -0.2748281 -0.9154632 -0.8277413 -0.3918052 0.401663 -0.6925327 -0.4192367 0.5870597 -0.5034232 0.587444 -0.6336204 -0.6738616 0.3979079 0.622559 0.8255484 0.5590534 -0.07700031 -0.9190205 -0.3448043 0.1910798 0.7829414 -0.1998707 -0.5891135 0.4107325 0.204939 -0.8884249 -0.4109362 0.5604785 0.7190239 0.4171068 0.4369137 -0.7969495 -0.4040101 0.6361679 0.6573176 -0.3633329 -0.4074944 0.8378172 -0.275253 -0.3533213 0.8940917 0.4718921 -0.5803889 -0.6636766 0.504308 -0.4677759 -0.7258507 0.8299401 0.3947358 0.3941864 0.4880034 0.2028006 -0.848955 -0.49307 0.5734884 0.6542119 0.5137953 -0.6739005 -0.5309168 -0.3938841 -0.2961608 0.8701403 -0.1963291 0.01272642 0.9804555 0.07965523 -0.2115595 -0.9741138 -0.9669041 -0.1075491 -0.2313648 -0.9433088 0.171272 0.2843141 0.3390994 -0.07056045 0.9381006 -0.7531588 -0.09241282 0.6513153 0.8769778 -0.1270221 -0.4634386 -0.6551479 0.01825022 -0.7552802 0.6305959 -0.1636766 0.758656 -0.3652599 0.2526422 -0.8959671 0.7397466 -0.6692175 0.07016283 0.3416944 -0.761854 -0.5502941 0.2841671 0.7887156 0.5451394 -0.361472 0.6785078 0.639504 0.2364946 -0.9245233 -0.2988762 0.0157172 -0.6466351 0.7626376 0.06402975 -0.7605137 -0.6461574 0.8135184 -0.5197106 0.2609387 -0.03268647 -0.4888933 -0.8717311 -0.2191562 -0.07397776 0.9728812 -0.7599873 0.6487146 0.03985798 -0.7149458 0.6904693 0.1100221 0.2325264 -0.9713985 0.0481289 0.06497567 -0.03387647 -0.9973117 -0.4996961 0.05762082 0.8642822 0.4183021 -0.8576627 0.2990619 -0.4311761 -0.7823001 -0.4495486 -0.5783824 0.6220563 -0.5277499 -0.6452926 -0.1134389 -0.7554661 0.01861667 -0.3778577 -0.9256766 -0.5121987 0.7915076 -0.333419 0.2449187 -0.7725699 -0.5857907 -0.6289394 0.3332085 -0.7024296 -0.2785193 0.7367364 0.6161546 -0.4306325 -0.6692354 0.6055408 -0.8584779 0.09665465 -0.5036603 0.6183243 0.1470122 0.7720509 0.3057104 -0.7618498 0.5710745 -0.7772341 -0.6048613 0.1733494 0.5001855 0.49634 0.7095499 0.02108854 0.9686095 -0.2476915 0.9348862 0.1017806 -0.3400418 0.140573 -0.9245286 0.3542404 -0.7672339 -0.5441046 -0.3395618 -0.7672465 -0.5440919 -0.3395539 0.5853371 -0.5751435 -0.5714811 0.3466667 0.814708 -0.4648368 -0.7329514 -0.07397878 -0.6762465 0.3454747 0.6487113 -0.678101 -0.3481321 -0.07767128 -0.9342222 0.8988175 0.06650108 -0.4332489 -0.09353983 0.9947577 -0.04132235 0.8421766 -0.1412122 -0.5203824 0.7477818 0.1298287 0.6511275 0.2621915 0.6904693 -0.6741719 0.8312017 -0.03387671 0.5549381 -0.4681396 -0.8576608 0.2127519 0.9639022 0.1308031 0.2319115 0.6048984 -0.7823088 -0.1486304 0.594022 -0.5308171 -0.6044595 0.9057176 0.2890471 0.3100443 0.7923437 -0.3778603 0.4789709 0.5448523 0.7915053 -0.2768667 0.9772353 -0.1797849 -0.112644 0.08569812 0.8202055 -0.5656138 0.3848236 -0.7725771 0.5050104 0.9227999 0.3332054 -0.1934288 -0.6771868 -0.391254 -0.6231681 0.873381 -0.4866969 0.01822018 0.4444175 0.7810419 -0.4387104 -0.4245858 -0.4886154 -0.7622218 0.5395818 -0.6278743 -0.5609149 -0.4472348 0.5959569 0.6669456 -0.2762925 0.07519984 0.9581272 0.043428 0.9968915 -0.06573712 -0.04550337 -0.04403853 -0.9979931 0.9741699 -0.004059016 -0.2257803 0.9863246 -0.00915575 0.1645603 0.5694921 0.1925774 0.79912 0.4296486 -0.4884285 -0.7594997 -0.5097318 -0.6868652 0.5180635 0.5329178 0.09250217 0.8410958 0.8371093 -0.2759845 0.4723141 -0.308002 0.1972165 0.9307204 0.8729834 -0.1402071 -0.4671639 0.5072003 -0.5134568 0.6921778 0.1999627 -0.7313352 0.6520459 0.8884501 -0.01889145 -0.4585844 -0.8393698 -0.251051 -0.4821119 0.9871004 -0.1311698 -0.09180057 0.7380462 0.6747493 -0.001129209 0.01959335 0.3292115 -0.9440529 0.1232664 0.02273666 0.9921132 -0.2656725 -0.7715948 -0.5779789 0.5878058 -0.6048662 0.5372349 -0.3661428 -0.3246362 -0.8720956 0.5385394 -0.3699215 -0.7570558 0.03982675 0.8075226 0.5884905 0.03982746 0.8075371 0.5884706 0.1053525 0.5822769 -0.8061357 0.3209101 -0.8757198 -0.3607377 -0.5926836 -0.2511733 -0.76527 0.3982471 0.5437328 -0.7387515 -0.4291017 0.9006863 0.06808859 -0.4816888 0.8676685 -0.1229934 -0.2088143 0.2391202 0.9482711 0.2132381 0.9574505 -0.1944687 -0.8543817 0.0897566 0.5118356 0.1457281 0.9868314 0.07019364 0.825811 -0.08490359 0.5575193 -0.5625828 -0.05526942 0.8248915 0.03921675 0.9948543 0.09341824 0.8744876 -0.1617195 0.4572947 0.2166591 -0.8804312 -0.4217817 0.2976528 0.524837 0.7974641 0.2976806 0.5248322 0.7974568 0.1519878 0.7986075 -0.5823453 0.151984 0.7986184 -0.582331 -0.2495866 -0.08594226 0.9645313 -0.6159661 -0.2332571 -0.7524473 -0.2155561 0.9686139 -0.1237853 -0.558714 0.6017155 -0.5707691 0.289748 0.7864763 0.5454367 -0.9921881 0.01092559 -0.1242715 -0.9921919 0.01092565 -0.1242414 -0.1401126 0.9752954 0.1707842 -0.9064438 -0.3579264 0.2241618 -0.2731778 0.9017215 0.3350707 -0.2356089 0.2715912 0.9331274 0.3172168 0.9290663 -0.1902874 -0.758001 0.2100929 0.6174914 0.3330832 0.9386391 0.08951187 0.06927919 0.3447785 -0.936124 0.3041816 -0.9336639 0.1890644 -0.902372 0.3479841 -0.2542279 -0.1603156 0.9813651 0.105931 -0.4918736 -0.07767063 0.8671953 -0.8704414 0.06650155 -0.4877597 0.01977616 0.9947592 0.1003152 -0.5921634 -0.7964282 -0.1226565 0.09351152 -0.1492095 0.9843741 -0.7368005 -0.6753343 -0.03238111 -0.6695953 0.7222718 0.1731059 -0.1672734 0.2633771 -0.9500801 -0.6781301 0.106572 -0.727174 -0.276229 0.2857816 0.9176201 -0.152166 -0.9567599 -0.2479031 -0.4687186 -0.7823066 -0.4102432 -0.6158114 0.3686079 -0.696351 0.8767055 -0.158244 -0.4542534 0.9919607 0.05884069 -0.1120354 -0.5404706 0.5727908 0.6162812 -0.1743536 0.9382991 -0.2986565 0.6704834 -0.1130443 -0.733262 0.7221235 0.04870921 -0.6900473 -0.005066156 0.3062908 -0.9519246 0.1783862 0.253281 -0.9508035 -0.1167671 -0.6506119 -0.7503797 -0.4623689 -0.310718 -0.8304634 -0.6441767 -0.5977564 -0.4772041 -0.5967751 0.7966766 0.09573912 -0.414023 0.9102646 -0.001831114 0.6306858 0.275286 0.7255709 -0.04739636 -0.8326568 0.5517575 -0.218123 0.5476729 0.8077604 -0.7036875 -0.5337856 -0.4689317 -0.4338602 0.8454719 -0.3113563 0.03286886 -0.7467377 0.6643061 -0.7089066 0.5116897 0.4854124 -0.7089218 0.5116786 0.4854019 0.6624231 0.2466881 0.7073476 -0.7874361 0.2164145 0.5771561 0.5120875 0.2734857 -0.814231 -0.7500431 -0.4628257 -0.4724698 -0.5617331 -0.8144917 0.1451179 -0.764205 0.5780369 0.2861191 0.3316543 -0.1662086 0.9286443 -0.5890209 -0.8054021 0.06619614 -0.7369196 0.5689412 0.3650416 0.388598 -0.1647108 -0.906566 0.5195292 -0.7099083 -0.4755204 0.8515872 0.4757083 0.2202291 -0.06985759 0.5193698 -0.8516895 0.9396674 0.2630482 -0.2187033 0.9396709 0.2630407 -0.218697 0.7586187 -0.5693684 -0.3167294 0.497677 0.4049291 0.7670397 0.4205214 0.7992014 -0.4294635 0.7278615 -0.2131792 0.6517456 0.3280478 0.9428817 -0.05795538 0.7136713 -0.5638809 0.4155859 0.4071605 0.564336 0.7181542 -0.5578306 -0.8192583 0.1328197 0.9947574 0.09680533 -0.03296017 0.1756693 0.9102696 -0.3748995 0.1097454 -0.8637415 0.4918401 0.9854549 0.02996951 -0.167274 0.8070105 0.5465014 0.2237643 0.6407822 -0.6692262 0.3762108 -0.4269359 0.09665495 0.8991016 0.9300426 -0.1756686 -0.3227407 0.5422392 -0.7618572 -0.3543308 0.4803774 -0.7678103 -0.4239162 0.8262417 0.5583152 -0.07489365 -0.2941729 0.314285 -0.9026003 0.5218465 0.771493 -0.3639711 0.1144456 0.7123094 -0.6924721 0.3988895 -0.3699265 -0.8390719 0.5116535 0.8491342 -0.1310797 0.5116514 0.8491308 -0.1311097 0.8720161 0.4417914 0.2107329 -0.7889211 -0.2945407 -0.5393046 -0.5897657 0.7986131 0.1199735 0.01034587 -0.2265411 0.9739468 -0.8957421 0.08975732 0.4354192 -0.5497038 0.1538145 0.8210766 0.5997906 -0.5222417 0.6062301 0.7341461 -0.6758844 -0.06488436 0.7341476 -0.6758857 -0.06485402 0.2270342 0.524843 0.8203629 -0.9096721 -0.2332547 -0.343641 -0.2485772 0.968612 5.79861e-4 -0.2485772 0.968612 5.49342e-4 -0.9910053 0.1017801 -0.08688688 -0.9775812 0.01092571 -0.2102752 -0.90635 -0.3956164 -0.1483829 -0.2964932 0.8457151 -0.4436868 0.2411026 -0.2424761 0.9397206 -0.9225286 -0.3579269 0.1443244 -0.3013467 0.9017208 0.3099837 -0.3160269 0.2715908 0.9090465 -0.8089397 0.2100936 0.5490694 -0.9386345 0.3240175 0.1182296 -0.554628 -0.4154598 0.7209584 -0.5978761 0.6785084 0.4268145 -0.5765331 -0.2632563 0.7735023 -0.01519852 0.9499713 0.3119673 -0.8460032 -0.2259976 0.4829116 -0.5290908 0.243853 -0.8127722 -0.06592172 0.9431083 0.3258854 0.007171928 -0.179238 0.9837797 -0.3080331 -0.6466467 0.6978278 -0.2714043 -0.5440904 0.7939178 0.523068 -0.8059196 -0.2772971 0.5372282 0.5643292 -0.6268323 -0.6026058 -0.4221749 -0.6772257 0.3861023 0.3257347 -0.8630307 -0.5303599 0.8459572 -0.05545306 -0.7802956 0.5248462 -0.3401108 -0.5394946 -0.5287212 0.6552858 -0.50189 0.5981478 -0.6247606 0.1113662 0.7610079 0.6391123 -0.09787416 0.4417918 -0.8917627 -0.2059452 0.8676678 0.4524813 0.6270093 -0.5197051 0.5803155 0.3387653 -0.4888902 -0.8038809 -0.6097981 -0.07397776 0.7890967 -0.1804895 -0.02365219 -0.9832925 -0.468564 0.6487199 -0.5996753 -0.8595789 -0.07767182 0.5050656 0.2087543 0.1361176 -0.9684491 -0.6944674 0.6904693 -0.2024042 0.1903794 -0.971399 0.1419147 -0.1467379 -0.4221768 0.8945584 -0.7311796 -0.6753295 -0.09647125 -0.8181518 0.05761975 0.5721081 0.9688522 0.2444562 -0.03958296 -0.8544394 -0.4711518 0.2189735 -0.5195565 0.7714914 -0.3672358 -0.004059076 0.4275462 0.9039844 -0.1275401 -0.8317421 0.5403134 0.1132255 0.2460137 0.9626305 -0.4031853 0.492331 -0.771396 -0.4031949 0.4923427 -0.7713837 -0.7209609 0.3482269 0.5991273 -0.6757661 -0.7150754 -0.1789062 0.0438559 0.2032876 -0.9781364 -0.7358202 0.6688303 0.1059935 -0.9664657 0.256479 0.01275676 -0.2655432 -0.113438 -0.9574021 0.4081029 -0.3778584 -0.8310687 -0.3232893 0.7915139 -0.5186423 -0.7016091 0.1364214 0.6993812 0.3658617 -0.2131751 -0.9059258 -0.1659002 0.9428783 -0.2888909 -0.4694432 -0.137427 0.8722023 -0.3380909 0.940508 -0.03375411 -0.8924466 -0.4060904 0.1965445 0.6652287 0.3292114 0.6701423 -0.09531289 -0.8326681 0.5455085 -0.02926754 0.617945 0.7856765 -0.2151577 -0.2276093 0.9496848 0.4982012 0.810813 0.3072099 -0.1023018 0.4432062 0.8905631 0.5351277 -0.5270096 0.6602268 0.5351495 -0.5270009 0.660216 -0.7249451 0.2714042 0.6330833 -0.1662095 -0.1717946 0.9710103 0.2422013 0.624883 0.7421993 0.5810974 0.2734881 -0.7665053 0.469542 -0.7725698 -0.4273946 -0.2731182 0.3332109 -0.9024284 -0.2731464 0.3332081 -0.9024208 0.004913628 -0.4632257 0.8862267 -0.1630046 -0.4768059 0.8637626 0.820445 -0.4407263 -0.3641844</float_array>
          <technique_common>
            <accessor source="#wr01_tree02-mesh-normals-array" count="502" stride="3">
              <param name="X" type="float"/>
              <param name="Y" type="float"/>
              <param name="Z" type="float"/>
            </accessor>
          </technique_common>
        </source>
        <source id="wr01_tree02-mesh-map-0">
          <float_array id="wr01_tree02-mesh-map-0-array" count="4914">0.09930419 -4.074219 0.09930419 -3.662109 -0.03720092 -3.814453 0.01951599 -4.125 -0.2380371 -3.775391 -0.03900146 -4.222656 0.2546387 -3.832031 0.09930419 -3.662109 0.09930419 -4.074219 0.1033325 -2.570313 0.09930419 -3.441406 0.2052001 -2.570313 0.2052001 -2.570313 0.09930419 -3.441406 0.2111816 -3.5 0.1033325 -2.570313 0 -2.564453 0.09930419 -3.441406 0.09930419 -3.441406 0 -2.564453 0 -3.509766 0.09930419 -3.662109 0.2546387 -3.832031 0.2111816 -3.5 0.2111816 -3.5 0.2546387 -3.832031 0.4104004 -3.8125 -0.2380371 -3.775391 -0.03720092 -3.814453 0 -3.509766 0 -3.509766 -0.03720092 -3.814453 0.09930419 -3.662109 0.1745605 -4.441406 0.1699219 -4.128906 0.09930419 -4.453125 0.09930419 -4.453125 0.1699219 -4.128906 0.09930419 -4.074219 0.09930419 -4.074219 0.01951599 -4.125 0.09930419 -4.453125 0.09930419 -4.453125 0.01951599 -4.125 0.02447509 -4.4375 0.1699219 -4.128906 0.4104004 -3.8125 0.2546387 -3.832031 0.02447509 -4.4375 0.01951599 -4.125 -0.03900146 -4.222656 -0.5693359 -0.2445068 -0.5087891 -0.2445068 -0.5683594 -0.1331787 -0.5683594 -0.1331787 -0.5087891 -0.2445068 -0.4855957 -0.1339111 -0.449707 0.007293701 -0.5942383 0.001023292 -0.4855957 -0.1339111 -0.4855957 -0.1339111 -0.5942383 0.001023292 -0.5683594 -0.1331787 0.1745605 -4.441406 0.2485352 -4.226563 0.1699219 -4.128906 0.3017578 -3.845703 0.3017578 -3.646484 0.1842041 -3.75 0.2641602 -3.908203 0.1842041 -3.75 0.09313964 -3.751953 0.4208984 -3.738281 0.3017578 -3.646484 0.3017578 -3.845703 0.3066406 -2.568359 0.3017578 -3.435547 0.4069824 -2.568359 0.4069824 -2.568359 0.3017578 -3.435547 0.4006348 -3.492188 0.3066406 -2.568359 0.2052001 -2.570313 0.3017578 -3.435547 0.3017578 -3.435547 0.2052001 -2.570313 0.2111816 -3.5 0.3017578 -3.646484 0.4006348 -3.492188 0.3017578 -3.435547 0.4006348 -3.492188 0.4208984 -3.738281 0.5366211 -3.726563 0.09313964 -3.751953 0.1842041 -3.75 0.2111816 -3.5 0.2111816 -3.5 0.3017578 -3.646484 0.3017578 -3.435547 0.355957 -4.222656 0.3410645 -3.908203 0.3017578 -4.238281 0.3017578 -4.238281 0.3410645 -3.908203 0.3017578 -3.845703 0.3017578 -3.845703 0.2641602 -3.908203 0.3017578 -4.238281 0.3017578 -4.238281 0.2641602 -3.908203 0.2460938 -4.214844 0.3410645 -3.908203 0.5366211 -3.726563 0.4208984 -3.738281 -0.4970703 -0.06402587 -0.4475098 0.07788085 -0.5742188 -0.06066894 -0.5742188 -0.06066894 -0.4475098 0.07788085 -0.6118164 0.1070557 0.9038086 -3.925781 0.9038086 -3.679688 0.8071289 -3.759766 0.7504883 -4.074219 0.8071289 -3.759766 0.6523438 -3.746094 0.9892578 -3.759766 0.9038086 -3.679688 0.9038086 -3.925781 0.9023438 -2.615234 0.9038086 -3.445313 1 -2.626953 1 -2.626953 0.9038086 -3.445313 1 -3.519531 0.9023438 -2.615234 0.8046875 -2.601563 0.9038086 -3.445313 0.9038086 -3.445313 0.8046875 -2.601563 0.8022461 -3.521484 0.9038086 -3.679688 0.9892578 -3.759766 0.9038086 -3.445313 1 -3.519531 0.9892578 -3.759766 1.136719 -3.757813 0.6523438 -3.746094 0.8071289 -3.759766 0.8022461 -3.521484 0.9038086 -3.445313 0.8071289 -3.759766 0.9038086 -3.679688 0.9868164 -4.359375 0.9570313 -3.992188 0.9038086 -4.382813 0.9038086 -4.382813 0.9570313 -3.992188 0.9038086 -3.925781 0.9038086 -3.925781 0.8525391 -3.994141 0.9038086 -4.382813 0.9038086 -4.382813 0.8525391 -3.994141 0.8203125 -4.359375 0.9570313 -3.992188 1.054688 -4.058594 0.9892578 -3.759766 0.8203125 -4.359375 0.8525391 -3.994141 0.7504883 -4.074219 -0.4936523 -0.1184692 -0.4650879 0.07946777 -0.5859375 -0.1043091 -0.5859375 -0.1043091 -0.4650879 0.07946777 -0.59375 0.08856201 0.9868164 -4.359375 1.054688 -4.058594 0.9570313 -3.992188 -0.5859375 -0.1043091 -0.5693359 -0.2445068 -0.4936523 -0.1184692 -0.4936523 -0.1184692 -0.5693359 -0.2445068 -0.5087891 -0.2445068 0.7006836 -3.632813 0.5541992 -3.771484 0.7006836 -3.892578 0.6333008 -3.9375 0.5541992 -3.771484 0.4541016 -3.769531 0.7006836 -3.632813 0.7006836 -3.892578 0.7675781 -3.935547 0.7055664 -2.587891 0.7006836 -3.4375 0.8046875 -2.601563 0.8046875 -2.601563 0.7006836 -3.4375 0.8022461 -3.521484 0.7055664 -2.587891 0.6069336 -2.576172 0.7006836 -3.4375 0.7006836 -3.4375 0.6069336 -2.576172 0.5991211 -3.494141 0.7006836 -3.632813 0.8022461 -3.521484 0.7006836 -3.4375 0.8022461 -3.521484 0.828125 -3.771484 0.9394531 -3.761719 0.4541016 -3.769531 0.5541992 -3.771484 0.5991211 -3.494141 0.5991211 -3.494141 0.7006836 -3.632813 0.7006836 -3.4375 0.7744141 -4.242188 0.7675781 -3.935547 0.7006836 -4.257813 0.7006836 -4.257813 0.7675781 -3.935547 0.7006836 -3.892578 0.7006836 -3.892578 0.6333008 -3.9375 0.7006836 -4.257813 0.7006836 -4.257813 0.6333008 -3.9375 0.6264648 -4.246094 0.7675781 -3.935547 0.8330078 -4.007813 0.828125 -3.771484 0.828125 -3.771484 0.8330078 -4.007813 0.9394531 -3.761719 0.6264648 -4.246094 0.6333008 -3.9375 0.5776367 -4.027344 -0.5087891 -0.2445068 -0.4929199 -0.1282958 -0.5693359 -0.2445068 -0.5693359 -0.2445068 -0.4929199 -0.1282958 -0.5786133 -0.1157227 -0.4929199 -0.1282958 -0.4599609 -7.31945e-5 -0.5786133 -0.1157227 -0.5786133 -0.1157227 -0.4599609 -7.31945e-5 -0.597168 0.02928161 0.7675781 -3.935547 0.7744141 -4.242188 0.8330078 -4.007813 0.8330078 -4.007813 0.7744141 -4.242188 0.8251953 -4.230469 0.4443359 -3.955078 0.5151367 -3.615234 0.3564453 -3.771484 0.4443359 -3.955078 0.2773438 -3.794922 0.387207 -4.0625 0.6679688 -3.748047 0.5151367 -3.615234 0.5883789 -3.953125 0.5068359 -2.570313 0.5151367 -3.398438 0.6069336 -2.576172 0.6069336 -2.576172 0.5151367 -3.398438 0.5991211 -3.494141 0.5068359 -2.570313 0.4069824 -2.568359 0.5151367 -3.398438 0.5151367 -3.398438 0.4069824 -2.568359 0.4006348 -3.492188 0.5151367 -3.615234 0.5991211 -3.494141 0.5151367 -3.398438 0.5991211 -3.494141 0.6679688 -3.748047 0.7558594 -3.734375 0.2773438 -3.794922 0.3564453 -3.771484 0.4006348 -3.492188 0.4006348 -3.492188 0.5151367 -3.615234 0.5151367 -3.398438 0.5893555 -4.292969 0.5883789 -3.953125 0.5151367 -4.3125 0.5151367 -4.3125 0.5883789 -3.953125 0.5151367 -3.916016 0.5151367 -3.916016 0.4443359 -3.955078 0.5151367 -4.3125 0.5151367 -4.3125 0.4443359 -3.955078 0.4421387 -4.292969 0.5883789 -3.953125 0.7558594 -3.734375 0.6679688 -3.748047 -0.6030273 0.05239868 -0.5776367 -0.1932373 -0.4570313 0.01820373 -0.4570313 0.01820373 -0.5776367 -0.1932373 -0.4953613 -0.197998 0.4421387 -4.292969 0.387207 -4.0625 0.387207 -4.273438 -0.5693359 -0.3283691 -0.5087891 -0.3283691 -0.5776367 -0.1932373 -0.5776367 -0.1932373 -0.5087891 -0.3283691 -0.4953613 -0.197998 0.6459961 -4.054688 0.5883789 -3.953125 0.5893555 -4.292969 -0.0455017 -0.6655273 -0.02485656 -0.4897461 -0.09143066 -0.5576172 0.9023438 -2.615234 1 -2.626953 1 -1.061523 0.2279053 -1.026367 0 -2.564453 0.1033325 -2.570313 0 -2.564453 0.2279053 -1.026367 0 -1.009766 0 -1.009766 0.2279053 -1.026367 0 1.100586 0 1.100586 0.2279053 -1.026367 0.2329102 1.097656 0.2052001 -2.570313 0.2279053 -1.026367 0.1033325 -2.570313 0.2279053 -1.026367 0.2052001 -2.570313 0.4318848 -1.047852 0.4318848 -1.047852 0.2052001 -2.570313 0.3066406 -2.568359 0.3066406 -2.568359 0.4069824 -2.568359 0.4318848 -1.047852 0.4318848 -1.047852 0.418457 1.061523 0.2279053 -1.026367 0.2279053 -1.026367 0.418457 1.061523 0.2329102 1.097656 0.4318848 -1.047852 0.4069824 -2.568359 0.6098633 -1.057617 0.6098633 -1.057617 0.4069824 -2.568359 0.5068359 -2.570313 0.418457 1.061523 0.4318848 -1.047852 0.6132813 1.051758 0.6132813 1.051758 0.4318848 -1.047852 0.6098633 -1.057617 0.6098633 -1.057617 0.5068359 -2.570313 0.6069336 -2.576172 0.8046875 -2.601563 0.8027344 -1.058594 0.7055664 -2.587891 0.7055664 -2.587891 0.8027344 -1.058594 0.6069336 -2.576172 0.6098633 -1.057617 0.6069336 -2.576172 0.8027344 -1.058594 0.6098633 -1.057617 0.8027344 -1.058594 0.6132813 1.051758 0.6132813 1.051758 0.8027344 -1.058594 0.8032227 1.082031 1 -1.061523 0.8046875 -2.601563 0.9023438 -2.615234 0.8046875 -2.601563 1 -1.061523 0.8027344 -1.058594 0.8027344 -1.058594 1 -1.061523 0.8032227 1.082031 0.8032227 1.082031 1 -1.061523 1 1.124023 -0.2775879 5.375 0 1.100586 0.2329102 1.097656 1.040039 5.195313 0.2329102 1.097656 0.418457 1.061523 1.188477 5.417969 0.418457 1.061523 0.6132813 1.051758 0.453125 5.300781 0.6132813 1.051758 0.8032227 1.082031 -0.12854 5.492188 0.8032227 1.082031 1 1.124023 0.208252 -3.976563 0.2460938 -4.214844 0.2641602 -3.908203 0.3972168 -3.978516 0.3410645 -3.908203 0.355957 -4.222656 -0.4970703 -0.06402587 -0.5742188 -0.06066894 -0.5087891 -0.2445068 -0.5087891 -0.2445068 -0.5742188 -0.06066894 -0.5693359 -0.2445068 0.05340576 -0.6787109 0.08850097 -0.5498047 -0.02485656 -0.4897461 0.05340576 -0.6787109 -0.02485656 -0.4897461 -0.0455017 -0.6655273 0.4770508 -3.052734 0.3972168 -3.541016 0.5585938 -3.035156 0.5585938 -3.035156 0.3972168 -3.541016 0.5351563 -3.613281 0.5585938 -3.035156 0.5351563 -3.613281 0.6420898 -3.037109 0.6420898 -3.037109 0.5351563 -3.613281 0.6782227 -3.644531 0.746582 -3.0625 0.6420898 -3.037109 0.8330078 -3.509766 0.8330078 -3.509766 0.6420898 -3.037109 0.6782227 -3.644531 0.4770508 -3.052734 0.3764648 -3.056641 0.3972168 -3.541016 0.3972168 -3.541016 0.3764648 -3.056641 0.3161621 -3.515625 0.5620117 -1.171875 0.5678711 -2.429688 0.6293945 -2.427734 0.5620117 -1.171875 0.4875488 -2.431641 0.5678711 -2.429688 0.5620117 -1.171875 0.4106445 -2.404297 0.4875488 -2.431641 0.5620117 -1.171875 0.6293945 -2.427734 0.7094727 -2.40625 0.6293945 -2.427734 0.5678711 -2.429688 0.6420898 -3.037109 0.6420898 -3.037109 0.5678711 -2.429688 0.5585938 -3.035156 0.5678711 -2.429688 0.4875488 -2.431641 0.5585938 -3.035156 0.5585938 -3.035156 0.4875488 -2.431641 0.4770508 -3.052734 0.4106445 -2.404297 0.3764648 -3.056641 0.4875488 -2.431641 0.4875488 -2.431641 0.3764648 -3.056641 0.4770508 -3.052734 0.6293945 -2.427734 0.6420898 -3.037109 0.7094727 -2.40625 0.7094727 -2.40625 0.6420898 -3.037109 0.746582 -3.0625 0.5615234 -3.388672 0.4799805 -3.396484 0.5634766 -4.28125 0.5634766 -4.28125 0.4799805 -3.396484 0.4020996 -4.332031 0.5615234 -3.388672 0.5634766 -4.28125 0.6386719 -3.369141 0.6386719 -3.369141 0.5634766 -4.28125 0.715332 -4.300781 0.6386719 -3.369141 0.715332 -4.300781 0.7163086 -3.371094 0.7163086 -3.371094 0.715332 -4.300781 0.8837891 -4.285156 0.4020996 -4.332031 0.4799805 -3.396484 0.2766113 -4.300781 0.2766113 -4.300781 0.4799805 -3.396484 0.4040527 -3.376953 0.5576172 -2.076172 0.5551758 -2.830078 0.6191406 -2.822266 0.5576172 -2.076172 0.4909668 -2.822266 0.5551758 -2.830078 0.5576172 -2.076172 0.4284668 -2.810547 0.4909668 -2.822266 0.5576172 -2.076172 0.6191406 -2.822266 0.6826172 -2.810547 0.6191406 -2.822266 0.5551758 -2.830078 0.6386719 -3.369141 0.6386719 -3.369141 0.5551758 -2.830078 0.5615234 -3.388672 0.4909668 -2.822266 0.4799805 -3.396484 0.5551758 -2.830078 0.5551758 -2.830078 0.4799805 -3.396484 0.5615234 -3.388672 0.4284668 -2.810547 0.4040527 -3.376953 0.4909668 -2.822266 0.4909668 -2.822266 0.4040527 -3.376953 0.4799805 -3.396484 0.6826172 -2.810547 0.6191406 -2.822266 0.7163086 -3.371094 0.7163086 -3.371094 0.6191406 -2.822266 0.6386719 -3.369141 0.5014648 -3.378906 0.4750977 -3.964844 0.6103516 -3.373047 0.6103516 -3.373047 0.4750977 -3.964844 0.6264648 -4.007813 0.6103516 -3.373047 0.6264648 -4.007813 0.746582 -3.412109 0.746582 -3.412109 0.6264648 -4.007813 0.8198242 -4.035156 0.5014648 -3.378906 0.3723145 -3.410156 0.4750977 -3.964844 0.4750977 -3.964844 0.3723145 -3.410156 0.326416 -4.042969 0.559082 -1.304688 0.5043945 -2.304688 0.5996094 -2.322266 0.559082 -1.304688 0.3666992 -2.310547 0.5043945 -2.304688 0.559082 -1.304688 0.5996094 -2.322266 0.7451172 -2.310547 0.5996094 -2.322266 0.5043945 -2.304688 0.6103516 -3.373047 0.6103516 -3.373047 0.5043945 -2.304688 0.5014648 -3.378906 0.5043945 -2.304688 0.3666992 -2.310547 0.5014648 -3.378906 0.5014648 -3.378906 0.3666992 -2.310547 0.3723145 -3.410156 0.5996094 -2.322266 0.6103516 -3.373047 0.7451172 -2.310547 0.7451172 -2.310547 0.6103516 -3.373047 0.746582 -3.412109 0.4868164 -3.978516 0.6337891 -3.939453 0.503418 -3.283203 0.503418 -3.283203 0.6337891 -3.939453 0.609375 -3.265625 0.609375 -3.265625 0.6337891 -3.939453 0.7167969 -3.28125 0.7167969 -3.28125 0.6337891 -3.939453 0.8251953 -4.015625 0.503418 -3.283203 0.3979492 -3.285156 0.4868164 -3.978516 0.4868164 -3.978516 0.3979492 -3.285156 0.3215332 -4.027344 0.5537109 -1.540039 0.5053711 -2.564453 0.5981445 -2.5625 0.5537109 -1.540039 0.4179688 -2.544922 0.5053711 -2.564453 0.5537109 -1.540039 0.5981445 -2.5625 0.6835938 -2.544922 0.5981445 -2.5625 0.5053711 -2.564453 0.609375 -3.265625 0.609375 -3.265625 0.5053711 -2.564453 0.503418 -3.283203 0.4179688 -2.544922 0.3979492 -3.285156 0.5053711 -2.564453 0.5053711 -2.564453 0.3979492 -3.285156 0.503418 -3.283203 0.6835938 -2.544922 0.5981445 -2.5625 0.7167969 -3.28125 0.7167969 -3.28125 0.5981445 -2.5625 0.609375 -3.265625 0.8525391 -3.994141 0.8071289 -3.759766 0.7504883 -4.074219 0.9038086 -3.925781 0.8071289 -3.759766 0.8525391 -3.994141 0.9892578 -3.759766 0.9038086 -3.925781 0.9570313 -3.992188 0.8203125 -4.359375 0.7504883 -4.074219 0.7597656 -4.339844 0.9868164 -4.359375 1.074219 -4.328125 1.054688 -4.058594 0.9892578 -3.759766 1.054688 -4.058594 1.136719 -3.757813 0.9038086 -3.445313 0.9892578 -3.759766 1 -3.519531 0.8022461 -3.521484 0.8071289 -3.759766 0.9038086 -3.445313 0.6264648 -4.246094 0.5776367 -4.027344 0.5585938 -4.230469 0.7006836 -3.892578 0.5541992 -3.771484 0.6333008 -3.9375 0.6333008 -3.9375 0.4541016 -3.769531 0.5776367 -4.027344 0.7006836 -3.632813 0.7675781 -3.935547 0.828125 -3.771484 0.7006836 -3.632813 0.828125 -3.771484 0.8022461 -3.521484 0.5991211 -3.494141 0.5541992 -3.771484 0.7006836 -3.632813 0.4421387 -4.292969 0.4443359 -3.955078 0.387207 -4.0625 0.4443359 -3.955078 0.3564453 -3.771484 0.2773438 -3.794922 0.5151367 -3.916016 0.5151367 -3.615234 0.4443359 -3.955078 0.5883789 -3.953125 0.5151367 -3.615234 0.5151367 -3.916016 0.6459961 -4.054688 0.5893555 -4.292969 0.6508789 -4.273438 0.5883789 -3.953125 0.6459961 -4.054688 0.7558594 -3.734375 0.4006348 -3.492188 0.3564453 -3.771484 0.5151367 -3.615234 0.5151367 -3.615234 0.6679688 -3.748047 0.5991211 -3.494141 0.3972168 -3.978516 0.355957 -4.222656 0.4052734 -4.199219 0.3410645 -3.908203 0.3972168 -3.978516 0.5366211 -3.726563 0.4208984 -3.738281 0.3017578 -3.845703 0.3410645 -3.908203 0.3017578 -3.646484 0.4208984 -3.738281 0.4006348 -3.492188 0.2111816 -3.5 0.1842041 -3.75 0.3017578 -3.646484 0.2641602 -3.908203 0.09313964 -3.751953 0.208252 -3.976563 0.208252 -3.976563 0.1951904 -4.195313 0.2460938 -4.214844 0.3017578 -3.845703 0.1842041 -3.75 0.2641602 -3.908203 0.1745605 -4.441406 0.2355957 -4.4375 0.2485352 -4.226563 0.02447509 -4.4375 -0.03900146 -4.222656 -0.0519104 -4.429688 0.1699219 -4.128906 0.2485352 -4.226563 0.4104004 -3.8125 0.09930419 -3.662109 0.2111816 -3.5 0.09930419 -3.441406 0 -3.509766 0.09930419 -3.662109 0.09930419 -3.441406 0.2546387 -3.832031 0.09930419 -4.074219 0.1699219 -4.128906 0.09930419 -4.074219 -0.03720092 -3.814453 0.01951599 -4.125 0.01951599 -4.125 -0.03720092 -3.814453 -0.2380371 -3.775391 0.4978027 0.7504883 0.4978027 0.9990234 0.25 0.7504883 0.25 0.7504883 0.4978027 0.9990234 0.25 0.9990234 0.4978027 0.7504883 0.4978027 0.9990234 0.25 0.7504883 0.25 0.7504883 0.4978027 0.9990234 0.25 0.9990234 0.25 0.9990234 0.25 0.7504883 0.4978027 0.9990234 0.4978027 0.9990234 0.25 0.7504883 0.4978027 0.7504883 0.002132415 0.4992676 0.002132415 0.2496338 0.25 0.4992676 0.25 0.4992676 0.002132415 0.2496338 0.25 0.2496338 0.4978027 0.7504883 0.4978027 0.9990234 0.25 0.7504883 0.25 0.7504883 0.4978027 0.9990234 0.25 0.9990234 0.25 0.2496338 0.25 0.4992676 0.002132415 0.2496338 0.002132415 0.2496338 0.25 0.4992676 0.002132415 0.4992676 0.25 0.2496338 0.25 0.4992676 0.002132415 0.2496338 0.002132415 0.2496338 0.25 0.4992676 0.002132415 0.4992676 0.25 0.2496338 0.25 0.4992676 0.002132415 0.2496338 0.002132415 0.2496338 0.25 0.4992676 0.002132415 0.4992676 0.25 0.2496338 0.25 0.4992676 0.002132415 0.2496338 0.002132415 0.2496338 0.25 0.4992676 0.002132415 0.4992676 0.25 0.9990234 0.25 0.7504883 0.4978027 0.9990234 0.4978027 0.9990234 0.25 0.7504883 0.4978027 0.7504883 0.25 0.4992676 0.25 0.2496338 0.4978027 0.4992676 0.4978027 0.4992676 0.25 0.2496338 0.4978027 0.2496338 0.25 0.9990234 0.25 0.7504883 0.4978027 0.9990234 0.4978027 0.9990234 0.25 0.7504883 0.4978027 0.7504883 0.4978027 0.7504883 0.4978027 0.9990234 0.25 0.7504883 0.25 0.7504883 0.4978027 0.9990234 0.25 0.9990234 0.25 0.9990234 0.25 0.7504883 0.4978027 0.9990234 0.4978027 0.9990234 0.25 0.7504883 0.4978027 0.7504883 0.25 0.9990234 0.25 0.7504883 0.4978027 0.9990234 0.4978027 0.9990234 0.25 0.7504883 0.4978027 0.7504883 0.25 0.9990234 0.25 0.7504883 0.4978027 0.9990234 0.4978027 0.9990234 0.25 0.7504883 0.4978027 0.7504883 0.25 0.9990234 0.25 0.7504883 0.4978027 0.9990234 0.4978027 0.9990234 0.25 0.7504883 0.4978027 0.7504883 0.25 0.9990234 0.25 0.7504883 0.4978027 0.9990234 0.4978027 0.9990234 0.25 0.7504883 0.4978027 0.7504883 0.002132415 0.4992676 0.002132415 0.2496338 0.25 0.4992676 0.25 0.4992676 0.002132415 0.2496338 0.25 0.2496338 0.25 0.2496338 0.25 0.4992676 0.002132415 0.2496338 0.002132415 0.2496338 0.25 0.4992676 0.002132415 0.4992676 0.002132415 0.4992676 0.002132415 0.2496338 0.25 0.4992676 0.25 0.4992676 0.002132415 0.2496338 0.25 0.2496338 0.25 0.9990234 0.25 0.7504883 0.4978027 0.9990234 0.4978027 0.9990234 0.25 0.7504883 0.4978027 0.7504883 0.25 0.9990234 0.25 0.7504883 0.4978027 0.9990234 0.4978027 0.9990234 0.25 0.7504883 0.4978027 0.7504883 0.25 0.2496338 0.002132415 0.2496338 0.25 0.00132656 0.25 0.00132656 0.002132415 0.2496338 0.002132415 0.00132656 0.4978027 0.2496338 0.4978027 0.4992676 0.25 0.2496338 0.25 0.2496338 0.4978027 0.4992676 0.25 0.4992676 0.25 0.4992676 0.25 0.2496338 0.4978027 0.4992676 0.4978027 0.4992676 0.25 0.2496338 0.4978027 0.2496338 0.25 0.2496338 0.002132415 0.2496338 0.25 0.00132656 0.25 0.00132656 0.002132415 0.2496338 0.002132415 0.00132656 0.4978027 0.7504883 0.4978027 0.9990234 0.25 0.7504883 0.25 0.7504883 0.4978027 0.9990234 0.25 0.9990234 0.25 0.9990234 0.25 0.7504883 0.4978027 0.9990234 0.4978027 0.9990234 0.25 0.7504883 0.4978027 0.7504883 0.25 0.2496338 0.002132415 0.2496338 0.25 0.00132656 0.25 0.00132656 0.002132415 0.2496338 0.002132415 0.00132656 0.25 0.4992676 0.25 0.2496338 0.4978027 0.4992676 0.4978027 0.4992676 0.25 0.2496338 0.4978027 0.2496338 0.4978027 0.2496338 0.4978027 0.4992676 0.25 0.2496338 0.25 0.2496338 0.4978027 0.4992676 0.25 0.4992676 0.25 0.2496338 0.25 0.4992676 0.002132415 0.2496338 0.002132415 0.2496338 0.25 0.4992676 0.002132415 0.4992676 0.25 0.4992676 0.25 0.2496338 0.4978027 0.4992676 0.4978027 0.4992676 0.25 0.2496338 0.4978027 0.2496338 0.4978027 0.2496338 0.25 0.2496338 0.4978027 0.00132656 0.4978027 0.00132656 0.25 0.2496338 0.25 0.00132656 0.25 0.2496338 0.25 0.4992676 0.002132415 0.2496338 0.002132415 0.2496338 0.25 0.4992676 0.002132415 0.4992676 0.25 0.4992676 0.25 0.2496338 0.4978027 0.4992676 0.4978027 0.4992676 0.25 0.2496338 0.4978027 0.2496338 0.25 0.9990234 0.25 0.7504883 0.4978027 0.9990234 0.4978027 0.9990234 0.25 0.7504883 0.4978027 0.7504883 0.4978027 0.2496338 0.25 0.2496338 0.4978027 0.00132656 0.4978027 0.00132656 0.25 0.2496338 0.25 0.00132656 0.25 0.2496338 0.25 0.4992676 0.002132415 0.2496338 0.002132415 0.2496338 0.25 0.4992676 0.002132415 0.4992676 0.002132415 0.4992676 0.002132415 0.2496338 0.25 0.4992676 0.25 0.4992676 0.002132415 0.2496338 0.25 0.2496338 0.4978027 0.7504883 0.25 0.7504883 0.4978027 0.4992676 0.4978027 0.4992676 0.25 0.7504883 0.25 0.4992676 0.25 0.2496338 0.25 0.4992676 0.002132415 0.2496338 0.002132415 0.2496338 0.25 0.4992676 0.002132415 0.4992676 0.002132415 0.4992676 0.002132415 0.2496338 0.25 0.4992676 0.25 0.4992676 0.002132415 0.2496338 0.25 0.2496338 0.002132415 0.4992676 0.002132415 0.2496338 0.25 0.4992676 0.25 0.4992676 0.002132415 0.2496338 0.25 0.2496338 0.002132415 0.4992676 0.002132415 0.2496338 0.25 0.4992676 0.25 0.4992676 0.002132415 0.2496338 0.25 0.2496338 0.25 0.2496338 0.25 0.4992676 0.002132415 0.2496338 0.002132415 0.2496338 0.25 0.4992676 0.002132415 0.4992676 0.002132415 0.4992676 0.002132415 0.2496338 0.25 0.4992676 0.25 0.4992676 0.002132415 0.2496338 0.25 0.2496338 0.25 0.2496338 0.25 0.4992676 0.002132415 0.2496338 0.002132415 0.2496338 0.25 0.4992676 0.002132415 0.4992676 0.002132415 0.4992676 0.002132415 0.2496338 0.25 0.4992676 0.25 0.4992676 0.002132415 0.2496338 0.25 0.2496338 0.25 0.2496338 0.25 0.4992676 0.002132415 0.2496338 0.002132415 0.2496338 0.25 0.4992676 0.002132415 0.4992676 0.002132415 0.4992676 0.002132415 0.2496338 0.25 0.4992676 0.25 0.4992676 0.002132415 0.2496338 0.25 0.2496338 0.25 0.2496338 0.25 0.4992676 0.002132415 0.2496338 0.002132415 0.2496338 0.25 0.4992676 0.002132415 0.4992676 0.002132415 0.4992676 0.002132415 0.2496338 0.25 0.4992676 0.25 0.4992676 0.002132415 0.2496338 0.25 0.2496338 0.002132415 0.4992676 0.002132415 0.2496338 0.25 0.4992676 0.25 0.4992676 0.002132415 0.2496338 0.25 0.2496338 0.002132415 0.4992676 0.002132415 0.2496338 0.25 0.4992676 0.25 0.4992676 0.002132415 0.2496338 0.25 0.2496338 0.4978027 0.2496338 0.25 0.2496338 0.4978027 0.00132656 0.4978027 0.00132656 0.25 0.2496338 0.25 0.00132656 0.25 0.2496338 0.25 0.4992676 0.002132415 0.2496338 0.002132415 0.2496338 0.25 0.4992676 0.002132415 0.4992676 0.25 0.4992676 0.25 0.2496338 0.4978027 0.4992676 0.4978027 0.4992676 0.25 0.2496338 0.4978027 0.2496338 0.4978027 0.7504883 0.25 0.7504883 0.4978027 0.4992676 0.4978027 0.4992676 0.25 0.7504883 0.25 0.4992676 0.4978027 0.2496338 0.25 0.2496338 0.4978027 0.00132656 0.4978027 0.00132656 0.25 0.2496338 0.25 0.00132656 0.4978027 0.7504883 0.4978027 0.9990234 0.25 0.7504883 0.25 0.7504883 0.4978027 0.9990234 0.25 0.9990234 0.25 0.2496338 0.25 0.4992676 0.002132415 0.2496338 0.002132415 0.2496338 0.25 0.4992676 0.002132415 0.4992676 0.002132415 0.4992676 0.002132415 0.2496338 0.25 0.4992676 0.25 0.4992676 0.002132415 0.2496338 0.25 0.2496338 0.4978027 0.7504883 0.25 0.7504883 0.4978027 0.4992676 0.4978027 0.4992676 0.25 0.7504883 0.25 0.4992676 0.4978027 0.7504883 0.4978027 0.9990234 0.25 0.7504883 0.25 0.7504883 0.4978027 0.9990234 0.25 0.9990234 0.4978027 0.7504883 0.4978027 0.9990234 0.25 0.7504883 0.25 0.7504883 0.4978027 0.9990234 0.25 0.9990234 0.4978027 0.7504883 0.4978027 0.9990234 0.25 0.7504883 0.25 0.7504883 0.4978027 0.9990234 0.25 0.9990234 0.4978027 0.7504883 0.25 0.7504883 0.4978027 0.4992676 0.4978027 0.4992676 0.25 0.7504883 0.25 0.4992676 0.4978027 0.7504883 0.4978027 0.9990234 0.25 0.7504883 0.25 0.7504883 0.4978027 0.9990234 0.25 0.9990234 0.25 0.9990234 0.25 0.7504883 0.4978027 0.9990234 0.4978027 0.9990234 0.25 0.7504883 0.4978027 0.7504883 0.4978027 0.7504883 0.4978027 0.9990234 0.25 0.7504883 0.25 0.7504883 0.4978027 0.9990234 0.25 0.9990234 0.25 0.9990234 0.25 0.7504883 0.4978027 0.9990234 0.4978027 0.9990234 0.25 0.7504883 0.4978027 0.7504883 0.4978027 0.7504883 0.25 0.7504883 0.4978027 0.4992676 0.4978027 0.4992676 0.25 0.7504883 0.25 0.4992676 0.25 0.2496338 0.25 0.4992676 0.002132415 0.2496338 0.002132415 0.2496338 0.25 0.4992676 0.002132415 0.4992676 0.4978027 0.7504883 0.4978027 0.9990234 0.25 0.7504883 0.25 0.7504883 0.4978027 0.9990234 0.25 0.9990234 0.4978027 0.2496338 0.25 0.2496338 0.4978027 0.00132656 0.4978027 0.00132656 0.25 0.2496338 0.25 0.00132656 0.25 0.2496338 0.002132415 0.2496338 0.25 0.00132656 0.25 0.00132656 0.002132415 0.2496338 0.002132415 0.00132656 0.4978027 0.2496338 0.25 0.2496338 0.4978027 0.00132656 0.4978027 0.00132656 0.25 0.2496338 0.25 0.00132656 0.25 0.4992676 0.25 0.2496338 0.4978027 0.4992676 0.4978027 0.4992676 0.25 0.2496338 0.4978027 0.2496338 0.25 0.9990234 0.25 0.7504883 0.4978027 0.9990234 0.4978027 0.9990234 0.25 0.7504883 0.4978027 0.7504883 0.002132415 0.4992676 0.002132415 0.2496338 0.25 0.4992676 0.25 0.4992676 0.002132415 0.2496338 0.25 0.2496338 0.4978027 0.7504883 0.4978027 0.9990234 0.25 0.7504883 0.25 0.7504883 0.4978027 0.9990234 0.25 0.9990234 0.25 0.9990234 0.25 0.7504883 0.4978027 0.9990234 0.4978027 0.9990234 0.25 0.7504883 0.4978027 0.7504883 0.4978027 0.2496338 0.25 0.2496338 0.4978027 0.00132656 0.4978027 0.00132656 0.25 0.2496338 0.25 0.00132656 0.4978027 0.2496338 0.25 0.2496338 0.4978027 0.00132656 0.4978027 0.00132656 0.25 0.2496338 0.25 0.00132656 0.4978027 0.2496338 0.4978027 0.4992676 0.25 0.2496338 0.25 0.2496338 0.4978027 0.4992676 0.25 0.4992676 0.25 0.4992676 0.25 0.2496338 0.4978027 0.4992676 0.4978027 0.4992676 0.25 0.2496338 0.4978027 0.2496338 0.4978027 0.7504883 0.4978027 0.9990234 0.25 0.7504883 0.25 0.7504883 0.4978027 0.9990234 0.25 0.9990234 0.4978027 0.2496338 0.25 0.2496338 0.4978027 0.00132656 0.4978027 0.00132656 0.25 0.2496338 0.25 0.00132656 0.4978027 0.7504883 0.4978027 0.9990234 0.25 0.7504883 0.25 0.7504883 0.4978027 0.9990234 0.25 0.9990234 0.25 0.4992676 0.25 0.2496338 0.4978027 0.4992676 0.4978027 0.4992676 0.25 0.2496338 0.4978027 0.2496338 0.25 0.9990234 0.25 0.7504883 0.4978027 0.9990234 0.4978027 0.9990234 0.25 0.7504883 0.4978027 0.7504883 0.4978027 0.7504883 0.4978027 0.9990234 0.25 0.7504883 0.25 0.7504883 0.4978027 0.9990234 0.25 0.9990234 0.25 0.9990234 0.25 0.7504883 0.4978027 0.9990234 0.4978027 0.9990234 0.25 0.7504883 0.4978027 0.7504883 0.4978027 0.7504883 0.4978027 0.9990234 0.25 0.7504883 0.25 0.7504883 0.4978027 0.9990234 0.25 0.9990234 0.25 0.9990234 0.25 0.7504883 0.4978027 0.9990234 0.4978027 0.9990234 0.25 0.7504883 0.4978027 0.7504883 0.25 0.7504883 0.002132415 0.7504883 0.25 0.4992676 0.25 0.4992676 0.002132415 0.7504883 0.002132415 0.4992676 0.4978027 0.2496338 0.4978027 0.4992676 0.25 0.2496338 0.25 0.2496338 0.4978027 0.4992676 0.25 0.4992676 0.002132415 0.9990234 0.002132415 0.7504883 0.25 0.9990234 0.25 0.9990234 0.002132415 0.7504883 0.25 0.7504883 0.25 0.4992676 0.25 0.2496338 0.4978027 0.4992676 0.4978027 0.4992676 0.25 0.2496338 0.4978027 0.2496338 0.25 0.2496338 0.25 0.4992676 0.002132415 0.2496338 0.002132415 0.2496338 0.25 0.4992676 0.002132415 0.4992676 0.4978027 0.7504883 0.4978027 0.9990234 0.25 0.7504883 0.25 0.7504883 0.4978027 0.9990234 0.25 0.9990234 0.25 0.4992676 0.25 0.2496338 0.4978027 0.4992676 0.4978027 0.4992676 0.25 0.2496338 0.4978027 0.2496338 0.4978027 0.2496338 0.25 0.2496338 0.4978027 0.00132656 0.4978027 0.00132656 0.25 0.2496338 0.25 0.00132656 0.4978027 0.2496338 0.4978027 0.4992676 0.25 0.2496338 0.25 0.2496338 0.4978027 0.4992676 0.25 0.4992676 0.25 0.4992676 0.25 0.2496338 0.4978027 0.4992676 0.4978027 0.4992676 0.25 0.2496338 0.4978027 0.2496338 0.4978027 0.7504883 0.4978027 0.9990234 0.25 0.7504883 0.25 0.7504883 0.4978027 0.9990234 0.25 0.9990234 0.25 0.9990234 0.25 0.7504883 0.4978027 0.9990234 0.4978027 0.9990234 0.25 0.7504883 0.4978027 0.7504883 0.4978027 0.7504883 0.4978027 0.9990234 0.25 0.7504883 0.25 0.7504883 0.4978027 0.9990234 0.25 0.9990234 0.25 0.9990234 0.25 0.7504883 0.4978027 0.9990234 0.4978027 0.9990234 0.25 0.7504883 0.4978027 0.7504883 0.4978027 0.7504883 0.4978027 0.9990234 0.25 0.7504883 0.25 0.7504883 0.4978027 0.9990234 0.25 0.9990234 0.002132415 0.9990234 0.002132415 0.7504883 0.25 0.9990234 0.25 0.9990234 0.002132415 0.7504883 0.25 0.7504883 0.4978027 0.7504883 0.4978027 0.9990234 0.25 0.7504883 0.25 0.7504883 0.4978027 0.9990234 0.25 0.9990234 0.25 0.9990234 0.25 0.7504883 0.4978027 0.9990234 0.4978027 0.9990234 0.25 0.7504883 0.4978027 0.7504883 0.4978027 0.7504883 0.4978027 0.9990234 0.25 0.7504883 0.25 0.7504883 0.4978027 0.9990234 0.25 0.9990234 0.25 0.9990234 0.25 0.7504883 0.4978027 0.9990234 0.4978027 0.9990234 0.25 0.7504883 0.4978027 0.7504883 0.4978027 0.7504883 0.4978027 0.9990234 0.25 0.7504883 0.25 0.7504883 0.4978027 0.9990234 0.25 0.9990234 0.25 0.2496338 0.25 0.4992676 0.002132415 0.2496338 0.002132415 0.2496338 0.25 0.4992676 0.002132415 0.4992676 0.4978027 0.2496338 0.4978027 0.4992676 0.25 0.2496338 0.25 0.2496338 0.4978027 0.4992676 0.25 0.4992676 0.25 0.4992676 0.25 0.2496338 0.4978027 0.4992676 0.4978027 0.4992676 0.25 0.2496338 0.4978027 0.2496338 0.25 0.2496338 0.002132415 0.2496338 0.25 0.00132656 0.25 0.00132656 0.002132415 0.2496338 0.002132415 0.00132656 0.25 0.2496338 0.25 0.4992676 0.002132415 0.2496338 0.002132415 0.2496338 0.25 0.4992676 0.002132415 0.4992676 0.002132415 0.4992676 0.002132415 0.2496338 0.25 0.4992676 0.25 0.4992676 0.002132415 0.2496338 0.25 0.2496338 0.4978027 0.7504883 0.4978027 0.9990234 0.25 0.7504883 0.25 0.7504883 0.4978027 0.9990234 0.25 0.9990234 0.4978027 0.2496338 0.25 0.2496338 0.4978027 0.00132656 0.4978027 0.00132656 0.25 0.2496338 0.25 0.00132656 0.4978027 0.2496338 0.4978027 0.4992676 0.25 0.2496338 0.25 0.2496338 0.4978027 0.4992676 0.25 0.4992676 0.25 0.4992676 0.25 0.2496338 0.4978027 0.4992676 0.4978027 0.4992676 0.25 0.2496338 0.4978027 0.2496338 0.002132415 0.9990234 0.002132415 0.7504883 0.25 0.9990234 0.25 0.9990234 0.002132415 0.7504883 0.25 0.7504883 0.25 0.2496338 0.25 0.4992676 0.002132415 0.2496338 0.002132415 0.2496338 0.25 0.4992676 0.002132415 0.4992676 0.002132415 0.4992676 0.002132415 0.2496338 0.25 0.4992676 0.25 0.4992676 0.002132415 0.2496338 0.25 0.2496338 0.25 0.2496338 0.25 0.4992676 0.002132415 0.2496338 0.002132415 0.2496338 0.25 0.4992676 0.002132415 0.4992676 0.25 0.9990234 0.25 0.7504883 0.4978027 0.9990234 0.4978027 0.9990234 0.25 0.7504883 0.4978027 0.7504883 0.002132415 0.4992676 0.002132415 0.2496338 0.25 0.4992676 0.25 0.4992676 0.002132415 0.2496338 0.25 0.2496338 0.25 0.2496338 0.25 0.4992676 0.002132415 0.2496338 0.002132415 0.2496338 0.25 0.4992676 0.002132415 0.4992676 0.4978027 0.7504883 0.4978027 0.9990234 0.25 0.7504883 0.25 0.7504883 0.4978027 0.9990234 0.25 0.9990234 0.25 0.2496338 0.25 0.4992676 0.002132415 0.2496338 0.002132415 0.2496338 0.25 0.4992676 0.002132415 0.4992676 0.25 0.2496338 0.25 0.4992676 0.002132415 0.2496338 0.002132415 0.2496338 0.25 0.4992676 0.002132415 0.4992676 0.4978027 0.7504883 0.4978027 0.9990234 0.25 0.7504883 0.25 0.7504883 0.4978027 0.9990234 0.25 0.9990234 0.4978027 0.7504883 0.4978027 0.9990234 0.25 0.7504883 0.25 0.7504883 0.4978027 0.9990234 0.25 0.9990234 0.25 0.2496338 0.25 0.4992676 0.002132415 0.2496338 0.002132415 0.2496338 0.25 0.4992676 0.002132415 0.4992676 0.002132415 0.4992676 0.002132415 0.2496338 0.25 0.4992676 0.25 0.4992676 0.002132415 0.2496338 0.25 0.2496338 0.002132415 0.4992676 0.002132415 0.2496338 0.25 0.4992676 0.25 0.4992676 0.002132415 0.2496338 0.25 0.2496338 0.4978027 0.7504883 0.4978027 0.9990234 0.25 0.7504883 0.25 0.7504883 0.4978027 0.9990234 0.25 0.9990234 0.25 0.2496338 0.25 0.4992676 0.002132415 0.2496338 0.002132415 0.2496338 0.25 0.4992676 0.002132415 0.4992676 0.002132415 0.4992676 0.002132415 0.2496338 0.25 0.4992676 0.25 0.4992676 0.002132415 0.2496338 0.25 0.2496338 0.4978027 0.2496338 0.4978027 0.4992676 0.25 0.2496338 0.25 0.2496338 0.4978027 0.4992676 0.25 0.4992676 0.25 0.4992676 0.25 0.2496338 0.4978027 0.4992676 0.4978027 0.4992676 0.25 0.2496338 0.4978027 0.2496338 0.4978027 0.2496338 0.4978027 0.4992676 0.25 0.2496338 0.25 0.2496338 0.4978027 0.4992676 0.25 0.4992676 0.4978027 0.2496338 0.4978027 0.4992676 0.25 0.2496338 0.25 0.2496338 0.4978027 0.4992676 0.25 0.4992676 0.25 0.2496338 0.25 0.4992676 0.002132415 0.2496338 0.002132415 0.2496338 0.25 0.4992676 0.002132415 0.4992676 0.25 0.2496338 0.25 0.4992676 0.002132415 0.2496338 0.002132415 0.2496338 0.25 0.4992676 0.002132415 0.4992676 0.4978027 0.2496338 0.25 0.2496338 0.4978027 0.00132656 0.4978027 0.00132656 0.25 0.2496338 0.25 0.00132656 0.25 0.7504883 0.25 0.9990234 0.002132415 0.7504883 0.002132415 0.7504883 0.25 0.9990234 0.002132415 0.9990234 0.002132415 0.9990234 0.002132415 0.7504883 0.25 0.9990234 0.25 0.9990234 0.002132415 0.7504883 0.25 0.7504883 0.25 0.7504883 0.25 0.9990234 0.002132415 0.7504883 0.002132415 0.7504883 0.25 0.9990234 0.002132415 0.9990234 0.002132415 0.9990234 0.002132415 0.7504883 0.25 0.9990234 0.25 0.9990234 0.002132415 0.7504883 0.25 0.7504883 0.4978027 0.7504883 0.4978027 0.9990234 0.25 0.7504883 0.25 0.7504883 0.4978027 0.9990234 0.25 0.9990234 0.4978027 0.7504883 0.4978027 0.9990234 0.25 0.7504883 0.25 0.7504883 0.4978027 0.9990234 0.25 0.9990234 0.25 0.9990234 0.25 0.7504883 0.4978027 0.9990234 0.4978027 0.9990234 0.25 0.7504883 0.4978027 0.7504883 0.4978027 0.2496338 0.25 0.2496338 0.4978027 0.00132656 0.4978027 0.00132656 0.25 0.2496338 0.25 0.00132656 0.4978027 0.2496338 0.4978027 0.4992676 0.25 0.2496338 0.25 0.2496338 0.4978027 0.4992676 0.25 0.4992676 0.25 0.4992676 0.25 0.2496338 0.4978027 0.4992676 0.4978027 0.4992676 0.25 0.2496338 0.4978027 0.2496338 0.4978027 0.7504883 0.25 0.7504883 0.4978027 0.4992676 0.4978027 0.4992676 0.25 0.7504883 0.25 0.4992676 0.25 0.7504883 0.002132415 0.7504883 0.25 0.4992676 0.25 0.4992676 0.002132415 0.7504883 0.002132415 0.4992676 0.4978027 0.7504883 0.4978027 0.9990234 0.25 0.7504883 0.25 0.7504883 0.4978027 0.9990234 0.25 0.9990234 0.002132415 0.9990234 0.002132415 0.7504883 0.25 0.9990234 0.25 0.9990234 0.002132415 0.7504883 0.25 0.7504883 0.4978027 0.2496338 0.4978027 0.4992676 0.25 0.2496338 0.25 0.2496338 0.4978027 0.4992676 0.25 0.4992676 0.25 0.7504883 0.002132415 0.7504883 0.25 0.4992676 0.25 0.4992676 0.002132415 0.7504883 0.002132415 0.4992676 0.4978027 0.7504883 0.4978027 0.9990234 0.25 0.7504883 0.25 0.7504883 0.4978027 0.9990234 0.25 0.9990234 0.25 0.9990234 0.25 0.7504883 0.4978027 0.9990234 0.4978027 0.9990234 0.25 0.7504883 0.4978027 0.7504883 0.4978027 0.2496338 0.4978027 0.4992676 0.25 0.2496338 0.25 0.2496338 0.4978027 0.4992676 0.25 0.4992676 0.002132415 0.9990234 0.002132415 0.7504883 0.25 0.9990234 0.25 0.9990234 0.002132415 0.7504883 0.25 0.7504883 0.4978027 0.7504883 0.4978027 0.9990234 0.25 0.7504883 0.25 0.7504883 0.4978027 0.9990234 0.25 0.9990234 0.25 0.9990234 0.25 0.7504883 0.4978027 0.9990234 0.4978027 0.9990234 0.25 0.7504883 0.4978027 0.7504883 0.4978027 0.7504883 0.4978027 0.9990234 0.25 0.7504883 0.25 0.7504883 0.4978027 0.9990234 0.25 0.9990234 0.25 0.7504883 0.25 0.9990234 0.002132415 0.7504883 0.002132415 0.7504883 0.25 0.9990234 0.002132415 0.9990234 0.4978027 0.7504883 0.4978027 0.9990234 0.25 0.7504883 0.25 0.7504883 0.4978027 0.9990234 0.25 0.9990234 0.25 0.7504883 0.25 0.9990234 0.002132415 0.7504883 0.002132415 0.7504883 0.25 0.9990234 0.002132415 0.9990234 0.002132415 0.9990234 0.002132415 0.7504883 0.25 0.9990234 0.25 0.9990234 0.002132415 0.7504883 0.25 0.7504883 0.4978027 0.7504883 0.25 0.7504883 0.4978027 0.4992676 0.4978027 0.4992676 0.25 0.7504883 0.25 0.4992676 0.4978027 0.7504883 0.4978027 0.9990234 0.25 0.7504883 0.25 0.7504883 0.4978027 0.9990234 0.25 0.9990234 0.25 0.9990234 0.25 0.7504883 0.4978027 0.9990234 0.4978027 0.9990234 0.25 0.7504883 0.4978027 0.7504883 0.4978027 0.7504883 0.25 0.7504883 0.4978027 0.4992676 0.4978027 0.4992676 0.25 0.7504883 0.25 0.4992676 0.4978027 0.7504883 0.4978027 0.9990234 0.25 0.7504883 0.25 0.7504883 0.4978027 0.9990234 0.25 0.9990234 0.25 0.7504883 0.002132415 0.7504883 0.25 0.4992676 0.25 0.4992676 0.002132415 0.7504883 0.002132415 0.4992676 0.25 0.7504883 0.25 0.9990234 0.002132415 0.7504883 0.002132415 0.7504883 0.25 0.9990234 0.002132415 0.9990234 0.002132415 0.9990234 0.002132415 0.7504883 0.25 0.9990234 0.25 0.9990234 0.002132415 0.7504883 0.25 0.7504883 0.4978027 0.2496338 0.4978027 0.4992676 0.25 0.2496338 0.25 0.2496338 0.4978027 0.4992676 0.25 0.4992676 0.002132415 0.9990234 0.002132415 0.7504883 0.25 0.9990234 0.25 0.9990234 0.002132415 0.7504883 0.25 0.7504883 0.25 0.7504883 0.002132415 0.7504883 0.25 0.4992676 0.25 0.4992676 0.002132415 0.7504883 0.002132415 0.4992676 0.002132415 0.9990234 0.002132415 0.7504883 0.25 0.9990234 0.25 0.9990234 0.002132415 0.7504883 0.25 0.7504883 0.4978027 0.7504883 0.4978027 0.9990234 0.25 0.7504883 0.25 0.7504883 0.4978027 0.9990234 0.25 0.9990234 0.4978027 0.2496338 0.25 0.2496338 0.4978027 0.00132656 0.4978027 0.00132656 0.25 0.2496338 0.25 0.00132656 0.002132415 0.9990234 0.002132415 0.7504883 0.25 0.9990234 0.25 0.9990234 0.002132415 0.7504883 0.25 0.7504883 0.4978027 0.7504883 0.25 0.7504883 0.4978027 0.4992676 0.4978027 0.4992676 0.25 0.7504883 0.25 0.4992676 0.4978027 0.7504883 0.4978027 0.9990234 0.25 0.7504883 0.25 0.7504883 0.4978027 0.9990234 0.25 0.9990234 0.4978027 0.2496338 0.4978027 0.4992676 0.25 0.2496338 0.25 0.2496338 0.4978027 0.4992676 0.25 0.4992676 0.4978027 0.2496338 0.25 0.2496338 0.4978027 0.00132656 0.4978027 0.00132656 0.25 0.2496338 0.25 0.00132656 0.25 0.7504883 0.002132415 0.7504883 0.25 0.4992676 0.25 0.4992676 0.002132415 0.7504883 0.002132415 0.4992676 0.25 0.7504883 0.25 0.9990234 0.002132415 0.7504883 0.002132415 0.7504883 0.25 0.9990234 0.002132415 0.9990234 0.4978027 0.2496338 0.4978027 0.4992676 0.25 0.2496338 0.25 0.2496338 0.4978027 0.4992676 0.25 0.4992676 0.25 0.4992676 0.25 0.2496338 0.4978027 0.4992676 0.4978027 0.4992676 0.25 0.2496338 0.4978027 0.2496338 0.4978027 0.7504883 0.4978027 0.9990234 0.25 0.7504883 0.25 0.7504883 0.4978027 0.9990234 0.25 0.9990234 0.4978027 0.7504883 0.4978027 0.9990234 0.25 0.7504883 0.25 0.7504883 0.4978027 0.9990234 0.25 0.9990234 0.4978027 0.7504883 0.25 0.7504883 0.4978027 0.4992676 0.4978027 0.4992676 0.25 0.7504883 0.25 0.4992676 0.25 0.9990234 0.25 0.7504883 0.4978027 0.9990234 0.4978027 0.9990234 0.25 0.7504883 0.4978027 0.7504883 0.4978027 0.7504883 0.25 0.7504883 0.4978027 0.4992676 0.4978027 0.4992676 0.25 0.7504883 0.25 0.4992676 0.25 0.7504883 0.25 0.9990234 0.002132415 0.7504883 0.002132415 0.7504883 0.25 0.9990234 0.002132415 0.9990234 0.25 0.4992676 0.25 0.2496338 0.4978027 0.4992676 0.4978027 0.4992676 0.25 0.2496338 0.4978027 0.2496338 0.25 0.7504883 0.25 0.9990234 0.002132415 0.7504883 0.002132415 0.7504883 0.25 0.9990234 0.002132415 0.9990234 0.4978027 0.7504883 0.4978027 0.9990234 0.25 0.7504883 0.25 0.7504883 0.4978027 0.9990234 0.25 0.9990234 0.002132415 0.7504883 0.002132415 0.4992676 0.25 0.7504883 0.25 0.7504883 0.002132415 0.4992676 0.25 0.4992676 0.4978027 0.2496338 0.4978027 0.4992676 0.25 0.2496338 0.25 0.2496338 0.4978027 0.4992676 0.25 0.4992676 0.002132415 0.4992676 0.002132415 0.2496338 0.25 0.4992676 0.25 0.4992676 0.002132415 0.2496338 0.25 0.2496338 0.4978027 0.7504883 0.25 0.7504883 0.4978027 0.4992676 0.4978027 0.4992676 0.25 0.7504883 0.25 0.4992676 0.25 0.9990234 0.25 0.7504883 0.4978027 0.9990234 0.4978027 0.9990234 0.25 0.7504883 0.4978027 0.7504883 0.4978027 0.2496338 0.25 0.2496338 0.4978027 0.00132656 0.4978027 0.00132656 0.25 0.2496338 0.25 0.00132656 0.4978027 0.2496338 0.4978027 0.4992676 0.25 0.2496338 0.25 0.2496338 0.4978027 0.4992676 0.25 0.4992676 0.25 0.4992676 0.25 0.2496338 0.4978027 0.4992676 0.4978027 0.4992676 0.25 0.2496338 0.4978027 0.2496338 0.4978027 0.7504883 0.4978027 0.9990234 0.25 0.7504883 0.25 0.7504883 0.4978027 0.9990234 0.25 0.9990234 0.25 0.2496338 0.25 0.4992676 0.002132415 0.2496338 0.002132415 0.2496338 0.25 0.4992676 0.002132415 0.4992676 0.25 0.9990234 0.25 0.7504883 0.4978027 0.9990234 0.4978027 0.9990234 0.25 0.7504883 0.4978027 0.7504883 0.25 0.7504883 0.25 0.9990234 0.002132415 0.7504883 0.002132415 0.7504883 0.25 0.9990234 0.002132415 0.9990234 0.25 0.4992676 0.25 0.2496338 0.4978027 0.4992676 0.4978027 0.4992676 0.25 0.2496338 0.4978027 0.2496338 0.25 0.7504883 0.002132415 0.7504883 0.25 0.4992676 0.25 0.4992676 0.002132415 0.7504883 0.002132415 0.4992676 0.25 0.7504883 0.25 0.9990234 0.002132415 0.7504883 0.002132415 0.7504883 0.25 0.9990234 0.002132415 0.9990234 0.25 0.9990234 0.25 0.7504883 0.4978027 0.9990234 0.4978027 0.9990234 0.25 0.7504883 0.4978027 0.7504883 0.4978027 0.7504883 0.4978027 0.9990234 0.25 0.7504883 0.25 0.7504883 0.4978027 0.9990234 0.25 0.9990234 0.4978027 0.7504883 0.25 0.7504883 0.4978027 0.4992676 0.4978027 0.4992676 0.25 0.7504883 0.25 0.4992676 0.4978027 0.7504883 0.4978027 0.9990234 0.25 0.7504883 0.25 0.7504883 0.4978027 0.9990234 0.25 0.9990234 0.25 0.9990234 0.25 0.7504883 0.4978027 0.9990234 0.4978027 0.9990234 0.25 0.7504883 0.4978027 0.7504883 0.4978027 0.7504883 0.4978027 0.9990234 0.25 0.7504883 0.25 0.7504883 0.4978027 0.9990234 0.25 0.9990234 0.25 0.9990234 0.25 0.7504883 0.4978027 0.9990234 0.4978027 0.9990234 0.25 0.7504883 0.4978027 0.7504883 0.25 0.2496338 0.25 0.4992676 0.002132415 0.2496338 0.002132415 0.2496338 0.25 0.4992676 0.002132415 0.4992676 0.25 0.2496338 0.25 0.4992676 0.002132415 0.2496338 0.002132415 0.2496338 0.25 0.4992676 0.002132415 0.4992676 0.25 0.4992676 0.25 0.2496338 0.4978027 0.4992676 0.4978027 0.4992676 0.25 0.2496338 0.4978027 0.2496338 0.4978027 0.2496338 0.4978027 0.4992676 0.25 0.2496338 0.25 0.2496338 0.4978027 0.4992676 0.25 0.4992676 0.25 0.4992676 0.25 0.2496338 0.4978027 0.4992676 0.4978027 0.4992676 0.25 0.2496338 0.4978027 0.2496338 0.25 0.2496338 0.002132415 0.2496338 0.25 0.00132656 0.25 0.00132656 0.002132415 0.2496338 0.002132415 0.00132656 0.4978027 0.7504883 0.4978027 0.9990234 0.25 0.7504883 0.25 0.7504883 0.4978027 0.9990234 0.25 0.9990234 0.25 0.9990234 0.25 0.7504883 0.4978027 0.9990234 0.4978027 0.9990234 0.25 0.7504883 0.4978027 0.7504883 0.4978027 0.7504883 0.4978027 0.9990234 0.25 0.7504883 0.25 0.7504883 0.4978027 0.9990234 0.25 0.9990234 0.4978027 0.2496338 0.25 0.2496338 0.4978027 0.00132656 0.4978027 0.00132656 0.25 0.2496338 0.25 0.00132656 0.4978027 0.2496338 0.4978027 0.4992676 0.25 0.2496338 0.25 0.2496338 0.4978027 0.4992676 0.25 0.4992676 0.25 0.9990234 0.25 0.7504883 0.4978027 0.9990234 0.4978027 0.9990234 0.25 0.7504883 0.4978027 0.7504883 0.002132415 0.9990234 0.002132415 0.7504883 0.25 0.9990234 0.25 0.9990234 0.002132415 0.7504883 0.25 0.7504883 0.4978027 0.2496338 0.25 0.2496338 0.4978027 0.00132656 0.4978027 0.00132656 0.25 0.2496338 0.25 0.00132656 0.25 0.7504883 0.25 0.9990234 0.002132415 0.7504883 0.002132415 0.7504883 0.25 0.9990234 0.002132415 0.9990234 0.002132415 0.9990234 0.002132415 0.7504883 0.25 0.9990234 0.25 0.9990234 0.002132415 0.7504883 0.25 0.7504883 0.25 0.7504883 0.002132415 0.7504883 0.25 0.4992676 0.25 0.4992676 0.002132415 0.7504883 0.002132415 0.4992676 0.002132415 0.9990234 0.002132415 0.7504883 0.25 0.9990234 0.25 0.9990234 0.002132415 0.7504883 0.25 0.7504883 0.25 0.7504883 0.25 0.9990234 0.002132415 0.7504883 0.002132415 0.7504883 0.25 0.9990234 0.002132415 0.9990234 0.002132415 0.9990234 0.002132415 0.7504883 0.25 0.9990234 0.25 0.9990234 0.002132415 0.7504883 0.25 0.7504883 0.25 0.7504883 0.002132415 0.7504883 0.25 0.4992676 0.25 0.4992676 0.002132415 0.7504883 0.002132415 0.4992676 0.25 0.7504883 0.25 0.9990234 0.002132415 0.7504883 0.002132415 0.7504883 0.25 0.9990234 0.002132415 0.9990234 0.002132415 0.9990234 0.002132415 0.7504883 0.25 0.9990234 0.25 0.9990234 0.002132415 0.7504883 0.25 0.7504883 0.4978027 0.2496338 0.4978027 0.4992676 0.25 0.2496338 0.25 0.2496338 0.4978027 0.4992676 0.25 0.4992676 0.002132415 0.4992676 0.002132415 0.2496338 0.25 0.4992676 0.25 0.4992676 0.002132415 0.2496338 0.25 0.2496338 0.25 0.2496338 0.25 0.4992676 0.002132415 0.2496338 0.002132415 0.2496338 0.25 0.4992676 0.002132415 0.4992676 0.002132415 0.4992676 0.002132415 0.2496338 0.25 0.4992676 0.25 0.4992676 0.002132415 0.2496338 0.25 0.2496338 0.4978027 0.7504883 0.4978027 0.9990234 0.25 0.7504883 0.25 0.7504883 0.4978027 0.9990234 0.25 0.9990234 0.4978027 0.2496338 0.4978027 0.4992676 0.25 0.2496338 0.25 0.2496338 0.4978027 0.4992676 0.25 0.4992676 0.25 0.4992676 0.25 0.2496338 0.4978027 0.4992676 0.4978027 0.4992676 0.25 0.2496338 0.4978027 0.2496338 0.4978027 0.7504883 0.25 0.7504883 0.4978027 0.4992676 0.4978027 0.4992676 0.25 0.7504883 0.25 0.4992676 0.25 0.9990234 0.25 0.7504883 0.4978027 0.9990234 0.4978027 0.9990234 0.25 0.7504883 0.4978027 0.7504883 0.4978027 0.2496338 0.25 0.2496338 0.4978027 0.00132656 0.4978027 0.00132656 0.25 0.2496338 0.25 0.00132656 0.25 0.4992676 0.25 0.2496338 0.4978027 0.4992676 0.4978027 0.4992676 0.25 0.2496338 0.4978027 0.2496338 0.4978027 0.2496338 0.4978027 0.4992676 0.25 0.2496338 0.25 0.2496338 0.4978027 0.4992676 0.25 0.4992676 0.4978027 0.2496338 0.4978027 0.4992676 0.25 0.2496338 0.25 0.2496338 0.4978027 0.4992676 0.25 0.4992676 0.25 0.7504883 0.25 0.9990234 0.002132415 0.7504883 0.002132415 0.7504883 0.25 0.9990234 0.002132415 0.9990234 0.25 0.7504883 0.25 0.9990234 0.002132415 0.7504883 0.002132415 0.7504883 0.25 0.9990234 0.002132415 0.9990234 0.4978027 0.2496338 0.4978027 0.4992676 0.25 0.2496338 0.25 0.2496338 0.4978027 0.4992676 0.25 0.4992676 0.25 0.7504883 0.002132415 0.7504883 0.25 0.4992676 0.25 0.4992676 0.002132415 0.7504883 0.002132415 0.4992676 0.4978027 0.2496338 0.4978027 0.4992676 0.25 0.2496338 0.25 0.2496338 0.4978027 0.4992676 0.25 0.4992676 0.25 0.7504883 0.25 0.9990234 0.002132415 0.7504883 0.002132415 0.7504883 0.25 0.9990234 0.002132415 0.9990234 0.25 0.7504883 0.25 0.9990234 0.002132415 0.7504883 0.002132415 0.7504883 0.25 0.9990234 0.002132415 0.9990234 0.002132415 0.9990234 0.002132415 0.7504883 0.25 0.9990234 0.25 0.9990234 0.002132415 0.7504883 0.25 0.7504883 0.25 0.9990234 0.25 0.7504883 0.4978027 0.9990234 0.4978027 0.9990234 0.25 0.7504883 0.4978027 0.7504883 0.25 0.9990234 0.25 0.7504883 0.4978027 0.9990234 0.4978027 0.9990234 0.25 0.7504883 0.4978027 0.7504883 0.4978027 0.2496338 0.4978027 0.4992676 0.25 0.2496338 0.25 0.2496338 0.4978027 0.4992676 0.25 0.4992676 0.4978027 0.7504883 0.25 0.7504883 0.4978027 0.4992676 0.4978027 0.4992676 0.25 0.7504883 0.25 0.4992676 0.4978027 0.7504883 0.25 0.7504883 0.4978027 0.4992676 0.4978027 0.4992676 0.25 0.7504883 0.25 0.4992676</float_array>
          <technique_common>
            <accessor source="#wr01_tree02-mesh-map-0-array" count="2457" stride="2">
              <param name="S" type="float"/>
              <param name="T" type="float"/>
            </accessor>
          </technique_common>
        </source>
        <source id="wr01_tree02-mesh-colors-wr01_tree02-color" name="wr01_tree02-color">
          <float_array id="wr01_tree02-mesh-colors-wr01_tree02-color-array" count="7371">1 1 1 1 1 1 1 1 1 1 1 1 0.2156863 0.2196078 0.254902 0.2156863 0.2196078 0.254902 1 1 1 1 1 1 1 1 1 1 1 1 1 1 1 1 1 1 1 1 1 1 1 1 1 1 1 1 1 1 1 1 1 1 1 1 1 1 1 1 1 1 1 1 1 1 1 1 1 1 1 1 1 1 1 1 1 1 1 1 0.2156863 0.2196078 0.254902 0.2156863 0.2196078 0.254902 1 1 1 1 1 1 1 1 1 1 1 1 1 1 1 0.2156863 0.2196078 0.254902 1 1 1 0.2156863 0.2196078 0.254902 0.2156863 0.2196078 0.254902 1 1 1 1 1 1 1 1 1 1 1 1 0.2156863 0.2196078 0.254902 0.2156863 0.2196078 0.254902 1 1 1 0.2156863 0.2196078 0.254902 1 1 1 0.2156863 0.2196078 0.254902 1 1 1 0.2156863 0.2196078 0.254902 1 1 1 0.2156863 0.2196078 0.254902 0.2156863 0.2196078 0.254902 0.2156863 0.2196078 0.254902 0.2156863 0.2196078 0.254902 0.2156863 0.2196078 0.254902 0.2156863 0.2196078 0.254902 0.2156863 0.2196078 0.254902 0.2156863 0.2196078 0.254902 0.2156863 0.2196078 0.254902 0.2156863 0.2196078 0.254902 0.2156863 0.2196078 0.254902 0.2156863 0.2196078 0.254902 0.2156863 0.2196078 0.254902 0.2156863 0.2196078 0.254902 0.2156863 0.2196078 0.254902 1 1 1 1 1 1 1 1 1 1 1 1 1 1 1 1 1 1 0.2156863 0.2196078 0.254902 1 1 1 1 1 1 1 1 1 1 1 1 1 1 1 1 1 1 1 1 1 1 1 1 1 1 1 1 1 1 1 1 1 1 1 1 1 1 1 1 1 1 1 1 1 1 1 1 1 1 1 1 1 1 1 1 1 1 1 1 0.2156863 0.2196078 0.254902 0.2156863 0.2196078 0.254902 1 1 1 1 1 1 1 1 1 1 1 1 1 1 1 0.2156863 0.2196078 0.254902 1 1 1 0.2156863 0.2196078 0.254902 0.2156863 0.2196078 0.254902 1 1 1 1 1 1 1 1 1 1 1 1 0.2156863 0.2196078 0.254902 0.2156863 0.2196078 0.254902 1 1 1 0.2156863 0.2196078 0.254902 1 1 1 0.2156863 0.2196078 0.254902 1 1 1 0.2156863 0.2196078 0.254902 0.2156863 0.2196078 0.254902 0.2156863 0.2196078 0.254902 0.2156863 0.2196078 0.254902 0.2156863 0.2196078 0.254902 0.2156863 0.2196078 0.254902 1 1 1 1 1 1 1 1 1 0.2156863 0.2196078 0.254902 1 1 1 1 1 1 1 1 1 1 1 1 1 1 1 1 1 1 1 1 1 1 1 1 1 1 1 1 1 1 1 1 1 1 1 1 1 1 1 1 1 1 1 1 1 1 1 1 1 1 1 1 1 1 1 1 1 1 1 1 1 1 1 1 1 1 0.2156863 0.2196078 0.254902 1 1 1 1 1 1 1 1 1 1 1 1 1 1 1 1 1 1 0.2156863 0.2196078 0.254902 1 1 1 0.2156863 0.2196078 0.254902 0.2156863 0.2196078 0.254902 1 1 1 1 1 1 1 1 1 1 1 1 0.2156863 0.2196078 0.254902 0.2156863 0.2196078 0.254902 1 1 1 0.2156863 0.2196078 0.254902 1 1 1 0.2156863 0.2196078 0.254902 1 1 1 0.2156863 0.2196078 0.254902 1 1 1 0.2156863 0.2196078 0.254902 0.2156863 0.2196078 0.254902 1 1 1 0.2156863 0.2196078 0.254902 0.2156863 0.2196078 0.254902 1 1 1 0.2156863 0.2196078 0.254902 0.2156863 0.2196078 0.254902 0.2156863 0.2196078 0.254902 1 1 1 0.2156863 0.2196078 0.254902 0.2156863 0.2196078 0.254902 0.2156863 0.2196078 0.254902 0.2156863 0.2196078 0.254902 0.2156863 0.2196078 0.254902 0.2156863 0.2196078 0.254902 1 1 1 1 1 1 1 1 1 1 1 1 1 1 1 0.2156863 0.2196078 0.254902 1 1 1 1 1 1 1 1 1 1 1 1 1 1 1 1 1 1 1 1 1 1 1 1 1 1 1 1 1 1 1 1 1 1 1 1 1 1 1 1 1 1 1 1 1 1 1 1 1 1 1 1 1 1 1 1 1 1 1 1 1 1 1 0.2156863 0.2196078 0.254902 1 1 1 1 1 1 1 1 1 1 1 1 1 1 1 0.2156863 0.2196078 0.254902 1 1 1 0.2156863 0.2196078 0.254902 0.2156863 0.2196078 0.254902 1 1 1 1 1 1 1 1 1 1 1 1 0.2156863 0.2196078 0.254902 0.2156863 0.2196078 0.254902 1 1 1 0.2156863 0.2196078 0.254902 1 1 1 0.2156863 0.2196078 0.254902 1 1 1 1 1 1 0.2156863 0.2196078 0.254902 1 1 1 0.2156863 0.2196078 0.254902 1 1 1 0.2156863 0.2196078 0.254902 0.2156863 0.2196078 0.254902 0.2156863 0.2196078 0.254902 0.2156863 0.2196078 0.254902 0.2156863 0.2196078 0.254902 0.2156863 0.2196078 0.254902 0.2156863 0.2196078 0.254902 0.2156863 0.2196078 0.254902 0.2156863 0.2196078 0.254902 0.2156863 0.2196078 0.254902 0.2156863 0.2196078 0.254902 0.2156863 0.2196078 0.254902 1 1 1 1 1 1 0.2156863 0.2196078 0.254902 0.2156863 0.2196078 0.254902 0.2156863 0.2196078 0.254902 0.2156863 0.2196078 0.254902 0.2156863 0.2196078 0.254902 1 1 1 1 1 1 1 1 1 1 1 1 0.2156863 0.2196078 0.254902 0.2156863 0.2196078 0.254902 1 1 1 1 1 1 1 1 1 1 1 1 1 1 1 1 1 1 1 1 1 1 1 1 1 1 1 1 1 1 1 1 1 1 1 1 1 1 1 1 1 1 1 1 1 1 1 1 1 1 1 1 1 1 1 1 1 1 1 1 0.2156863 0.2196078 0.254902 0.2156863 0.2196078 0.254902 1 1 1 1 1 1 1 1 1 1 1 1 1 1 1 0.2156863 0.2196078 0.254902 1 1 1 0.2156863 0.2196078 0.254902 0.2156863 0.2196078 0.254902 1 1 1 1 1 1 1 1 1 1 1 1 0.2156863 0.2196078 0.254902 0.2156863 0.2196078 0.254902 1 1 1 0.2156863 0.2196078 0.254902 1 1 1 0.2156863 0.2196078 0.254902 1 1 1 0.2156863 0.2196078 0.254902 0.2156863 0.2196078 0.254902 0.2156863 0.2196078 0.254902 0.2156863 0.2196078 0.254902 0.2156863 0.2196078 0.254902 0.2156863 0.2196078 0.254902 0.2156863 0.2196078 0.254902 0.2156863 0.2196078 0.254902 0.2156863 0.2196078 0.254902 0.2156863 0.2196078 0.254902 0.2156863 0.2196078 0.254902 0.2156863 0.2196078 0.254902 0.2156863 0.2196078 0.254902 0.2156863 0.2196078 0.254902 0.2156863 0.2196078 0.254902 0.2156863 0.2196078 0.254902 1 1 1 0.2156863 0.2196078 0.254902 0.2156863 0.2196078 0.254902 0.2156863 0.2196078 0.254902 1 1 1 1 1 1 1 1 1 1 1 1 1 1 1 1 1 1 1 1 1 1 1 1 1 1 1 1 1 1 1 1 1 1 1 1 0.2156863 0.2196078 0.254902 0.2156863 0.2196078 0.254902 1 1 1 0.2156863 0.2196078 0.254902 1 1 1 1 1 1 1 1 1 1 1 1 1 1 1 1 1 1 1 1 1 1 1 1 1 1 1 1 1 1 1 1 1 1 1 1 1 1 1 0.2156863 0.2196078 0.254902 1 1 1 1 1 1 0.2156863 0.2196078 0.254902 0.2156863 0.2196078 0.254902 1 1 1 1 1 1 0.6039216 0.6039216 0.6039216 0.6039216 0.6039216 0.6039216 1 1 1 1 1 1 0.2156863 0.2196078 0.254902 1 1 1 0.2156863 0.2196078 0.254902 0.2156863 0.2196078 0.254902 1 1 1 0.6039216 0.6039216 0.6039216 0.6039216 0.6039216 0.6039216 1 1 1 1 1 1 1 1 1 1 1 1 1 1 1 1 1 1 1 1 1 1 1 1 0.6039216 0.6039216 0.6039216 1 1 1 1 1 1 0.6039216 0.6039216 0.6039216 1 1 1 0.2156863 0.2196078 0.254902 0.2156863 0.2196078 0.254902 1 1 1 0.2156863 0.2196078 0.254902 1 1 1 1 1 1 1 1 1 1 1 1 1 1 1 1 1 1 1 1 1 1 1 1 0.2156863 0.2196078 0.254902 0.2156863 0.2196078 0.254902 1 1 1 0.2156863 0.2196078 0.254902 0.2156863 0.2196078 0.254902 0.2156863 0.2196078 0.254902 0.2156863 0.2196078 0.254902 0.2156863 0.2196078 0.254902 0.2156863 0.2196078 0.254902 0.2156863 0.2196078 0.254902 0.2156863 0.2196078 0.254902 0.2156863 0.2196078 0.254902 0.2156863 0.2196078 0.254902 0.2156863 0.2196078 0.254902 0.2156863 0.2196078 0.254902 0.2156863 0.2196078 0.254902 0.2156863 0.2196078 0.254902 0.2156863 0.2196078 0.254902 0.2156863 0.2196078 0.254902 0.2156863 0.2196078 0.254902 0.2156863 0.2196078 0.254902 1 1 1 0.2156863 0.2196078 0.254902 1 1 1 0.2156863 0.2196078 0.254902 0.2156863 0.2196078 0.254902 0.2156863 0.2196078 0.254902 0.2156863 0.2196078 0.254902 0.2156863 0.2196078 0.254902 0.2156863 0.2196078 0.254902 0.2156863 0.2196078 0.254902 0.2156863 0.2196078 0.254902 0.2156863 0.2196078 0.254902 0.2156863 0.2196078 0.254902 0.2156863 0.2196078 0.254902 0.2156863 0.2196078 0.254902 0.2156863 0.2196078 0.254902 1 1 1 1 1 1 1 1 1 1 1 1 1 1 1 1 1 1 1 1 1 1 1 1 1 1 1 1 1 1 1 1 1 1 1 1 1 1 1 1 1 1 1 1 1 1 1 1 1 1 1 1 1 1 1 1 1 1 1 1 1 1 1 1 1 1 1 1 1 1 1 1 0.4509804 0.4509804 0.4509804 0.6039216 0.6039216 0.6039216 0.6039216 0.6039216 0.6039216 0.4509804 0.4509804 0.4509804 0.6039216 0.6039216 0.6039216 0.6039216 0.6039216 0.6039216 0.4509804 0.4509804 0.4509804 0.4078431 0.4196078 0.4901961 0.6039216 0.6039216 0.6039216 0.4509804 0.4509804 0.4509804 0.6039216 0.6039216 0.6039216 0.4078431 0.4196078 0.4901961 0.6039216 0.6039216 0.6039216 0.6039216 0.6039216 0.6039216 1 1 1 1 1 1 0.6039216 0.6039216 0.6039216 1 1 1 0.6039216 0.6039216 0.6039216 0.6039216 0.6039216 0.6039216 1 1 1 1 1 1 0.6039216 0.6039216 0.6039216 1 1 1 0.4078431 0.4196078 0.4901961 1 1 1 0.6039216 0.6039216 0.6039216 0.6039216 0.6039216 0.6039216 1 1 1 1 1 1 0.6039216 0.6039216 0.6039216 1 1 1 0.4078431 0.4196078 0.4901961 0.4078431 0.4196078 0.4901961 1 1 1 1 1 1 1 1 1 1 1 1 1 1 1 1 1 1 1 1 1 1 1 1 1 1 1 1 1 1 1 1 1 1 1 1 1 1 1 1 1 1 1 1 1 1 1 1 0.4078431 0.4196078 0.4901961 0.4078431 0.4196078 0.4901961 1 1 1 1 1 1 1 1 1 1 1 1 1 1 1 1 1 1 1 1 1 0.4078431 0.4196078 0.4901961 0.2156863 0.2196078 0.254902 0.6039216 0.6039216 0.6039216 0.6039216 0.6039216 0.6039216 0.2156863 0.2196078 0.254902 0.6039216 0.6039216 0.6039216 0.6039216 0.6039216 0.6039216 0.2156863 0.2196078 0.254902 0.2156863 0.2196078 0.254902 0.6039216 0.6039216 0.6039216 0.2156863 0.2196078 0.254902 0.6039216 0.6039216 0.6039216 0.2156863 0.2196078 0.254902 0.6039216 0.6039216 0.6039216 0.6039216 0.6039216 0.6039216 1 1 1 1 1 1 0.6039216 0.6039216 0.6039216 1 1 1 0.6039216 0.6039216 0.6039216 1 1 1 0.6039216 0.6039216 0.6039216 0.6039216 0.6039216 0.6039216 1 1 1 1 1 1 0.2156863 0.2196078 0.254902 0.4078431 0.4196078 0.4901961 0.6039216 0.6039216 0.6039216 0.6039216 0.6039216 0.6039216 0.4078431 0.4196078 0.4901961 1 1 1 0.2156863 0.2196078 0.254902 0.6039216 0.6039216 0.6039216 0.4078431 0.4196078 0.4901961 0.4078431 0.4196078 0.4901961 0.6039216 0.6039216 0.6039216 1 1 1 1 1 1 1 1 1 1 1 1 1 1 1 1 1 1 1 1 1 1 1 1 1 1 1 0.4078431 0.4196078 0.4901961 0.4078431 0.4196078 0.4901961 1 1 1 1 1 1 1 1 1 0.4078431 0.4196078 0.4901961 1 1 1 1 1 1 0.4078431 0.4196078 0.4901961 1 1 1 0.2156863 0.2196078 0.254902 0.6039216 0.6039216 0.6039216 0.6039216 0.6039216 0.6039216 0.2156863 0.2196078 0.254902 0.2156863 0.2196078 0.254902 0.6039216 0.6039216 0.6039216 0.2156863 0.2196078 0.254902 0.6039216 0.6039216 0.6039216 0.2156863 0.2196078 0.254902 0.6039216 0.6039216 0.6039216 0.6039216 0.6039216 0.6039216 1 1 1 1 1 1 0.6039216 0.6039216 0.6039216 1 1 1 0.6039216 0.6039216 0.6039216 0.2156863 0.2196078 0.254902 1 1 1 1 1 1 0.2156863 0.2196078 0.254902 0.4078431 0.4196078 0.4901961 0.6039216 0.6039216 0.6039216 1 1 1 0.2156863 0.2196078 0.254902 0.2156863 0.2196078 0.254902 1 1 1 0.4078431 0.4196078 0.4901961 1 1 1 1 1 1 1 1 1 1 1 1 1 1 1 1 1 1 1 1 1 1 1 1 0.4078431 0.4196078 0.4901961 0.4078431 0.4196078 0.4901961 1 1 1 1 1 1 1 1 1 0.4078431 0.4196078 0.4901961 1 1 1 1 1 1 0.4078431 0.4196078 0.4901961 1 1 1 0.2156863 0.2196078 0.254902 0.6039216 0.6039216 0.6039216 0.6039216 0.6039216 0.6039216 0.2156863 0.2196078 0.254902 0.2156863 0.2196078 0.254902 0.6039216 0.6039216 0.6039216 0.2156863 0.2196078 0.254902 0.6039216 0.6039216 0.6039216 0.2156863 0.2196078 0.254902 0.6039216 0.6039216 0.6039216 0.6039216 0.6039216 0.6039216 1 1 1 1 1 1 0.6039216 0.6039216 0.6039216 1 1 1 0.2156863 0.2196078 0.254902 0.4078431 0.4196078 0.4901961 0.6039216 0.6039216 0.6039216 0.6039216 0.6039216 0.6039216 0.4078431 0.4196078 0.4901961 1 1 1 0.2156863 0.2196078 0.254902 0.6039216 0.6039216 0.6039216 0.4078431 0.4196078 0.4901961 0.4078431 0.4196078 0.4901961 0.6039216 0.6039216 0.6039216 1 1 1 1 1 1 1 1 1 0.2156863 0.2196078 0.254902 1 1 1 1 1 1 1 1 1 1 1 1 1 1 1 1 1 1 0.2156863 0.2196078 0.254902 0.2156863 0.2196078 0.254902 0.2156863 0.2196078 0.254902 0.2156863 0.2196078 0.254902 0.2156863 0.2196078 0.254902 0.2156863 0.2196078 0.254902 1 1 1 0.2156863 0.2196078 0.254902 0.2156863 0.2196078 0.254902 1 1 1 1 1 1 1 1 1 1 1 1 1 1 1 1 1 1 0.2156863 0.2196078 0.254902 0.2156863 0.2196078 0.254902 0.2156863 0.2196078 0.254902 1 1 1 1 1 1 1 1 1 1 1 1 0.2156863 0.2196078 0.254902 0.2156863 0.2196078 0.254902 1 1 1 1 1 1 1 1 1 1 1 1 1 1 1 1 1 1 1 1 1 1 1 1 1 1 1 0.2156863 0.2196078 0.254902 1 1 1 0.2156863 0.2196078 0.254902 1 1 1 1 1 1 0.2156863 0.2196078 0.254902 1 1 1 1 1 1 1 1 1 1 1 1 1 1 1 1 1 1 0.2156863 0.2196078 0.254902 0.2156863 0.2196078 0.254902 0.2156863 0.2196078 0.254902 1 1 1 0.2156863 0.2196078 0.254902 0.2156863 0.2196078 0.254902 1 1 1 1 1 1 1 1 1 1 1 1 1 1 1 1 1 1 0.2156863 0.2196078 0.254902 0.2156863 0.2196078 0.254902 0.2156863 0.2196078 0.254902 1 1 1 0.2156863 0.2196078 0.254902 0.2156863 0.2196078 0.254902 1 1 1 1 1 1 1 1 1 1 1 1 1 1 1 1 1 1 1 1 1 1 1 1 1 1 1 1 1 1 0.2156863 0.2196078 0.254902 0.2156863 0.2196078 0.254902 0.2156863 0.2196078 0.254902 0.2156863 0.2196078 0.254902 0.2156863 0.2196078 0.254902 1 1 1 1 1 1 1 1 1 0.2156863 0.2196078 0.254902 0.2156863 0.2196078 0.254902 0.2156863 0.2196078 0.254902 0.2156863 0.2196078 0.254902 0.2156863 0.2196078 0.254902 0.2156863 0.2196078 0.254902 1 1 1 0.2156863 0.2196078 0.254902 0.2156863 0.2196078 0.254902 1 1 1 1 1 1 1 1 1 1 1 1 1 1 1 1 1 1 1 1 1 1 1 1 1 1 1 1 1 1 1 1 1 1 1 1 1 1 1 1 1 1 0.2156863 0.2196078 0.254902 1 1 1 1 1 1 1 1 1 1 1 1 1 1 1 1 1 1 1 1 1 1 1 1 1 1 1 1 1 1 1 1 1 1 1 1 1 1 1 1 1 1 1 1 1 1 1 1 1 1 1 1 1 1 1 1 1 1 1 1 1 1 1 1 1 1 1 1 1 1 1 1 1 1 1 1 1 1 1 1 1 1 1 1 1 1 1 1 1 1 1 1 1 1 1 1 1 1 1 1 1 1 1 1 1 1 1 1 1 1 1 1 1 1 1 1 1 1 1 1 1 1 1 1 1 1 1 1 1 1 1 1 1 1 1 1 1 1 1 1 1 1 1 1 1 1 1 1 1 1 1 1 1 1 1 1 1 1 1 1 1 1 1 1 1 1 1 1 1 1 1 1 1 1 1 1 1 1 1 1 1 1 1 1 1 1 1 1 1 1 1 1 1 1 1 1 1 1 1 1 1 1 1 1 1 1 1 1 1 1 1 1 1 1 1 1 1 1 1 1 1 1 1 1 1 1 1 1 1 1 1 1 1 1 1 1 1 1 1 1 1 1 1 1 1 1 1 1 1 1 1 1 1 1 1 1 1 1 1 1 1 1 1 1 1 1 1 1 1 1 1 1 1 1 1 1 1 1 1 1 1 1 1 1 1 1 1 1 1 1 1 1 1 1 1 1 1 1 1 1 1 1 1 1 1 1 1 1 1 1 1 1 1 1 1 1 1 1 1 1 1 1 1 1 1 1 1 1 1 1 1 1 1 1 1 1 1 1 1 1 1 1 1 1 1 1 1 1 1 1 1 1 1 1 1 1 1 1 1 1 1 1 1 1 1 1 1 1 1 1 1 1 1 1 1 1 1 1 1 1 1 1 1 1 1 1 1 1 1 1 1 1 1 1 1 1 1 1 1 1 1 1 1 1 1 1 1 1 1 1 1 1 1 1 1 1 1 1 1 1 1 1 1 1 1 1 1 1 1 1 1 1 1 1 1 1 1 1 1 1 1 1 1 1 1 1 1 1 1 1 1 1 1 1 1 1 1 1 1 1 1 1 1 1 1 1 1 1 1 1 1 1 1 1 1 1 1 1 1 1 1 1 1 1 1 1 1 1 1 1 1 1 1 1 1 1 1 1 1 1 1 1 1 1 1 1 1 1 1 1 1 1 1 1 1 1 1 1 1 1 1 1 1 1 1 1 1 1 1 1 1 1 1 1 1 1 1 1 1 1 1 1 1 1 1 1 1 1 1 1 1 1 1 1 1 1 1 1 1 1 1 1 1 1 1 1 1 1 1 1 1 1 1 1 1 1 1 1 1 1 1 1 1 1 1 1 1 1 1 1 1 1 1 1 1 1 1 1 1 1 1 1 1 1 1 1 1 1 1 1 1 1 1 1 1 1 1 1 1 1 1 1 1 1 1 1 1 1 1 1 1 1 1 1 1 1 1 1 1 1 1 1 1 1 1 1 1 1 1 1 1 1 1 1 1 1 1 1 1 1 1 1 1 1 1 1 1 1 1 1 1 1 1 1 1 1 1 1 1 1 1 1 1 1 1 1 1 1 1 1 1 1 1 1 1 1 1 1 1 1 1 1 1 1 1 1 1 1 1 1 1 1 1 1 1 1 1 1 1 1 1 1 1 1 1 1 1 1 1 1 1 1 1 1 1 1 1 1 1 1 1 1 1 1 1 1 1 1 1 1 1 1 1 1 1 1 1 1 1 1 1 1 1 1 1 1 1 1 1 1 1 1 1 1 1 1 1 1 1 1 1 1 1 1 1 1 1 1 1 1 1 1 1 1 1 1 1 1 1 1 1 1 1 1 1 1 1 1 1 1 1 1 1 1 1 1 1 1 1 1 1 1 1 1 1 1 1 1 1 1 1 1 1 1 1 1 1 1 1 1 1 1 1 1 1 1 1 1 1 1 1 1 1 1 1 1 1 1 1 1 1 1 1 1 1 1 1 1 1 1 1 1 1 1 1 1 1 1 1 1 1 1 1 1 1 1 1 1 1 1 1 1 1 1 1 1 1 1 1 1 1 1 1 1 1 1 1 1 1 1 1 1 1 1 1 1 1 1 1 1 1 1 1 1 1 1 1 1 1 1 1 1 1 1 1 1 1 1 1 1 1 1 1 1 1 1 1 1 1 1 1 1 1 1 1 1 1 1 1 1 1 1 1 1 1 1 1 1 1 1 1 1 1 1 1 1 1 1 1 1 1 1 1 1 1 1 1 1 1 1 1 1 1 1 1 1 1 1 1 1 1 1 1 1 1 1 1 1 1 1 1 1 1 1 1 1 1 1 1 1 1 1 1 1 1 1 1 1 1 1 1 1 1 1 1 1 1 1 1 1 1 1 1 1 1 1 1 1 1 1 1 1 1 1 1 1 1 1 1 1 1 1 1 1 1 1 1 1 1 1 1 1 1 1 1 1 1 1 1 1 1 1 1 1 1 1 1 1 1 1 1 1 1 1 1 1 1 1 1 1 1 1 1 1 1 1 1 1 1 1 1 1 1 1 1 1 1 1 1 1 1 1 1 1 1 1 1 1 1 1 1 1 1 1 1 1 1 1 1 1 1 1 1 1 1 1 1 1 1 1 1 1 1 1 1 1 1 1 1 1 1 1 1 1 1 1 1 1 1 1 1 1 1 1 1 1 1 1 1 1 1 1 1 1 1 1 1 1 1 1 1 1 1 1 1 1 1 1 1 1 1 1 1 1 1 1 1 1 1 1 1 1 1 1 1 1 1 1 1 1 1 1 1 1 1 1 1 1 1 1 1 1 1 1 1 1 1 1 1 1 1 1 1 1 1 1 1 1 1 1 1 1 1 1 1 1 1 1 1 1 1 1 1 1 1 1 1 1 1 1 1 1 1 1 1 1 1 1 1 1 1 1 1 1 1 1 1 1 1 1 1 1 1 1 1 1 1 1 1 1 1 1 1 1 1 1 1 1 1 1 1 1 1 1 1 1 1 1 1 1 1 1 1 1 1 1 1 1 1 1 1 1 1 1 1 1 1 1 1 1 1 1 1 1 1 1 1 1 1 1 1 1 1 1 1 1 1 1 1 1 1 1 1 1 1 1 1 1 1 1 1 1 1 1 1 1 1 1 1 1 1 1 1 1 1 1 1 1 1 1 1 1 1 1 1 1 1 1 1 1 1 1 1 1 1 1 1 1 1 1 1 1 1 1 1 1 1 1 1 1 1 1 1 1 1 1 1 1 1 1 1 1 1 1 1 1 1 1 1 1 1 1 1 1 1 1 1 1 1 1 1 1 1 1 1 1 1 1 1 1 1 1 1 1 1 1 1 1 1 1 1 1 1 1 1 1 1 1 1 1 1 1 1 1 1 1 1 1 1 1 1 1 1 1 1 1 1 1 1 1 1 1 1 1 1 1 1 1 1 1 1 1 1 1 1 1 1 1 1 1 1 1 1 1 1 1 1 1 1 1 1 1 1 1 1 1 1 1 1 1 1 1 1 1 1 1 1 1 1 1 1 1 1 1 1 1 1 1 1 1 1 1 1 1 1 1 1 1 1 1 1 1 1 1 1 1 1 1 1 1 1 1 1 1 1 1 1 1 1 1 1 1 1 1 1 1 1 1 1 1 1 1 1 1 1 1 1 1 1 1 1 1 1 1 1 1 1 1 1 1 1 1 1 1 1 1 1 1 1 1 1 1 1 1 1 1 1 1 1 1 1 1 1 1 1 1 1 1 1 1 1 1 1 1 1 1 1 1 1 1 1 1 1 1 1 1 1 1 1 1 1 1 1 1 1 1 1 1 1 1 1 1 1 1 1 1 1 1 1 1 1 1 1 1 1 1 1 1 1 1 1 1 1 1 1 1 1 1 1 1 1 1 1 1 1 1 1 1 1 1 1 1 1 1 1 1 1 1 1 1 1 1 1 1 1 1 1 1 1 1 1 1 1 1 1 1 1 1 1 1 1 1 1 1 1 1 1 1 1 1 1 1 1 1 1 1 1 1 1 1 1 1 1 1 1 1 1 1 1 1 1 1 1 1 1 1 1 1 1 1 1 1 1 1 1 1 1 1 1 1 1 1 1 1 1 1 1 1 1 1 1 1 1 1 1 1 1 1 1 1 1 1 1 1 1 1 1 1 1 1 1 1 1 1 1 1 1 1 1 1 1 1 1 1 1 1 1 1 1 1 1 1 1 1 1 1 1 1 1 1 1 1 1 1 1 1 1 1 1 1 1 1 1 1 1 1 1 1 1 1 1 1 1 1 1 1 1 1 1 1 1 1 1 1 1 1 1 1 1 1 1 1 1 1 1 1 1 1 1 1 1 1 1 1 1 1 1 1 1 1 1 1 1 1 1 1 1 1 1 1 1 1 1 1 1 1 1 1 1 1 1 1 1 1 1 1 1 1 1 1 1 1 1 1 1 1 1 1 1 1 1 1 1 1 1 1 1 1 1 1 1 1 1 1 1 1 1 1 1 1 1 1 1 1 1 1 1 1 1 1 1 1 1 1 1 1 1 1 1 1 1 1 1 1 1 1 1 1 1 1 1 1 1 1 1 1 1 1 1 1 1 1 1 1 1 1 1 1 1 1 1 1 1 1 1 1 1 1 1 1 1 1 1 1 1 1 1 1 1 1 1 1 1 1 1 1 1 1 1 1 1 1 1 1 1 1 1 1 1 1 1 1 1 1 1 1 1 1 1 1 1 1 1 1 1 1 1 1 1 1 1 1 1 1 1 1 1 1 1 1 1 1 1 1 1 1 1 1 1 1 1 1 1 1 1 1 1 1 1 1 1 1 1 1 1 1 1 1 1 1 1 1 1 1 1 1 1 1 1 1 1 1 1 1 1 1 1 1 1 1 1 1 1 1 1 1 1 1 1 1 1 1 1 1 1 1 1 1 1 1 1 1 1 1 1 1 1 1 1 1 1 1 1 1 1 1 1 1 1 1 1 1 1 1 1 1 1 1 1 1 1 1 1 1 1 1 1 1 1 1 1 1 1 1 1 1 1 1 1 1 1 1 1 1 1 1 1 1 1 1 1 1 1 1 1 1 1 1 1 1 1 1 1 1 1 1 1 1 1 1 1 1 1 1 1 1 1 1 1 1 1 1 1 1 1 1 1 1 1 1 1 1 1 1 1 1 1 1 1 1 1 1 1 1 1 1 1 1 1 1 1 1 1 1 1 1 1 1 1 1 1 1 1 1 1 1 1 1 1 1 1 1 1 1 1 1 1 1 1 1 1 1 1 1 1 1 1 1 1 1 1 1 1 1 1 1 1 1 1 1 1 1 1 1 1 1 1 1 1 1 1 1 1 1 1 1 1 1 1 1 1 1 1 1 1 1 1 1 1 1 1 1 1 1 1 1 1 1 1 1 1 1 1 1 1 1 1 1 1 1 1 1 1 1 1 1 1 1 1 1 1 1 1 1 1 1 1 1 1 1 1 1 1 1 1 1 1 1 1 1 1 1 1 1 1 1 1 1 1 1 1 1 1 1 1 1 1 1 1 1 1 1 1 1 1 1 1 1 1 1 1 1 1 1 1 1 1 1 1 1 1 1 1 1 1 1 1 1 1 1 1 1 1 1 1 1 1 1 1 1 1 1 1 1 1 1 1 1 1 1 1 1 1 1 1 1 1 1 1 1 1 1 1 1 1 1 1 1 1 1 1 1 1 1 1 1 1 1 1 1 1 1 1 1 1 1 1 1 1 1 1 1 1 1 1 1 1 1 1 1 1 1 1 1 1 1 1 1 1 1 1 1 1 1 1 1 1 1 1 1 1 1 1 1 1 1 1 1 1 1 1 1 1 1 1 1 1 1 1 1 1 1 1 1 1 1 1 1 1 1 1 1 1 1 1 1 1 1 1 1 1 1 1 1 1 1 1 1 1 1 1 1 1 1 1 1 1 1 1 1 1 1 1 1 1 1 1 1 1 1 1 1 1 1 1 1 1 1 1 1 1 1 1 1 1 1 1 1 1 1 1 1 1 1 1 1 1 1 1 1 1 1 1 1 1 1 1 1 1 1 1 1 1 1 1 1 1 1 1 1 1 1 1 1 1 1 1 1 1 1 1 1 1 1 1 1 1 1 1 1 1 1 1 1 1 1 1 1 1 1 1 1 1 1 1 1 1 1 1 1 1 1 1 1 1 1 1 1 1 1 1 1 1 1 1 1 1 1 1 1 1 1 1 1 1 1 1 1 1 1 1 1 1 1 1 1 1 1 1 1 1 1 1 1 1 1 1 1 1 1 1 1 1 1 1 1 1 1 1 1 1 1 1 1 1 1 1 1 1 1 1 1 1 1 1 1 1 1 1 1 1 1 1 1 1 1 1 1 1 1 1 1 1 1 1 1 1 1 1 1 1 1 1 1 1 1 1 1 1 1 1 1 1 1 1 1 1 1 1 1 1 1 1 1 1 1 1 1 1 1 1 1 1 1 1 1 1 1 1 1 1 1 1 1 1 1 1 1 1 1 1 1 1 1 1 1 1 1 1 1 1 1 1 1 1 1 1 1 1 1 1 1 1 1 1 1 1 1 1 1 1 1 1 1 1 1 1 1 1 1 1 1 1 1 1 1 1 1 1 1 1 1 1 1 1 1 1 1 1 1 1 1 1 1 1 1 1 1 1 1 1 1 1 1 1 1 1 1 1 1 1 1 1 1 1 1 1 1 1 1 1 1 1 1 1 1 1 1 1 1 1 1 1 1 1 1 1 1 1 1 1 1 1 1 1 1 1 1 1 1 1 1 1 1 1 1 1 1 1 1 1 1 1 1 1 1 1 1 1 1 1 1 1 1 1 1 1 1 1 1 1 1 1 1 1 1 1 1 1 1 1 1 1 1 1 1 1 1 1 1 1 1 1 1 1 1 1 1 1 1 1 1 1 1 1 1 1 1 1 1 1 1 1 1 1 1 1 1 1 1 1 1 1 1 1 1 1 1 1 1 1 1 1 1 1 1 1 1 1 1 1 1 1 1 1 1 1 1 1 1 1 1 1 1 1 1 1 1 1 1 1 1 1 1 1 1 1 1 1 1 1 1 1 1 1 1 1 1 1 1 1 1 1 1 1 1 1 1 1 1 1 1 1 1 1 1 1 1 1 1 1 1 1 1 1 1 1 1 1 1 1 1 1 1 1 1 1 1 1 1 1 1 1 1 1 1 1 1 1 1 1 1 1 1 1 1 1 1 1 1 1 1 1 1 1 1 1 1 1 1 1 1 1 1 1 1 1 1 1 1 1 1 1 1 1 1 1 1 1 1 1 1 1 1 1 1 1 1 1 1 1 1 1 1 1 1 1 1 1 1 1 1 1 1 1 1 1 1 1 1 1 1 1 1 1 1 1 1 1 1 1 1 1 1 1 1 1 1 1 1 1 1 1 1 1 1 1 1 1 1 1 1 1 1 1 1 1 1 1 1 1 1 1 1 1 1 1 1 1 1 1 1 1 1 1 1 1 1 1 1 1 1 1 1 1 1 1 1 1 1 1 1 1 1 1 1 1 1 1 1 1 1 1 1 1 1 1 1 1 1 1 1 1 1 1 1 1 1 1 1 1 1 1 1 1 1 1 1 1 1 1 1 1 1 1 1 1 1 1 1 1 1 1 1 1 1 1 1 1 1 1 1 1 1 1 1 1 1 1 1 1 1 1 1 1 1 1 1 1 1 1 1 1 1 1 1 1 1 1 1 1 1 1 1 1 1 1 1 1 1 1 1 1 1 1 1 1 1 1 1 1 1 1 1 1 1 1 1 1 1 1 1 1 1 1 1 1 1 1 1 1 1 1 1 1 1 1 1 1 1 1 1 1 1 1 1 1 1 1 1 1 1 1 1 1 1 1 1 1 1 1 1 1 1 1 1 1 1 1 1 1 1 1 1 1 1 1 1 1 1 1 1 1 1 1 1 1 1 1 1 1 1 1 1 1 1 1 1 1 1 1 1 1 1 1 1 1 1 1 1 1 1 1 1 1 1 1 1 1 1 1 1 1 1 1 1 1 1 1 1 1 1 1 1 1 1 1 1 1 1 1 1 1 1 1 1 1 1 1 1 1 1 1 1 1 1 1 1 1 1 1 1 1 1 1 1 1 1 1 1 1 1 1 1 1 1 1 1 1 1 1 1 1 1 1 1 1 1 1 1 1 1 1 1 1 1 1 1 1 1 1 1 1 1 1 1 1 1 1 1 1 1 1 1 1 1 1 1 1 1 1 1 1 1 1 1 1 1 1 1 1 1 1 1 1 1 1 1 1 1 1 1 1 1 1 1 1 1 1 1 1 1 1 1 1 1 1 1 1 1 1 1 1 1 1 1 1 1 1 1 1 1 1 1 1 1 1 1 1 1 1 1 1 1 1 1 1 1 1 1 1 1 1 1 1 1 1 1 1 1 1 1 1 1 1 1 1 1 1 1 1 1 1 1 1 1 1 1 1 1 1 1 1 1 1 1 1 1 1 1 1 1 1 1 1 1 1 1 1 1 1 1 1 1 1 1 1 1 1 1 1 1 1 1 1 1 1 1 1 1 1 1 1 1 1 1 1 1 1 1 1 1 1 1 1 1 1 1 1 1 1 1 1 1 1 1 1 1 1 1 1 1 1 1 1 1 1 1 1 1 1 1 1 1 1 1 1 1 1 1 1 1 1 1 1 1 1 1 1 1 1 1 1 1 1 1 1 1 1 1 1 1 1 1 1 1 1 1 1 1 1 1 1 1 1 1 1 1 1 1 1 1 1 1 1 1 1 1 1 1 1 1 1 1 1 1 1 1 1 1 1 1 1 1 1 1 1 1 1 1 1 1 1 1 1 1 1 1 1 1 1 1 1 1 1 1 1 1 1 1 1 1 1 1 1 1 1 1 1 1 1 1 1 1 1 1 1 1 1 1 1 1 1 1 1 1 1 1 1 1 1 1 1 1 1 1 1 1 1 1 1 1 1 1 1 1 1 1 1 1 1 1 1 1 1 1 1 1 1 1 1 1 1 1 1 1 1 1 1 1 1 1 1 1 1 1 1 1 1 1 1 1 1 1 1 1 1 1 1 1 1 1 1 1 1 1 1 1 1 1 1 1 1 1 1 1 1 1 1 1 1 1 1 1 1 1 1 1 1 1 1 1 1 1 1 1 1 1 1 1 1 1 1 1 1 1 1 1 1 1 1 1 1 1 1 1 1 1 1 1 1 1 1 1 1 1 1 1 1 1 1 1 1 1 1 1 1 1 1 1 1 1 1 1 1 1 1 1 1 1 1 1 1 1 1 1 1 1 1 1 1 1 1 1 1 1 1 1 1 1 1 1 1 1 1 1 1 1 1 1 1 1 1 1 1 1 1 1 1 1 1 1 1 1 1 1 1 1 1 1 1 1 1 1 1 1 1 1 1 1 1 1 1 1 1 1 1 1 1 1 1 1 1 1 1 1 1 1 1 1 1 1 1 1 1 1 1 1 1 1 1 1 1 1 1 1 1 1 1 1 1 1 1 1 1 1 1 1 1 1 1 1 1 1 1 1 1 1 1 1 1 1 1 1 1 1 1 1 1 1 1 1 1 1 1 1 1 1 1 1 1 1 1 1 1 1 1 1 1 1 1 1 1 1 1 1 1 1 1 1 1 1 1 1 1 1 1 1 1 1 1 1 1 1 1 1 1 1 1 1 1 1 1 1 1 1 1 1 1 1 1 1 1 1 1 1 1 1 1 1 1 1 1 1 1 1 1 1 1 1 1 1 1 1 1 1 1 1 1 1 1 1 1 1 1 1 1 1 1 1 1 1 1 1 1 1 1 1 1 1 1 1 1 1 1 1 1 1 1 1 1 1 1 1 1 1 1 1 1 1 1 1 1 1 1 1 1 1 1 1 1 1 1 1 1 1 1 1 1 1 1 1 1 1 1 1 1 1 1 1 1 1 1 1 1 1 1 1 1 1 1 1 1 1 1 1 1 1 1 1 1 1 1 1 1 1 1 1 1 1 1 1 1 1 1 1 1 1 1 1 1 1 1 1 1 1 1 1 1 1 1 1 1 1 1 1 1 1 1 1 1 1 1 1 1 1 1 1 1 1 1 1 1 1 1 1 1 1 1 1 1 1 1 1 1 1 1 1 1 1 1 1 1 1 1 1 1 1 1 1 1 1 1 1 1 1 1 1 1 1 1 1 1 1 1 1 1 1 1 1 1 1 1 1 1 1 1 1 1 1 1 1 1 1 1 1 1 1 1 1 1 1 1 1 1 1 1 1 1 1 1 1 1 1 1 1 1 1 1 1 1 1 1 1 1 1 1 1 1 1 1 1 1 1 1 1 1 1 1 1 1 1 1 1 1 1 1 1 1 1 1 1 1 1 1 1 1 1 1 1 1 1 1 1 1 1 1 1 1 1 1 1 1 1 1 1 1 1 1 1 1 1 1 1 1 1 1 1 1 1 1 1 1 1 1 1 1 1 1 1 1 1 1 1 1 1 1 1 1 1 1 1 1 1 1 1 1 1 1 1 1 1 1 1 1 1 1 1 1 1 1 1 1 1 1 1 1 1 1 1 1 1 1 1 1 1 1 1 1 1 1 1 1 1 1 1 1 1 1 1 1 1 1 1 1 1 1 1 1 1 1 1 1 1 1 1 1 1 1 1 1 1 1 1 1 1 1 1 1 1 1 1 1 1 1 1 1 1 1 1 1 1 1 1 1 1 1 1 1 1 1 1 1 1 1 1 1 1 1 1 1 1 1 1 1 1 1 1 1 1 1 1 1 1 1 1 1 1 1 1 1 1 1 1 1 1 1 1 1 1 1 1 1 1 1 1 1 1 1 1 1 1 1 1 1 1 1 1 1 1 1 1 1 1 1 1 1 1 1 1 1 1 1 1 1 1 1 1 1 1 1 1 1 1 1 1 1 1 1 1 1 1 1 1 1 1 1 1 1 1 1 1 1 1 1 1 1 1 1 1 1 1 1 1 1 1 1 1 1 1 1 1 1 1 1 1 1 1 1 1 1 1 1 1 1 1 1 1 1 1 1 1 1 1 1 1 1 1 1 1 1 1 1 1 1 1 1 1 1 1 1 1 1 1 1 1 1 1 1 1 1 1 1 1 1 1 1 1 1 1 1 1 1 1 1 1 1 1 1 1 1 1 1 1 1 1 1 1 1 1 1 1 1 1 1 1 1 1 1 1 1 1 1 1 1 1 1 1 1 1 1 1 1 1 1 1 1 1 1 1 1 1 1 1 1 1 1 1 1 1 1 1 1 1 1 1 1 1 1 1 1 1 1 1 1 1 1 1 1 1 1 1 1 1 1 1 1 1 1 1 1 1 1 1 1 1 1 1 1 1 1 1 1 1 1 1 1 1 1 1 1 1 1 1 1 1 1 1 1 1 1 1 1 1 1 1 1 1 1 1 1 1 1 1 1 1 1 1 1 1 1 1 1 1 1 1 1 1 1 1 1 1 1 1 1 1 1 1 1 1 1 1 1 1 1 1 1 1 1 1 1 1 1 1</float_array>
          <technique_common>
            <accessor source="#wr01_tree02-mesh-colors-wr01_tree02-color-array" count="2457" stride="3">
              <param name="R" type="float"/>
              <param name="G" type="float"/>
              <param name="B" type="float"/>
            </accessor>
          </technique_common>
        </source>
        <vertices id="wr01_tree02-mesh-vertices">
          <input semantic="POSITION" source="#wr01_tree02-mesh-positions"/>
        </vertices>
        <polylist material="instance_obj_wr01_treetrunk01-material" count="253">
          <input semantic="VERTEX" source="#wr01_tree02-mesh-vertices" offset="0"/>
          <input semantic="NORMAL" source="#wr01_tree02-mesh-normals" offset="1"/>
          <input semantic="TEXCOORD" source="#wr01_tree02-mesh-map-0" offset="2" set="0"/>
          <input semantic="COLOR" source="#wr01_tree02-mesh-colors-wr01_tree02-color" offset="3" set="0"/>
          <vcount>3 3 3 3 3 3 3 3 3 3 3 3 3 3 3 3 3 3 3 3 3 3 3 3 3 3 3 3 3 3 3 3 3 3 3 3 3 3 3 3 3 3 3 3 3 3 3 3 3 3 3 3 3 3 3 3 3 3 3 3 3 3 3 3 3 3 3 3 3 3 3 3 3 3 3 3 3 3 3 3 3 3 3 3 3 3 3 3 3 3 3 3 3 3 3 3 3 3 3 3 3 3 3 3 3 3 3 3 3 3 3 3 3 3 3 3 3 3 3 3 3 3 3 3 3 3 3 3 3 3 3 3 3 3 3 3 3 3 3 3 3 3 3 3 3 3 3 3 3 3 3 3 3 3 3 3 3 3 3 3 3 3 3 3 3 3 3 3 3 3 3 3 3 3 3 3 3 3 3 3 3 3 3 3 3 3 3 3 3 3 3 3 3 3 3 3 3 3 3 3 3 3 3 3 3 3 3 3 3 3 3 3 3 3 3 3 3 3 3 3 3 3 3 3 3 3 3 3 3 3 3 3 3 3 3 3 3 3 3 3 3 3 3 3 3 3 3 3 3 3 3 3 3 </vcount>
          <p>0 0 0 0 1 1 1 1 2 2 2 2 3 3 3 3 4 4 4 4 5 5 5 5 6 6 6 6 1 1 7 7 0 0 8 8 7 7 9 9 8 8 10 10 9 9 11 11 9 9 12 12 8 8 13 13 10 10 14 14 7 7 15 15 11 11 16 16 8 8 17 17 8 8 18 18 11 11 19 19 12 12 20 20 1 1 21 21 6 6 22 22 10 10 23 23 10 10 24 24 6 6 25 25 13 13 26 26 4 4 27 27 2 2 28 28 12 12 29 29 12 12 30 30 2 2 31 31 1 1 32 32 14 14 33 33 15 15 34 34 16 16 35 35 16 16 36 36 15 15 37 37 0 0 38 38 0 0 39 39 3 3 40 40 16 16 41 41 16 16 42 42 3 3 43 43 17 17 44 44 15 15 45 45 13 13 46 46 6 6 47 47 17 17 48 48 3 3 49 49 5 5 50 50 18 18 51 51 19 19 52 52 20 20 53 53 20 20 54 54 19 19 55 55 21 21 56 56 22 22 57 57 23 23 58 58 21 21 59 59 21 21 60 60 23 23 61 61 20 20 62 62 14 14 63 63 24 24 64 64 15 15 65 65 25 25 66 66 26 26 67 67 27 27 68 68 28 28 69 69 27 27 70 70 29 29 71 71 30 30 72 72 26 26 73 73 25 25 74 74 31 31 75 75 32 32 76 76 33 33 77 77 33 33 78 78 32 32 79 79 34 34 80 80 31 31 81 81 9 9 82 82 32 32 83 83 32 32 84 84 9 9 85 85 10 10 86 86 26 26 87 87 34 34 88 88 32 32 89 89 34 34 90 90 30 30 91 91 35 35 92 92 29 29 93 93 27 27 94 94 10 10 95 95 10 10 96 96 26 26 97 97 32 32 98 98 36 36 99 99 37 37 100 100 38 38 101 101 38 38 102 102 37 37 103 103 25 25 104 104 25 25 105 105 28 28 106 106 38 38 107 107 38 38 108 108 28 28 109 109 39 39 110 110 37 37 111 111 35 35 112 112 30 30 113 113 40 40 114 114 41 41 115 115 42 42 116 116 42 42 117 117 41 41 118 118 43 43 119 119 44 44 120 120 45 45 121 121 46 46 122 122 47 47 123 123 46 46 124 124 48 48 125 125 49 49 126 126 45 45 127 127 44 44 128 128 50 50 129 129 51 51 130 130 52 52 131 131 52 52 132 132 51 51 133 133 53 53 134 134 50 50 135 135 54 54 136 136 51 51 137 137 51 51 138 138 54 54 139 139 55 55 140 140 45 45 141 141 49 49 142 142 51 51 143 143 53 53 144 144 49 49 145 145 56 56 146 146 48 48 147 147 46 46 148 148 55 55 149 149 51 51 150 150 46 46 151 151 45 45 152 152 57 57 153 153 58 58 154 154 59 59 155 155 59 59 156 156 58 58 157 157 44 44 158 158 44 44 159 159 60 60 160 160 59 59 161 161 59 59 162 162 60 60 163 163 61 61 164 164 58 58 165 165 62 62 166 166 49 49 167 167 61 61 168 168 60 60 169 169 47 47 170 170 63 63 171 171 64 64 172 172 65 65 173 173 65 65 174 174 64 64 175 175 66 66 176 176 57 57 177 177 62 62 178 178 58 58 179 179 65 65 180 180 67 67 181 181 63 63 182 182 63 63 183 183 67 67 184 184 68 68 185 185 69 69 186 186 70 70 187 187 71 71 188 188 72 72 189 189 70 70 190 190 73 73 191 191 69 69 192 192 71 71 193 193 74 74 194 194 75 75 195 195 76 76 196 196 54 54 197 197 54 54 198 198 76 76 199 199 55 55 200 200 75 75 201 201 77 77 202 202 76 76 203 203 76 76 204 204 77 77 205 205 78 78 206 206 69 69 207 207 55 55 208 208 76 76 209 209 55 55 210 210 79 79 211 211 80 80 212 212 73 73 213 213 70 70 214 214 78 78 215 215 78 78 216 216 69 69 217 217 76 76 218 218 81 81 219 219 74 74 220 220 82 82 221 221 82 82 222 222 74 74 223 223 71 71 224 224 71 71 225 225 72 72 226 226 82 82 227 227 82 82 228 228 72 72 229 229 83 83 230 230 74 74 231 231 84 84 232 232 79 79 233 233 79 79 234 234 84 84 235 235 80 80 236 236 83 83 237 237 72 72 238 238 85 85 239 239 86 86 240 240 87 87 241 241 88 88 242 242 88 88 243 243 87 87 244 244 89 89 245 245 87 87 246 246 90 90 247 247 89 89 248 248 89 89 249 249 90 90 250 250 91 91 251 251 74 74 252 252 81 81 253 253 84 84 254 254 84 84 255 255 81 81 256 256 92 92 257 257 93 93 258 258 94 94 259 259 95 95 260 260 96 96 261 261 97 96 262 262 98 96 263 263 99 97 264 264 94 94 265 265 100 98 266 266 101 99 267 267 102 100 268 268 77 77 269 269 77 77 270 270 102 100 271 271 78 78 272 272 101 99 273 273 33 33 274 274 102 100 275 275 102 100 276 276 33 33 277 277 34 34 278 278 94 94 279 279 78 78 280 280 102 100 281 281 78 78 282 282 99 97 283 283 103 101 284 284 104 102 285 285 95 95 286 286 34 34 287 287 34 34 288 288 94 94 289 289 102 100 290 290 105 103 291 291 100 98 292 292 106 104 293 293 106 104 294 294 100 98 295 295 107 105 296 296 107 105 297 297 93 93 298 298 106 104 299 299 106 104 300 300 93 93 301 301 108 106 302 302 100 98 303 303 103 101 304 304 99 97 305 305 109 107 306 306 110 108 307 307 111 109 308 308 111 109 309 309 110 108 310 310 112 110 311 311 108 106 312 312 113 111 313 313 114 112 314 314 115 113 315 315 116 114 316 316 110 108 317 317 110 108 318 318 116 114 319 319 112 110 320 320 117 115 321 321 100 98 322 322 105 103 323 323 118 116 324 324 119 116 325 325 120 116 326 326 50 50 327 327 52 52 328 328 121 117 329 329 122 118 330 330 11 11 331 331 7 7 332 332 11 11 333 333 122 118 334 334 123 119 335 335 123 119 336 336 122 118 337 337 124 120 338 338 124 120 339 339 122 118 340 340 125 121 341 341 9 9 342 342 122 118 343 343 7 7 344 344 122 118 345 345 9 9 346 346 126 122 347 347 126 122 348 348 9 9 349 349 31 31 350 350 31 31 351 351 33 33 352 352 126 122 353 353 126 122 354 354 127 123 355 355 122 118 356 356 122 118 357 357 127 123 358 358 125 121 359 359 126 122 360 360 33 33 361 361 128 124 362 362 128 124 363 363 33 33 364 364 101 99 365 365 127 123 366 366 126 122 367 367 129 125 368 368 129 125 369 369 126 122 370 370 128 124 371 371 128 124 372 372 101 99 373 373 77 77 374 374 54 54 375 375 130 126 376 376 75 75 377 377 75 75 378 378 130 126 379 379 77 77 380 380 128 124 381 381 77 77 382 382 130 126 383 383 128 124 384 384 130 126 385 385 129 125 386 386 129 125 387 387 130 126 388 388 131 127 389 389 121 117 390 390 54 54 391 391 50 50 392 392 54 54 393 393 121 117 394 394 130 126 395 395 130 126 396 396 121 117 397 397 131 127 398 398 131 127 399 399 121 117 400 400 132 128 401 401 133 129 402 402 124 120 403 403 125 121 404 404 134 130 405 405 125 121 406 406 127 123 407 407 135 131 408 408 127 123 409 409 129 125 410 410 136 132 411 411 129 125 412 412 131 127 413 413 137 133 414 414 131 127 415 415 132 128 416 416 138 134 417 417 39 39 418 418 28 28 419 419 139 135 420 420 37 37 421 421 36 36 422 422 40 40 423 423 42 42 424 424 140 136 425 425 140 136 426 426 42 42 427 427 141 137 428 428 142 116 429 429 143 116 430 430 119 116 431 431 142 116 432 432 119 116 433 433 118 116 434 434 144 138 435 435 145 139 436 436 146 140 437 437 146 140 438 438 145 139 439 439 147 141 440 440 146 140 441 441 147 141 442 442 148 142 443 443 148 142 444 444 147 141 445 445 149 143 446 446 150 144 447 447 148 142 448 448 151 145 449 449 151 145 450 450 148 142 451 451 149 143 452 452 144 138 453 453 152 146 454 454 145 139 455 455 145 139 456 456 152 146 457 457 153 147 458 458 154 148 459 459 155 149 460 460 156 150 461 461 154 148 462 462 157 151 463 463 155 149 464 464 154 148 465 465 158 152 466 466 157 151 467 467 154 148 468 468 156 150 469 469 159 153 470 470 156 150 471 471 155 149 472 472 148 142 473 473 148 142 474 474 155 149 475 475 146 140 476 476 155 149 477 477 157 151 478 478 146 140 479 479 146 140 480 480 157 151 481 481 144 138 482 482 158 152 483 483 152 146 484 484 157 151 485 485 157 151 486 486 152 146 487 487 144 138 488 488 156 150 489 489 148 142 490 490 159 153 491 491 159 153 492 492 148 142 493 493 150 144 494 494 160 154 495 495 161 155 496 496 162 156 497 497 162 156 498 498 161 155 499 499 163 157 500 500 160 154 501 501 162 156 502 502 164 158 503 503 164 158 504 504 162 156 505 505 165 159 506 506 164 158 507 507 165 159 508 508 166 160 509 509 166 160 510 510 165 159 511 511 167 161 512 512 163 157 513 513 161 155 514 514 168 162 515 515 168 162 516 516 161 155 517 517 169 163 518 518 170 164 519 519 171 165 520 520 172 166 521 521 170 164 522 522 173 167 523 523 171 165 524 524 170 164 525 525 174 168 526 526 173 167 527 527 170 164 528 528 172 166 529 529 175 169 530 530 172 166 531 531 171 165 532 532 164 158 533 533 164 158 534 534 171 165 535 535 160 154 536 536 173 167 537 537 161 155 538 538 171 165 539 539 171 165 540 540 161 155 541 541 160 154 542 542 174 168 543 543 169 163 544 544 173 167 545 545 173 167 546 546 169 163 547 547 161 155 548 548 175 169 549 549 172 166 550 550 166 160 551 551 166 160 552 552 172 166 553 553 164 158 554 554 176 170 555 555 177 171 556 556 178 172 557 557 178 172 558 558 177 171 559 559 179 173 560 560 178 172 561 561 179 173 562 562 180 174 563 563 180 174 564 564 179 173 565 565 181 175 566 566 176 170 567 567 182 176 568 568 177 171 569 569 177 171 570 570 182 176 571 571 183 177 572 572 184 178 573 573 185 179 574 574 186 180 575 575 184 178 576 576 187 181 577 577 185 179 578 578 184 178 579 579 186 180 580 580 188 182 581 581 186 180 582 582 185 179 583 583 178 172 584 584 178 172 585 585 185 179 586 586 176 170 587 587 185 179 588 588 187 181 589 589 176 170 590 590 176 170 591 591 187 181 592 592 182 176 593 593 186 180 594 594 178 172 595 595 188 182 596 596 188 182 597 597 178 172 598 598 180 174 599 599 189 183 600 600 190 184 601 601 191 185 602 602 191 185 603 603 190 184 604 604 192 186 605 605 192 186 606 606 190 184 607 607 193 187 608 608 193 187 609 609 190 184 610 610 194 188 611 611 191 185 612 612 195 189 613 613 189 183 614 614 189 183 615 615 195 189 616 616 196 190 617 617 197 191 618 618 198 192 619 619 199 193 620 620 197 191 621 621 200 194 622 622 198 192 623 623 197 191 624 624 199 193 625 625 201 195 626 626 199 193 627 627 198 192 628 628 192 186 629 629 192 186 630 630 198 192 631 631 191 185 632 632 200 194 633 633 195 189 634 634 198 192 635 635 198 192 636 636 195 189 637 637 191 185 638 638 201 195 639 639 199 193 640 640 193 187 641 641 193 187 642 642 199 193 643 643 192 186 644 644 60 60 645 645 46 46 646 646 47 47 647 647 44 44 648 648 46 46 649 649 60 60 650 650 49 49 651 651 44 44 652 652 58 58 653 653 61 61 654 654 47 47 655 655 202 196 656 656 57 57 657 657 203 197 658 658 62 62 659 659 49 49 660 660 62 62 661 661 56 56 662 662 51 51 663 663 49 49 664 664 53 53 665 665 55 55 666 666 46 46 667 667 51 51 668 668 83 83 669 669 85 85 670 670 204 198 671 671 71 71 672 672 70 70 673 673 72 72 674 674 205 199 675 675 206 199 676 676 207 199 677 677 69 69 678 678 74 74 679 679 79 79 680 680 69 69 681 681 79 79 682 682 55 55 683 683 78 78 684 684 70 70 685 685 69 69 686 686 108 106 687 687 93 93 688 688 113 111 689 689 93 93 690 690 95 95 691 691 104 102 692 692 107 105 693 693 94 94 694 694 93 93 695 695 100 98 696 696 94 94 697 697 107 105 698 698 117 115 699 699 105 103 700 700 208 200 701 701 100 98 702 702 117 115 703 703 103 101 704 704 34 34 705 705 95 95 706 706 94 94 707 707 94 94 708 708 99 97 709 709 78 78 710 710 139 135 711 711 36 36 712 712 209 201 713 713 37 37 714 714 139 135 715 715 35 35 716 716 30 30 717 717 25 25 718 718 37 37 719 719 26 26 720 720 30 30 721 721 34 34 722 722 10 10 723 723 27 27 724 724 26 26 725 725 28 28 726 726 29 29 727 727 138 134 728 728 138 134 729 729 210 202 730 730 39 39 731 731 25 25 732 732 27 27 733 733 28 28 734 734 14 14 735 735 211 203 736 736 24 24 737 737 17 17 738 738 5 5 739 739 212 204 740 740 213 205 741 741 214 205 742 742 215 205 743 743 1 1 744 744 10 10 745 745 8 8 746 746 12 12 747 747 1 1 748 748 8 8 749 749 6 6 750 750 0 0 751 751 15 15 752 752 0 0 753 753 2 2 754 754 3 3 755 755 3 3 756 756 2 2 757 757 4 4 758 758</p>
        </polylist>
        <polylist material="instance_obj_wr01_treeleaf02-material" count="566">
          <input semantic="VERTEX" source="#wr01_tree02-mesh-vertices" offset="0"/>
          <input semantic="NORMAL" source="#wr01_tree02-mesh-normals" offset="1"/>
          <input semantic="TEXCOORD" source="#wr01_tree02-mesh-map-0" offset="2" set="0"/>
          <input semantic="COLOR" source="#wr01_tree02-mesh-colors-wr01_tree02-color" offset="3" set="0"/>
          <vcount>3 3 3 3 3 3 3 3 3 3 3 3 3 3 3 3 3 3 3 3 3 3 3 3 3 3 3 3 3 3 3 3 3 3 3 3 3 3 3 3 3 3 3 3 3 3 3 3 3 3 3 3 3 3 3 3 3 3 3 3 3 3 3 3 3 3 3 3 3 3 3 3 3 3 3 3 3 3 3 3 3 3 3 3 3 3 3 3 3 3 3 3 3 3 3 3 3 3 3 3 3 3 3 3 3 3 3 3 3 3 3 3 3 3 3 3 3 3 3 3 3 3 3 3 3 3 3 3 3 3 3 3 3 3 3 3 3 3 3 3 3 3 3 3 3 3 3 3 3 3 3 3 3 3 3 3 3 3 3 3 3 3 3 3 3 3 3 3 3 3 3 3 3 3 3 3 3 3 3 3 3 3 3 3 3 3 3 3 3 3 3 3 3 3 3 3 3 3 3 3 3 3 3 3 3 3 3 3 3 3 3 3 3 3 3 3 3 3 3 3 3 3 3 3 3 3 3 3 3 3 3 3 3 3 3 3 3 3 3 3 3 3 3 3 3 3 3 3 3 3 3 3 3 3 3 3 3 3 3 3 3 3 3 3 3 3 3 3 3 3 3 3 3 3 3 3 3 3 3 3 3 3 3 3 3 3 3 3 3 3 3 3 3 3 3 3 3 3 3 3 3 3 3 3 3 3 3 3 3 3 3 3 3 3 3 3 3 3 3 3 3 3 3 3 3 3 3 3 3 3 3 3 3 3 3 3 3 3 3 3 3 3 3 3 3 3 3 3 3 3 3 3 3 3 3 3 3 3 3 3 3 3 3 3 3 3 3 3 3 3 3 3 3 3 3 3 3 3 3 3 3 3 3 3 3 3 3 3 3 3 3 3 3 3 3 3 3 3 3 3 3 3 3 3 3 3 3 3 3 3 3 3 3 3 3 3 3 3 3 3 3 3 3 3 3 3 3 3 3 3 3 3 3 3 3 3 3 3 3 3 3 3 3 3 3 3 3 3 3 3 3 3 3 3 3 3 3 3 3 3 3 3 3 3 3 3 3 3 3 3 3 3 3 3 3 3 3 3 3 3 3 3 3 3 3 3 3 3 3 3 3 3 3 3 3 3 3 3 3 3 3 3 3 3 3 3 3 3 3 3 3 3 3 3 3 3 3 3 3 3 3 3 3 3 3 3 3 3 3 3 3 3 3 3 3 3 3 3 3 3 3 3 3 3 3 3 3 3 3 3 3 3 3 3 3 3 3 3 3 3 3 3 3 3 3 3 </vcount>
          <p>216 206 759 759 217 206 760 760 218 206 761 761 218 206 762 762 217 206 763 763 219 206 764 764 220 207 765 765 221 207 766 766 222 207 767 767 222 207 768 768 221 207 769 769 223 207 770 770 224 208 771 771 225 208 772 772 226 208 773 773 226 208 774 774 225 208 775 775 227 208 776 776 228 209 777 777 229 209 778 778 230 209 779 779 230 209 780 780 229 209 781 781 231 209 782 782 232 210 783 783 233 210 784 784 234 210 785 785 234 210 786 786 233 210 787 787 235 210 788 788 236 211 789 789 237 211 790 790 238 211 791 791 238 211 792 792 237 211 793 793 239 211 794 794 240 212 795 795 241 212 796 796 242 212 797 797 242 212 798 798 241 212 799 799 243 212 800 800 244 213 801 801 245 213 802 802 246 213 803 803 246 213 804 804 245 213 805 805 247 213 806 806 248 214 807 807 249 214 808 808 250 214 809 809 250 214 810 810 249 214 811 811 251 214 812 812 252 215 813 813 253 215 814 814 254 215 815 815 254 215 816 816 253 215 817 817 255 215 818 818 256 216 819 819 257 216 820 820 258 216 821 821 258 216 822 822 257 216 823 823 259 216 824 824 260 217 825 825 261 217 826 826 262 217 827 827 262 217 828 828 261 217 829 829 263 217 830 830 264 218 831 831 265 218 832 832 266 218 833 833 266 218 834 834 265 218 835 835 267 218 836 836 268 219 837 837 269 219 838 838 270 219 839 839 270 219 840 840 269 219 841 841 271 219 842 842 272 220 843 843 273 220 844 844 274 220 845 845 274 220 846 846 273 220 847 847 275 220 848 848 276 221 849 849 277 221 850 850 278 221 851 851 278 221 852 852 277 221 853 853 279 221 854 854 280 222 855 855 281 222 856 856 282 222 857 857 282 222 858 858 281 222 859 859 283 222 860 860 284 223 861 861 285 223 862 862 286 223 863 863 286 223 864 864 285 223 865 865 287 223 866 866 288 224 867 867 289 224 868 868 290 224 869 869 290 224 870 870 289 224 871 871 291 224 872 872 292 225 873 873 293 225 874 874 294 225 875 875 294 225 876 876 293 225 877 877 295 225 878 878 296 226 879 879 297 226 880 880 298 226 881 881 298 226 882 882 297 226 883 883 299 226 884 884 300 227 885 885 301 227 886 886 302 227 887 887 302 227 888 888 301 227 889 889 303 227 890 890 304 228 891 891 305 228 892 892 306 228 893 893 306 228 894 894 305 228 895 895 307 228 896 896 308 229 897 897 309 229 898 898 310 229 899 899 310 229 900 900 309 229 901 901 311 229 902 902 312 230 903 903 313 230 904 904 314 230 905 905 314 230 906 906 313 230 907 907 315 230 908 908 316 231 909 909 317 231 910 910 318 231 911 911 318 231 912 912 317 231 913 913 319 231 914 914 320 232 915 915 321 232 916 916 322 232 917 917 322 232 918 918 321 232 919 919 323 232 920 920 324 233 921 921 325 233 922 922 326 233 923 923 326 233 924 924 325 233 925 925 327 233 926 926 328 234 927 927 329 234 928 928 330 234 929 929 330 234 930 930 329 234 931 931 331 234 932 932 332 235 933 933 333 235 934 934 334 235 935 935 334 235 936 936 333 235 937 937 335 235 938 938 336 236 939 939 337 236 940 940 338 236 941 941 338 236 942 942 337 236 943 943 339 236 944 944 340 237 945 945 341 237 946 946 342 237 947 947 342 237 948 948 341 237 949 949 343 237 950 950 344 238 951 951 345 238 952 952 346 238 953 953 346 238 954 954 345 238 955 955 347 238 956 956 348 239 957 957 349 240 958 958 350 240 959 959 350 240 960 960 349 240 961 961 351 240 962 962 352 241 963 963 353 241 964 964 354 241 965 965 355 241 966 966 356 241 967 967 357 241 968 968 358 242 969 969 359 242 970 970 360 242 971 971 360 242 972 972 359 242 973 973 361 242 974 974 362 243 975 975 363 243 976 976 364 243 977 977 364 243 978 978 363 243 979 979 365 243 980 980 366 244 981 981 367 244 982 982 368 244 983 983 368 244 984 984 367 244 985 985 369 244 986 986 370 245 987 987 371 245 988 988 372 245 989 989 372 245 990 990 371 245 991 991 373 245 992 992 374 246 993 993 375 246 994 994 376 246 995 995 376 246 996 996 375 246 997 997 377 246 998 998 378 247 999 999 379 247 1000 1000 380 247 1001 1001 380 247 1002 1002 379 247 1003 1003 381 247 1004 1004 382 248 1005 1005 383 248 1006 1006 384 248 1007 1007 384 248 1008 1008 383 248 1009 1009 385 248 1010 1010 386 249 1011 1011 387 249 1012 1012 388 249 1013 1013 388 249 1014 1014 387 249 1015 1015 389 249 1016 1016 390 250 1017 1017 391 250 1018 1018 392 250 1019 1019 392 250 1020 1020 391 250 1021 1021 393 250 1022 1022 394 251 1023 1023 395 251 1024 1024 396 251 1025 1025 396 251 1026 1026 395 251 1027 1027 397 251 1028 1028 398 252 1029 1029 399 252 1030 1030 400 252 1031 1031 400 252 1032 1032 399 252 1033 1033 401 252 1034 1034 402 253 1035 1035 403 253 1036 1036 404 253 1037 1037 404 253 1038 1038 403 253 1039 1039 405 253 1040 1040 406 254 1041 1041 407 254 1042 1042 408 254 1043 1043 408 254 1044 1044 407 254 1045 1045 409 254 1046 1046 410 255 1047 1047 411 255 1048 1048 412 255 1049 1049 412 255 1050 1050 411 255 1051 1051 413 255 1052 1052 414 256 1053 1053 415 256 1054 1054 416 256 1055 1055 416 256 1056 1056 415 256 1057 1057 417 256 1058 1058 418 257 1059 1059 419 257 1060 1060 420 257 1061 1061 420 257 1062 1062 419 257 1063 1063 421 257 1064 1064 422 258 1065 1065 423 258 1066 1066 424 258 1067 1067 424 258 1068 1068 423 258 1069 1069 425 258 1070 1070 426 259 1071 1071 427 259 1072 1072 428 259 1073 1073 428 259 1074 1074 427 259 1075 1075 429 259 1076 1076 430 260 1077 1077 431 260 1078 1078 432 260 1079 1079 432 260 1080 1080 431 260 1081 1081 433 260 1082 1082 434 261 1083 1083 435 261 1084 1084 436 261 1085 1085 436 261 1086 1086 435 261 1087 1087 437 261 1088 1088 438 262 1089 1089 439 262 1090 1090 440 262 1091 1091 440 262 1092 1092 439 262 1093 1093 441 262 1094 1094 442 263 1095 1095 443 263 1096 1096 444 263 1097 1097 444 263 1098 1098 443 263 1099 1099 445 263 1100 1100 446 264 1101 1101 447 264 1102 1102 448 264 1103 1103 448 264 1104 1104 447 264 1105 1105 449 264 1106 1106 450 265 1107 1107 451 265 1108 1108 452 265 1109 1109 452 265 1110 1110 451 265 1111 1111 453 265 1112 1112 454 266 1113 1113 455 266 1114 1114 456 266 1115 1115 456 266 1116 1116 455 266 1117 1117 457 266 1118 1118 458 267 1119 1119 459 267 1120 1120 460 267 1121 1121 460 267 1122 1122 459 267 1123 1123 461 267 1124 1124 462 268 1125 1125 463 268 1126 1126 464 268 1127 1127 464 268 1128 1128 463 268 1129 1129 465 268 1130 1130 466 269 1131 1131 467 269 1132 1132 468 269 1133 1133 468 269 1134 1134 467 269 1135 1135 469 269 1136 1136 470 270 1137 1137 471 270 1138 1138 472 270 1139 1139 472 270 1140 1140 471 270 1141 1141 473 270 1142 1142 474 271 1143 1143 475 271 1144 1144 476 271 1145 1145 476 271 1146 1146 475 271 1147 1147 477 271 1148 1148 478 272 1149 1149 479 272 1150 1150 480 272 1151 1151 480 272 1152 1152 479 272 1153 1153 481 272 1154 1154 482 273 1155 1155 483 273 1156 1156 484 273 1157 1157 484 273 1158 1158 483 273 1159 1159 485 273 1160 1160 486 274 1161 1161 487 274 1162 1162 488 274 1163 1163 488 274 1164 1164 487 274 1165 1165 489 274 1166 1166 490 275 1167 1167 491 275 1168 1168 492 275 1169 1169 492 275 1170 1170 491 275 1171 1171 493 275 1172 1172 494 276 1173 1173 495 276 1174 1174 496 276 1175 1175 496 276 1176 1176 495 276 1177 1177 497 276 1178 1178 498 277 1179 1179 499 277 1180 1180 500 277 1181 1181 500 277 1182 1182 499 277 1183 1183 501 277 1184 1184 502 278 1185 1185 503 278 1186 1186 504 278 1187 1187 504 278 1188 1188 503 278 1189 1189 505 278 1190 1190 506 279 1191 1191 507 279 1192 1192 508 279 1193 1193 508 279 1194 1194 507 279 1195 1195 509 279 1196 1196 510 280 1197 1197 511 280 1198 1198 512 280 1199 1199 512 280 1200 1200 511 280 1201 1201 513 280 1202 1202 514 281 1203 1203 515 281 1204 1204 516 281 1205 1205 516 281 1206 1206 515 281 1207 1207 517 281 1208 1208 518 282 1209 1209 519 282 1210 1210 520 282 1211 1211 520 282 1212 1212 519 282 1213 1213 521 282 1214 1214 522 283 1215 1215 523 283 1216 1216 524 283 1217 1217 524 283 1218 1218 523 283 1219 1219 525 283 1220 1220 526 284 1221 1221 527 284 1222 1222 528 284 1223 1223 528 284 1224 1224 527 284 1225 1225 529 284 1226 1226 530 285 1227 1227 531 285 1228 1228 532 285 1229 1229 532 285 1230 1230 531 285 1231 1231 533 285 1232 1232 534 286 1233 1233 535 286 1234 1234 536 286 1235 1235 536 286 1236 1236 535 286 1237 1237 537 286 1238 1238 538 287 1239 1239 539 287 1240 1240 540 287 1241 1241 540 287 1242 1242 539 287 1243 1243 541 287 1244 1244 542 288 1245 1245 543 288 1246 1246 544 288 1247 1247 544 288 1248 1248 543 288 1249 1249 545 288 1250 1250 546 289 1251 1251 547 289 1252 1252 548 289 1253 1253 548 289 1254 1254 547 289 1255 1255 549 289 1256 1256 550 290 1257 1257 551 290 1258 1258 552 290 1259 1259 552 290 1260 1260 551 290 1261 1261 553 290 1262 1262 554 291 1263 1263 555 291 1264 1264 556 291 1265 1265 556 291 1266 1266 555 291 1267 1267 557 291 1268 1268 558 292 1269 1269 559 292 1270 1270 560 292 1271 1271 560 292 1272 1272 559 292 1273 1273 561 292 1274 1274 562 293 1275 1275 563 294 1276 1276 564 294 1277 1277 564 294 1278 1278 563 294 1279 1279 565 294 1280 1280 566 295 1281 1281 567 295 1282 1282 568 295 1283 1283 568 295 1284 1284 567 295 1285 1285 569 295 1286 1286 570 296 1287 1287 571 296 1288 1288 572 296 1289 1289 572 296 1290 1290 571 296 1291 1291 573 296 1292 1292 574 297 1293 1293 575 297 1294 1294 576 297 1295 1295 576 297 1296 1296 575 297 1297 1297 577 297 1298 1298 578 298 1299 1299 579 298 1300 1300 580 298 1301 1301 580 298 1302 1302 579 298 1303 1303 581 298 1304 1304 582 299 1305 1305 583 299 1306 1306 584 299 1307 1307 584 299 1308 1308 583 299 1309 1309 585 299 1310 1310 586 300 1311 1311 587 300 1312 1312 588 300 1313 1313 588 300 1314 1314 587 300 1315 1315 589 300 1316 1316 590 301 1317 1317 591 301 1318 1318 592 301 1319 1319 592 301 1320 1320 591 301 1321 1321 593 301 1322 1322 594 302 1323 1323 595 302 1324 1324 596 302 1325 1325 596 302 1326 1326 595 302 1327 1327 597 302 1328 1328 598 303 1329 1329 599 303 1330 1330 600 303 1331 1331 600 303 1332 1332 599 303 1333 1333 601 303 1334 1334 602 304 1335 1335 603 304 1336 1336 604 304 1337 1337 604 304 1338 1338 603 304 1339 1339 605 304 1340 1340 606 305 1341 1341 607 305 1342 1342 608 305 1343 1343 608 305 1344 1344 607 305 1345 1345 609 305 1346 1346 610 306 1347 1347 611 306 1348 1348 612 306 1349 1349 612 306 1350 1350 611 306 1351 1351 613 306 1352 1352 614 307 1353 1353 615 307 1354 1354 616 307 1355 1355 616 307 1356 1356 615 307 1357 1357 617 307 1358 1358 618 308 1359 1359 619 308 1360 1360 620 308 1361 1361 620 308 1362 1362 619 308 1363 1363 621 308 1364 1364 622 309 1365 1365 623 309 1366 1366 624 309 1367 1367 624 309 1368 1368 623 309 1369 1369 625 309 1370 1370 626 310 1371 1371 627 311 1372 1372 628 311 1373 1373 628 311 1374 1374 627 311 1375 1375 629 311 1376 1376 630 312 1377 1377 631 313 1378 1378 632 313 1379 1379 632 313 1380 1380 631 313 1381 1381 633 313 1382 1382 634 314 1383 1383 635 314 1384 1384 636 314 1385 1385 636 314 1386 1386 635 314 1387 1387 637 314 1388 1388 638 315 1389 1389 639 315 1390 1390 640 315 1391 1391 640 315 1392 1392 639 315 1393 1393 641 315 1394 1394 642 316 1395 1395 643 316 1396 1396 644 316 1397 1397 644 316 1398 1398 643 316 1399 1399 645 316 1400 1400 646 317 1401 1401 647 317 1402 1402 648 317 1403 1403 648 317 1404 1404 647 317 1405 1405 649 317 1406 1406 650 318 1407 1407 651 318 1408 1408 652 318 1409 1409 652 318 1410 1410 651 318 1411 1411 653 318 1412 1412 654 319 1413 1413 655 320 1414 1414 656 320 1415 1415 656 320 1416 1416 655 320 1417 1417 657 320 1418 1418 658 321 1419 1419 659 321 1420 1420 660 321 1421 1421 660 321 1422 1422 659 321 1423 1423 661 321 1424 1424 662 322 1425 1425 663 322 1426 1426 664 322 1427 1427 664 322 1428 1428 663 322 1429 1429 665 322 1430 1430 666 323 1431 1431 667 323 1432 1432 668 323 1433 1433 668 323 1434 1434 667 323 1435 1435 669 323 1436 1436 670 324 1437 1437 671 324 1438 1438 672 324 1439 1439 672 324 1440 1440 671 324 1441 1441 673 324 1442 1442 674 325 1443 1443 675 325 1444 1444 676 325 1445 1445 676 325 1446 1446 675 325 1447 1447 677 325 1448 1448 678 326 1449 1449 679 326 1450 1450 680 326 1451 1451 680 326 1452 1452 679 326 1453 1453 681 326 1454 1454 682 327 1455 1455 683 327 1456 1456 684 327 1457 1457 684 327 1458 1458 683 327 1459 1459 685 327 1460 1460 686 328 1461 1461 687 328 1462 1462 688 328 1463 1463 688 328 1464 1464 687 328 1465 1465 689 328 1466 1466 690 329 1467 1467 691 329 1468 1468 692 329 1469 1469 692 329 1470 1470 691 329 1471 1471 693 329 1472 1472 694 330 1473 1473 695 330 1474 1474 696 330 1475 1475 696 330 1476 1476 695 330 1477 1477 697 330 1478 1478 698 331 1479 1479 699 331 1480 1480 700 331 1481 1481 700 331 1482 1482 699 331 1483 1483 701 331 1484 1484 702 332 1485 1485 703 332 1486 1486 704 332 1487 1487 704 332 1488 1488 703 332 1489 1489 705 332 1490 1490 706 333 1491 1491 707 333 1492 1492 708 333 1493 1493 708 333 1494 1494 707 333 1495 1495 709 333 1496 1496 710 334 1497 1497 711 334 1498 1498 712 334 1499 1499 712 334 1500 1500 711 334 1501 1501 713 334 1502 1502 714 335 1503 1503 715 335 1504 1504 716 335 1505 1505 716 335 1506 1506 715 335 1507 1507 717 335 1508 1508 718 336 1509 1509 719 336 1510 1510 720 336 1511 1511 720 336 1512 1512 719 336 1513 1513 721 336 1514 1514 722 337 1515 1515 723 337 1516 1516 724 337 1517 1517 724 337 1518 1518 723 337 1519 1519 725 337 1520 1520 726 338 1521 1521 727 338 1522 1522 728 338 1523 1523 728 338 1524 1524 727 338 1525 1525 729 338 1526 1526 730 339 1527 1527 731 339 1528 1528 732 339 1529 1529 732 339 1530 1530 731 339 1531 1531 733 339 1532 1532 734 340 1533 1533 735 340 1534 1534 736 340 1535 1535 736 340 1536 1536 735 340 1537 1537 737 340 1538 1538 738 341 1539 1539 739 341 1540 1540 740 341 1541 1541 740 341 1542 1542 739 341 1543 1543 741 341 1544 1544 742 342 1545 1545 743 342 1546 1546 744 342 1547 1547 744 342 1548 1548 743 342 1549 1549 745 342 1550 1550 746 343 1551 1551 747 343 1552 1552 748 343 1553 1553 748 343 1554 1554 747 343 1555 1555 749 343 1556 1556 750 344 1557 1557 751 344 1558 1558 752 344 1559 1559 752 344 1560 1560 751 344 1561 1561 753 344 1562 1562 754 345 1563 1563 755 345 1564 1564 756 345 1565 1565 756 345 1566 1566 755 345 1567 1567 757 345 1568 1568 758 346 1569 1569 759 346 1570 1570 760 346 1571 1571 760 346 1572 1572 759 346 1573 1573 761 346 1574 1574 762 347 1575 1575 763 347 1576 1576 764 347 1577 1577 764 347 1578 1578 763 347 1579 1579 765 347 1580 1580 766 348 1581 1581 767 348 1582 1582 768 348 1583 1583 768 348 1584 1584 767 348 1585 1585 769 348 1586 1586 770 349 1587 1587 771 349 1588 1588 772 349 1589 1589 772 349 1590 1590 771 349 1591 1591 773 349 1592 1592 774 350 1593 1593 775 350 1594 1594 776 350 1595 1595 776 350 1596 1596 775 350 1597 1597 777 350 1598 1598 778 351 1599 1599 779 351 1600 1600 780 351 1601 1601 780 351 1602 1602 779 351 1603 1603 781 351 1604 1604 782 352 1605 1605 783 352 1606 1606 784 352 1607 1607 784 352 1608 1608 783 352 1609 1609 785 352 1610 1610 786 353 1611 1611 787 353 1612 1612 788 353 1613 1613 788 353 1614 1614 787 353 1615 1615 789 353 1616 1616 790 354 1617 1617 791 354 1618 1618 792 354 1619 1619 792 354 1620 1620 791 354 1621 1621 793 354 1622 1622 794 355 1623 1623 795 355 1624 1624 796 355 1625 1625 796 355 1626 1626 795 355 1627 1627 797 355 1628 1628 798 356 1629 1629 799 356 1630 1630 800 356 1631 1631 800 356 1632 1632 799 356 1633 1633 801 356 1634 1634 802 357 1635 1635 803 357 1636 1636 804 357 1637 1637 804 357 1638 1638 803 357 1639 1639 805 357 1640 1640 806 358 1641 1641 807 358 1642 1642 808 358 1643 1643 808 358 1644 1644 807 358 1645 1645 809 358 1646 1646 810 359 1647 1647 811 359 1648 1648 812 359 1649 1649 812 359 1650 1650 811 359 1651 1651 813 359 1652 1652 814 360 1653 1653 815 360 1654 1654 816 360 1655 1655 816 360 1656 1656 815 360 1657 1657 817 360 1658 1658 818 361 1659 1659 819 361 1660 1660 820 361 1661 1661 820 361 1662 1662 819 361 1663 1663 821 361 1664 1664 822 362 1665 1665 823 362 1666 1666 824 362 1667 1667 824 362 1668 1668 823 362 1669 1669 825 362 1670 1670 826 363 1671 1671 827 363 1672 1672 828 363 1673 1673 828 363 1674 1674 827 363 1675 1675 829 363 1676 1676 830 364 1677 1677 831 364 1678 1678 832 364 1679 1679 832 364 1680 1680 831 364 1681 1681 833 365 1682 1682 834 366 1683 1683 835 366 1684 1684 836 366 1685 1685 836 366 1686 1686 835 366 1687 1687 837 366 1688 1688 838 367 1689 1689 839 367 1690 1690 840 367 1691 1691 840 367 1692 1692 839 367 1693 1693 841 367 1694 1694 842 368 1695 1695 843 368 1696 1696 844 368 1697 1697 844 368 1698 1698 843 368 1699 1699 845 368 1700 1700 846 369 1701 1701 847 369 1702 1702 848 369 1703 1703 848 369 1704 1704 847 369 1705 1705 849 369 1706 1706 850 370 1707 1707 851 370 1708 1708 852 370 1709 1709 852 370 1710 1710 851 370 1711 1711 853 370 1712 1712 854 371 1713 1713 855 371 1714 1714 856 371 1715 1715 856 371 1716 1716 855 371 1717 1717 857 371 1718 1718 858 372 1719 1719 859 372 1720 1720 860 372 1721 1721 860 372 1722 1722 859 372 1723 1723 861 372 1724 1724 862 373 1725 1725 863 373 1726 1726 864 373 1727 1727 864 373 1728 1728 863 373 1729 1729 865 373 1730 1730 866 374 1731 1731 867 374 1732 1732 868 374 1733 1733 868 374 1734 1734 867 374 1735 1735 869 374 1736 1736 870 375 1737 1737 871 375 1738 1738 872 375 1739 1739 872 375 1740 1740 871 375 1741 1741 873 375 1742 1742 874 376 1743 1743 875 376 1744 1744 876 376 1745 1745 876 376 1746 1746 875 376 1747 1747 877 376 1748 1748 878 377 1749 1749 879 377 1750 1750 880 377 1751 1751 880 377 1752 1752 879 377 1753 1753 881 377 1754 1754 882 378 1755 1755 883 378 1756 1756 884 378 1757 1757 884 378 1758 1758 883 378 1759 1759 885 378 1760 1760 886 379 1761 1761 887 379 1762 1762 888 379 1763 1763 888 379 1764 1764 887 379 1765 1765 889 380 1766 1766 890 381 1767 1767 891 381 1768 1768 892 381 1769 1769 892 381 1770 1770 891 381 1771 1771 893 381 1772 1772 894 382 1773 1773 895 382 1774 1774 896 382 1775 1775 896 382 1776 1776 895 382 1777 1777 897 382 1778 1778 898 383 1779 1779 899 383 1780 1780 900 383 1781 1781 900 383 1782 1782 899 383 1783 1783 901 383 1784 1784 902 384 1785 1785 903 384 1786 1786 904 384 1787 1787 904 384 1788 1788 903 384 1789 1789 905 384 1790 1790 906 385 1791 1791 907 385 1792 1792 908 385 1793 1793 908 385 1794 1794 907 385 1795 1795 909 385 1796 1796 910 386 1797 1797 911 386 1798 1798 912 386 1799 1799 912 386 1800 1800 911 386 1801 1801 913 386 1802 1802 914 387 1803 1803 915 387 1804 1804 916 387 1805 1805 916 387 1806 1806 915 387 1807 1807 917 387 1808 1808 918 388 1809 1809 919 388 1810 1810 920 388 1811 1811 920 388 1812 1812 919 388 1813 1813 921 388 1814 1814 922 389 1815 1815 923 389 1816 1816 924 389 1817 1817 924 389 1818 1818 923 389 1819 1819 925 389 1820 1820 926 390 1821 1821 927 390 1822 1822 928 390 1823 1823 928 390 1824 1824 927 390 1825 1825 929 390 1826 1826 930 391 1827 1827 931 391 1828 1828 932 391 1829 1829 932 391 1830 1830 931 391 1831 1831 933 391 1832 1832 934 392 1833 1833 935 392 1834 1834 936 392 1835 1835 936 392 1836 1836 935 392 1837 1837 937 392 1838 1838 938 393 1839 1839 939 393 1840 1840 940 393 1841 1841 940 393 1842 1842 939 393 1843 1843 941 393 1844 1844 942 394 1845 1845 943 394 1846 1846 944 394 1847 1847 944 394 1848 1848 943 394 1849 1849 945 394 1850 1850 946 395 1851 1851 947 395 1852 1852 948 395 1853 1853 948 395 1854 1854 947 395 1855 1855 949 395 1856 1856 950 396 1857 1857 951 396 1858 1858 952 396 1859 1859 952 396 1860 1860 951 396 1861 1861 953 396 1862 1862 954 397 1863 1863 955 397 1864 1864 956 397 1865 1865 956 397 1866 1866 955 397 1867 1867 957 397 1868 1868 958 398 1869 1869 959 398 1870 1870 960 398 1871 1871 960 398 1872 1872 959 398 1873 1873 961 398 1874 1874 962 399 1875 1875 963 399 1876 1876 964 399 1877 1877 964 399 1878 1878 963 399 1879 1879 965 399 1880 1880 966 400 1881 1881 967 400 1882 1882 968 400 1883 1883 968 400 1884 1884 967 400 1885 1885 969 400 1886 1886 970 401 1887 1887 971 401 1888 1888 972 401 1889 1889 972 401 1890 1890 971 401 1891 1891 973 401 1892 1892 974 402 1893 1893 975 402 1894 1894 976 402 1895 1895 976 402 1896 1896 975 402 1897 1897 977 402 1898 1898 978 403 1899 1899 979 403 1900 1900 980 403 1901 1901 980 403 1902 1902 979 403 1903 1903 981 403 1904 1904 982 404 1905 1905 983 405 1906 1906 984 405 1907 1907 984 405 1908 1908 983 405 1909 1909 985 405 1910 1910 986 406 1911 1911 987 406 1912 1912 988 406 1913 1913 988 406 1914 1914 987 406 1915 1915 989 406 1916 1916 990 407 1917 1917 991 407 1918 1918 992 407 1919 1919 992 407 1920 1920 991 407 1921 1921 993 407 1922 1922 994 408 1923 1923 995 408 1924 1924 996 408 1925 1925 996 408 1926 1926 995 408 1927 1927 997 408 1928 1928 998 409 1929 1929 999 409 1930 1930 1000 409 1931 1931 1000 409 1932 1932 999 409 1933 1933 1001 409 1934 1934 1002 410 1935 1935 1003 410 1936 1936 1004 410 1937 1937 1004 410 1938 1938 1003 410 1939 1939 1005 410 1940 1940 1006 411 1941 1941 1007 411 1942 1942 1008 411 1943 1943 1008 411 1944 1944 1007 411 1945 1945 1009 411 1946 1946 1010 412 1947 1947 1011 412 1948 1948 1012 412 1949 1949 1012 412 1950 1950 1011 412 1951 1951 1013 412 1952 1952 1014 413 1953 1953 1015 413 1954 1954 1016 413 1955 1955 1016 413 1956 1956 1015 413 1957 1957 1017 414 1958 1958 1018 415 1959 1959 1019 415 1960 1960 1020 415 1961 1961 1020 415 1962 1962 1019 415 1963 1963 1021 415 1964 1964 1022 416 1965 1965 1023 416 1966 1966 1024 416 1967 1967 1024 416 1968 1968 1023 416 1969 1969 1025 416 1970 1970 1026 417 1971 1971 1027 418 1972 1972 1028 418 1973 1973 1028 418 1974 1974 1027 418 1975 1975 1029 418 1976 1976 1030 419 1977 1977 1031 419 1978 1978 1032 419 1979 1979 1032 419 1980 1980 1031 419 1981 1981 1033 419 1982 1982 1034 420 1983 1983 1035 420 1984 1984 1036 420 1985 1985 1036 420 1986 1986 1035 420 1987 1987 1037 420 1988 1988 1038 421 1989 1989 1039 421 1990 1990 1040 421 1991 1991 1040 421 1992 1992 1039 421 1993 1993 1041 421 1994 1994 1042 422 1995 1995 1043 422 1996 1996 1044 422 1997 1997 1044 422 1998 1998 1043 422 1999 1999 1045 422 2000 2000 1046 423 2001 2001 1047 423 2002 2002 1048 423 2003 2003 1048 423 2004 2004 1047 423 2005 2005 1049 423 2006 2006 1050 424 2007 2007 1051 424 2008 2008 1052 424 2009 2009 1052 424 2010 2010 1051 424 2011 2011 1053 424 2012 2012 1054 425 2013 2013 1055 425 2014 2014 1056 425 2015 2015 1056 425 2016 2016 1055 425 2017 2017 1057 425 2018 2018 1058 426 2019 2019 1059 426 2020 2020 1060 426 2021 2021 1060 426 2022 2022 1059 426 2023 2023 1061 426 2024 2024 1062 427 2025 2025 1063 427 2026 2026 1064 427 2027 2027 1064 427 2028 2028 1063 427 2029 2029 1065 427 2030 2030 1066 428 2031 2031 1067 428 2032 2032 1068 428 2033 2033 1068 428 2034 2034 1067 428 2035 2035 1069 428 2036 2036 1070 429 2037 2037 1071 429 2038 2038 1072 429 2039 2039 1072 429 2040 2040 1071 429 2041 2041 1073 429 2042 2042 1074 430 2043 2043 1075 430 2044 2044 1076 430 2045 2045 1076 430 2046 2046 1075 430 2047 2047 1077 430 2048 2048 1078 431 2049 2049 1079 431 2050 2050 1080 431 2051 2051 1080 431 2052 2052 1079 431 2053 2053 1081 431 2054 2054 1082 432 2055 2055 1083 432 2056 2056 1084 432 2057 2057 1084 432 2058 2058 1083 432 2059 2059 1085 432 2060 2060 1086 433 2061 2061 1087 433 2062 2062 1088 433 2063 2063 1088 433 2064 2064 1087 433 2065 2065 1089 433 2066 2066 1090 434 2067 2067 1091 434 2068 2068 1092 434 2069 2069 1092 434 2070 2070 1091 434 2071 2071 1093 434 2072 2072 1094 435 2073 2073 1095 435 2074 2074 1096 435 2075 2075 1096 435 2076 2076 1095 435 2077 2077 1097 435 2078 2078 1098 436 2079 2079 1099 436 2080 2080 1100 436 2081 2081 1100 436 2082 2082 1099 436 2083 2083 1101 436 2084 2084 1102 437 2085 2085 1103 437 2086 2086 1104 437 2087 2087 1104 437 2088 2088 1103 437 2089 2089 1105 437 2090 2090 1106 438 2091 2091 1107 438 2092 2092 1108 438 2093 2093 1108 438 2094 2094 1107 438 2095 2095 1109 438 2096 2096 1110 439 2097 2097 1111 439 2098 2098 1112 439 2099 2099 1112 439 2100 2100 1111 439 2101 2101 1113 439 2102 2102 1114 440 2103 2103 1115 440 2104 2104 1116 440 2105 2105 1116 440 2106 2106 1115 440 2107 2107 1117 440 2108 2108 1118 441 2109 2109 1119 441 2110 2110 1120 441 2111 2111 1120 441 2112 2112 1119 441 2113 2113 1121 441 2114 2114 1122 442 2115 2115 1123 442 2116 2116 1124 442 2117 2117 1124 442 2118 2118 1123 442 2119 2119 1125 442 2120 2120 1126 443 2121 2121 1127 443 2122 2122 1128 443 2123 2123 1128 443 2124 2124 1127 443 2125 2125 1129 443 2126 2126 1130 444 2127 2127 1131 444 2128 2128 1132 444 2129 2129 1132 444 2130 2130 1131 444 2131 2131 1133 444 2132 2132 1134 445 2133 2133 1135 445 2134 2134 1136 445 2135 2135 1136 445 2136 2136 1135 445 2137 2137 1137 445 2138 2138 1138 446 2139 2139 1139 446 2140 2140 1140 446 2141 2141 1140 446 2142 2142 1139 446 2143 2143 1141 446 2144 2144 1142 447 2145 2145 1143 447 2146 2146 1144 447 2147 2147 1144 447 2148 2148 1143 447 2149 2149 1145 447 2150 2150 1146 448 2151 2151 1147 448 2152 2152 1148 448 2153 2153 1148 448 2154 2154 1147 448 2155 2155 1149 448 2156 2156 1150 449 2157 2157 1151 449 2158 2158 1152 449 2159 2159 1152 449 2160 2160 1151 449 2161 2161 1153 449 2162 2162 1154 450 2163 2163 1155 450 2164 2164 1156 450 2165 2165 1156 450 2166 2166 1155 450 2167 2167 1157 450 2168 2168 1158 451 2169 2169 1159 451 2170 2170 1160 451 2171 2171 1160 451 2172 2172 1159 451 2173 2173 1161 451 2174 2174 1162 452 2175 2175 1163 452 2176 2176 1164 452 2177 2177 1164 452 2178 2178 1163 452 2179 2179 1165 452 2180 2180 1166 453 2181 2181 1167 453 2182 2182 1168 453 2183 2183 1168 453 2184 2184 1167 453 2185 2185 1169 453 2186 2186 1170 454 2187 2187 1171 454 2188 2188 1172 454 2189 2189 1172 454 2190 2190 1171 454 2191 2191 1173 454 2192 2192 1174 455 2193 2193 1175 455 2194 2194 1176 455 2195 2195 1176 455 2196 2196 1175 455 2197 2197 1177 455 2198 2198 1178 456 2199 2199 1179 456 2200 2200 1180 456 2201 2201 1180 456 2202 2202 1179 456 2203 2203 1181 456 2204 2204 1182 457 2205 2205 1183 457 2206 2206 1184 457 2207 2207 1184 457 2208 2208 1183 457 2209 2209 1185 457 2210 2210 1186 458 2211 2211 1187 458 2212 2212 1188 458 2213 2213 1188 458 2214 2214 1187 458 2215 2215 1189 458 2216 2216 1190 459 2217 2217 1191 459 2218 2218 1192 459 2219 2219 1192 459 2220 2220 1191 459 2221 2221 1193 459 2222 2222 1194 460 2223 2223 1195 460 2224 2224 1196 460 2225 2225 1196 460 2226 2226 1195 460 2227 2227 1197 460 2228 2228 1198 461 2229 2229 1199 461 2230 2230 1200 461 2231 2231 1200 461 2232 2232 1199 461 2233 2233 1201 461 2234 2234 1202 462 2235 2235 1203 462 2236 2236 1204 462 2237 2237 1204 462 2238 2238 1203 462 2239 2239 1205 462 2240 2240 1206 463 2241 2241 1207 463 2242 2242 1208 463 2243 2243 1208 463 2244 2244 1207 463 2245 2245 1209 463 2246 2246 1210 464 2247 2247 1211 464 2248 2248 1212 464 2249 2249 1212 464 2250 2250 1211 464 2251 2251 1213 464 2252 2252 1214 465 2253 2253 1215 465 2254 2254 1216 465 2255 2255 1216 465 2256 2256 1215 465 2257 2257 1217 465 2258 2258 1218 466 2259 2259 1219 466 2260 2260 1220 466 2261 2261 1220 466 2262 2262 1219 466 2263 2263 1221 466 2264 2264 1222 467 2265 2265 1223 467 2266 2266 1224 467 2267 2267 1224 467 2268 2268 1223 467 2269 2269 1225 467 2270 2270 1226 468 2271 2271 1227 468 2272 2272 1228 468 2273 2273 1228 468 2274 2274 1227 468 2275 2275 1229 469 2276 2276 1230 470 2277 2277 1231 470 2278 2278 1232 470 2279 2279 1232 470 2280 2280 1231 470 2281 2281 1233 470 2282 2282 1234 471 2283 2283 1235 471 2284 2284 1236 471 2285 2285 1236 471 2286 2286 1235 471 2287 2287 1237 471 2288 2288 1238 472 2289 2289 1239 472 2290 2290 1240 472 2291 2291 1240 472 2292 2292 1239 472 2293 2293 1241 472 2294 2294 1242 473 2295 2295 1243 473 2296 2296 1244 473 2297 2297 1244 473 2298 2298 1243 473 2299 2299 1245 473 2300 2300 1246 474 2301 2301 1247 474 2302 2302 1248 474 2303 2303 1248 474 2304 2304 1247 474 2305 2305 1249 474 2306 2306 1250 475 2307 2307 1251 475 2308 2308 1252 475 2309 2309 1252 475 2310 2310 1251 475 2311 2311 1253 475 2312 2312 1254 476 2313 2313 1255 476 2314 2314 1256 476 2315 2315 1256 476 2316 2316 1255 476 2317 2317 1257 476 2318 2318 1258 477 2319 2319 1259 477 2320 2320 1260 477 2321 2321 1260 477 2322 2322 1259 477 2323 2323 1261 477 2324 2324 1262 478 2325 2325 1263 478 2326 2326 1264 478 2327 2327 1264 478 2328 2328 1263 478 2329 2329 1265 478 2330 2330 1266 479 2331 2331 1267 479 2332 2332 1268 479 2333 2333 1268 479 2334 2334 1267 479 2335 2335 1269 479 2336 2336 1270 480 2337 2337 1271 480 2338 2338 1272 480 2339 2339 1272 480 2340 2340 1271 480 2341 2341 1273 480 2342 2342 1274 481 2343 2343 1275 481 2344 2344 1276 481 2345 2345 1276 481 2346 2346 1275 481 2347 2347 1277 481 2348 2348 1278 482 2349 2349 1279 482 2350 2350 1280 482 2351 2351 1280 482 2352 2352 1279 482 2353 2353 1281 482 2354 2354 1282 483 2355 2355 1283 483 2356 2356 1284 483 2357 2357 1284 483 2358 2358 1283 483 2359 2359 1285 483 2360 2360 1286 484 2361 2361 1287 484 2362 2362 1288 484 2363 2363 1288 484 2364 2364 1287 484 2365 2365 1289 484 2366 2366 1290 485 2367 2367 1291 485 2368 2368 1292 485 2369 2369 1292 485 2370 2370 1291 485 2371 2371 1293 485 2372 2372 1294 486 2373 2373 1295 486 2374 2374 1296 486 2375 2375 1296 486 2376 2376 1295 486 2377 2377 1297 486 2378 2378 1298 487 2379 2379 1299 487 2380 2380 1300 487 2381 2381 1300 487 2382 2382 1299 487 2383 2383 1301 487 2384 2384 1302 488 2385 2385 1303 488 2386 2386 1304 488 2387 2387 1304 488 2388 2388 1303 488 2389 2389 1305 488 2390 2390 1306 489 2391 2391 1307 489 2392 2392 1308 489 2393 2393 1308 489 2394 2394 1307 489 2395 2395 1309 489 2396 2396 1310 490 2397 2397 1311 490 2398 2398 1312 490 2399 2399 1312 490 2400 2400 1311 490 2401 2401 1313 491 2402 2402 1314 492 2403 2403 1315 492 2404 2404 1316 492 2405 2405 1316 492 2406 2406 1315 492 2407 2407 1317 492 2408 2408 1318 493 2409 2409 1319 493 2410 2410 1320 493 2411 2411 1320 493 2412 2412 1319 493 2413 2413 1321 493 2414 2414 1322 494 2415 2415 1323 494 2416 2416 1324 494 2417 2417 1324 494 2418 2418 1323 494 2419 2419 1325 494 2420 2420 1326 495 2421 2421 1327 495 2422 2422 1328 495 2423 2423 1328 495 2424 2424 1327 495 2425 2425 1329 495 2426 2426 1330 496 2427 2427 1331 496 2428 2428 1332 496 2429 2429 1332 496 2430 2430 1331 496 2431 2431 1333 496 2432 2432 1334 497 2433 2433 1335 497 2434 2434 1336 497 2435 2435 1336 497 2436 2436 1335 497 2437 2437 1337 498 2438 2438 1338 499 2439 2439 1339 499 2440 2440 1340 499 2441 2441 1340 499 2442 2442 1339 499 2443 2443 1341 499 2444 2444 1342 500 2445 2445 1343 500 2446 2446 1344 500 2447 2447 1344 500 2448 2448 1343 500 2449 2449 1345 500 2450 2450 1346 501 2451 2451 1347 501 2452 2452 1348 501 2453 2453 1348 501 2454 2454 1347 501 2455 2455 1349 501 2456 2456</p>
        </polylist>
      </mesh>
    </geometry>
  </library_geometries>
  <library_controllers>
    <controller id="Armature_wr01_tree02_LOD1-skin" name="Armature">
      <skin source="#wr01_tree02_LOD1-mesh">
        <bind_shape_matrix>1 0 0 0 0 1 0 0 0 0 1 0 0 0 0 1</bind_shape_matrix>
        <source id="Armature_wr01_tree02_LOD1-skin-joints">
          <Name_array id="Armature_wr01_tree02_LOD1-skin-joints-array" count="1">wr01_tree02_LOD1</Name_array>
          <technique_common>
            <accessor source="#Armature_wr01_tree02_LOD1-skin-joints-array" count="1" stride="1">
              <param name="JOINT" type="name"/>
            </accessor>
          </technique_common>
        </source>
        <source id="Armature_wr01_tree02_LOD1-skin-bind_poses">
          <float_array id="Armature_wr01_tree02_LOD1-skin-bind_poses-array" count="16">1 0 0 0 0 1 0 0 0 0 1 0 0 0 0 1</float_array>
          <technique_common>
            <accessor source="#Armature_wr01_tree02_LOD1-skin-bind_poses-array" count="1" stride="16">
              <param name="TRANSFORM" type="float4x4"/>
            </accessor>
          </technique_common>
        </source>
        <source id="Armature_wr01_tree02_LOD1-skin-weights">
          <float_array id="Armature_wr01_tree02_LOD1-skin-weights-array" count="4">1 1 1 1</float_array>
          <technique_common>
            <accessor source="#Armature_wr01_tree02_LOD1-skin-weights-array" count="4" stride="1">
              <param name="WEIGHT" type="float"/>
            </accessor>
          </technique_common>
        </source>
        <joints>
          <input semantic="JOINT" source="#Armature_wr01_tree02_LOD1-skin-joints"/>
          <input semantic="INV_BIND_MATRIX" source="#Armature_wr01_tree02_LOD1-skin-bind_poses"/>
        </joints>
        <vertex_weights count="4">
          <input semantic="JOINT" source="#Armature_wr01_tree02_LOD1-skin-joints" offset="0"/>
          <input semantic="WEIGHT" source="#Armature_wr01_tree02_LOD1-skin-weights" offset="1"/>
          <vcount>1 1 1 1 </vcount>
          <v>0 0 0 1 0 2 0 3</v>
        </vertex_weights>
      </skin>
    </controller>
    <controller id="Armature_wr01_tree02-skin" name="Armature">
      <skin source="#wr01_tree02-mesh">
        <bind_shape_matrix>1 0 0 0 0 1 0 0 0 0 1 0 0 0 0 1</bind_shape_matrix>
        <source id="Armature_wr01_tree02-skin-joints">
          <Name_array id="Armature_wr01_tree02-skin-joints-array" count="1">wr01_tree02</Name_array>
          <technique_common>
            <accessor source="#Armature_wr01_tree02-skin-joints-array" count="1" stride="1">
              <param name="JOINT" type="name"/>
            </accessor>
          </technique_common>
        </source>
        <source id="Armature_wr01_tree02-skin-bind_poses">
          <float_array id="Armature_wr01_tree02-skin-bind_poses-array" count="16">1 0 0 0 0 1 0 0 0 0 1 0 0 0 0 1</float_array>
          <technique_common>
            <accessor source="#Armature_wr01_tree02-skin-bind_poses-array" count="1" stride="16">
              <param name="TRANSFORM" type="float4x4"/>
            </accessor>
          </technique_common>
        </source>
        <source id="Armature_wr01_tree02-skin-weights">
          <float_array id="Armature_wr01_tree02-skin-weights-array" count="1350">1 1 1 1 1 1 1 1 1 1 1 1 1 1 1 1 1 1 1 1 1 1 1 1 1 1 1 1 1 1 1 1 1 1 1 1 1 1 1 1 1 1 1 1 1 1 1 1 1 1 1 1 1 1 1 1 1 1 1 1 1 1 1 1 1 1 1 1 1 1 1 1 1 1 1 1 1 1 1 1 1 1 1 1 1 1 1 1 1 1 1 1 1 1 1 1 1 1 1 1 1 1 1 1 1 1 1 1 1 1 1 1 1 1 1 1 1 1 1 1 1 1 1 1 1 1 1 1 1 1 1 1 1 1 1 1 1 1 1 1 1 1 1 1 1 1 1 1 1 1 1 1 1 1 1 1 1 1 1 1 1 1 1 1 1 1 1 1 1 1 1 1 1 1 1 1 1 1 1 1 1 1 1 1 1 1 1 1 1 1 1 1 1 1 1 1 1 1 1 1 1 1 1 1 1 1 1 1 1 1 1 1 1 1 1 1 1 1 1 1 1 1 1 1 1 1 1 1 1 1 1 1 1 1 1 1 1 1 1 1 1 1 1 1 1 1 1 1 1 1 1 1 1 1 1 1 1 1 1 1 1 1 1 1 1 1 1 1 1 1 1 1 1 1 1 1 1 1 1 1 1 1 1 1 1 1 1 1 1 1 1 1 1 1 1 1 1 1 1 1 1 1 1 1 1 1 1 1 1 1 1 1 1 1 1 1 1 1 1 1 1 1 1 1 1 1 1 1 1 1 1 1 1 1 1 1 1 1 1 1 1 1 1 1 1 1 1 1 1 1 1 1 1 1 1 1 1 1 1 1 1 1 1 1 1 1 1 1 1 1 1 1 1 1 1 1 1 1 1 1 1 1 1 1 1 1 1 1 1 1 1 1 1 1 1 1 1 1 1 1 1 1 1 1 1 1 1 1 1 1 1 1 1 1 1 1 1 1 1 1 1 1 1 1 1 1 1 1 1 1 1 1 1 1 1 1 1 1 1 1 1 1 1 1 1 1 1 1 1 1 1 1 1 1 1 1 1 1 1 1 1 1 1 1 1 1 1 1 1 1 1 1 1 1 1 1 1 1 1 1 1 1 1 1 1 1 1 1 1 1 1 1 1 1 1 1 1 1 1 1 1 1 1 1 1 1 1 1 1 1 1 1 1 1 1 1 1 1 1 1 1 1 1 1 1 1 1 1 1 1 1 1 1 1 1 1 1 1 1 1 1 1 1 1 1 1 1 1 1 1 1 1 1 1 1 1 1 1 1 1 1 1 1 1 1 1 1 1 1 1 1 1 1 1 1 1 1 1 1 1 1 1 1 1 1 1 1 1 1 1 1 1 1 1 1 1 1 1 1 1 1 1 1 1 1 1 1 1 1 1 1 1 1 1 1 1 1 1 1 1 1 1 1 1 1 1 1 1 1 1 1 1 1 1 1 1 1 1 1 1 1 1 1 1 1 1 1 1 1 1 1 1 1 1 1 1 1 1 1 1 1 1 1 1 1 1 1 1 1 1 1 1 1 1 1 1 1 1 1 1 1 1 1 1 1 1 1 1 1 1 1 1 1 1 1 1 1 1 1 1 1 1 1 1 1 1 1 1 1 1 1 1 1 1 1 1 1 1 1 1 1 1 1 1 1 1 1 1 1 1 1 1 1 1 1 1 1 1 1 1 1 1 1 1 1 1 1 1 1 1 1 1 1 1 1 1 1 1 1 1 1 1 1 1 1 1 1 1 1 1 1 1 1 1 1 1 1 1 1 1 1 1 1 1 1 1 1 1 1 1 1 1 1 1 1 1 1 1 1 1 1 1 1 1 1 1 1 1 1 1 1 1 1 1 1 1 1 1 1 1 1 1 1 1 1 1 1 1 1 1 1 1 1 1 1 1 1 1 1 1 1 1 1 1 1 1 1 1 1 1 1 1 1 1 1 1 1 1 1 1 1 1 1 1 1 1 1 1 1 1 1 1 1 1 1 1 1 1 1 1 1 1 1 1 1 1 1 1 1 1 1 1 1 1 1 1 1 1 1 1 1 1 1 1 1 1 1 1 1 1 1 1 1 1 1 1 1 1 1 1 1 1 1 1 1 1 1 1 1 1 1 1 1 1 1 1 1 1 1 1 1 1 1 1 1 1 1 1 1 1 1 1 1 1 1 1 1 1 1 1 1 1 1 1 1 1 1 1 1 1 1 1 1 1 1 1 1 1 1 1 1 1 1 1 1 1 1 1 1 1 1 1 1 1 1 1 1 1 1 1 1 1 1 1 1 1 1 1 1 1 1 1 1 1 1 1 1 1 1 1 1 1 1 1 1 1 1 1 1 1 1 1 1 1 1 1 1 1 1 1 1 1 1 1 1 1 1 1 1 1 1 1 1 1 1 1 1 1 1 1 1 1 1 1 1 1 1 1 1 1 1 1 1 1 1 1 1 1 1 1 1 1 1 1 1 1 1 1 1 1 1 1 1 1 1 1 1 1 1 1 1 1 1 1 1 1 1 1 1 1 1 1 1 1 1 1 1 1 1 1 1 1 1 1 1 1 1 1 1 1 1 1 1 1 1 1 1 1 1 1 1 1 1 1 1 1 1 1 1 1 1 1 1 1 1 1 1 1 1 1 1 1 1 1 1 1 1 1 1 1 1 1 1 1 1 1 1 1 1 1 1 1 1 1 1 1 1 1 1 1 1 1 1 1 1 1 1 1 1 1 1 1 1 1 1 1 1 1 1 1 1 1 1 1 1 1 1 1 1 1 1 1 1 1 1 1 1 1 1 1 1 1 1 1 1 1 1 1 1 1 1 1 1 1 1 1 1 1 1 1 1 1 1 1 1 1 1 1 1 1 1 1 1 1 1 1 1 1 1 1 1 1 1 1 1 1 1 1 1 1 1 1 1 1 1 1 1 1 1 1 1 1 1 1 1 1 1 1 1 1 1 1 1 1 1 1 1 1 1 1 1 1 1 1 1 1 1 1 1 1 1 1 1 1 1 1 1 1 1 1 1 1 1 1 1 1 1 1 1 1 1 1 1 1 1 1 1 1 1 1</float_array>
          <technique_common>
            <accessor source="#Armature_wr01_tree02-skin-weights-array" count="1350" stride="1">
              <param name="WEIGHT" type="float"/>
            </accessor>
          </technique_common>
        </source>
        <joints>
          <input semantic="JOINT" source="#Armature_wr01_tree02-skin-joints"/>
          <input semantic="INV_BIND_MATRIX" source="#Armature_wr01_tree02-skin-bind_poses"/>
        </joints>
        <vertex_weights count="1350">
          <input semantic="JOINT" source="#Armature_wr01_tree02-skin-joints" offset="0"/>
          <input semantic="WEIGHT" source="#Armature_wr01_tree02-skin-weights" offset="1"/>
          <vcount>1 1 1 1 1 1 1 1 1 1 1 1 1 1 1 1 1 1 1 1 1 1 1 1 1 1 1 1 1 1 1 1 1 1 1 1 1 1 1 1 1 1 1 1 1 1 1 1 1 1 1 1 1 1 1 1 1 1 1 1 1 1 1 1 1 1 1 1 1 1 1 1 1 1 1 1 1 1 1 1 1 1 1 1 1 1 1 1 1 1 1 1 1 1 1 1 1 1 1 1 1 1 1 1 1 1 1 1 1 1 1 1 1 1 1 1 1 1 1 1 1 1 1 1 1 1 1 1 1 1 1 1 1 1 1 1 1 1 1 1 1 1 1 1 1 1 1 1 1 1 1 1 1 1 1 1 1 1 1 1 1 1 1 1 1 1 1 1 1 1 1 1 1 1 1 1 1 1 1 1 1 1 1 1 1 1 1 1 1 1 1 1 1 1 1 1 1 1 1 1 1 1 1 1 1 1 1 1 1 1 1 1 1 1 1 1 1 1 1 1 1 1 1 1 1 1 1 1 1 1 1 1 1 1 1 1 1 1 1 1 1 1 1 1 1 1 1 1 1 1 1 1 1 1 1 1 1 1 1 1 1 1 1 1 1 1 1 1 1 1 1 1 1 1 1 1 1 1 1 1 1 1 1 1 1 1 1 1 1 1 1 1 1 1 1 1 1 1 1 1 1 1 1 1 1 1 1 1 1 1 1 1 1 1 1 1 1 1 1 1 1 1 1 1 1 1 1 1 1 1 1 1 1 1 1 1 1 1 1 1 1 1 1 1 1 1 1 1 1 1 1 1 1 1 1 1 1 1 1 1 1 1 1 1 1 1 1 1 1 1 1 1 1 1 1 1 1 1 1 1 1 1 1 1 1 1 1 1 1 1 1 1 1 1 1 1 1 1 1 1 1 1 1 1 1 1 1 1 1 1 1 1 1 1 1 1 1 1 1 1 1 1 1 1 1 1 1 1 1 1 1 1 1 1 1 1 1 1 1 1 1 1 1 1 1 1 1 1 1 1 1 1 1 1 1 1 1 1 1 1 1 1 1 1 1 1 1 1 1 1 1 1 1 1 1 1 1 1 1 1 1 1 1 1 1 1 1 1 1 1 1 1 1 1 1 1 1 1 1 1 1 1 1 1 1 1 1 1 1 1 1 1 1 1 1 1 1 1 1 1 1 1 1 1 1 1 1 1 1 1 1 1 1 1 1 1 1 1 1 1 1 1 1 1 1 1 1 1 1 1 1 1 1 1 1 1 1 1 1 1 1 1 1 1 1 1 1 1 1 1 1 1 1 1 1 1 1 1 1 1 1 1 1 1 1 1 1 1 1 1 1 1 1 1 1 1 1 1 1 1 1 1 1 1 1 1 1 1 1 1 1 1 1 1 1 1 1 1 1 1 1 1 1 1 1 1 1 1 1 1 1 1 1 1 1 1 1 1 1 1 1 1 1 1 1 1 1 1 1 1 1 1 1 1 1 1 1 1 1 1 1 1 1 1 1 1 1 1 1 1 1 1 1 1 1 1 1 1 1 1 1 1 1 1 1 1 1 1 1 1 1 1 1 1 1 1 1 1 1 1 1 1 1 1 1 1 1 1 1 1 1 1 1 1 1 1 1 1 1 1 1 1 1 1 1 1 1 1 1 1 1 1 1 1 1 1 1 1 1 1 1 1 1 1 1 1 1 1 1 1 1 1 1 1 1 1 1 1 1 1 1 1 1 1 1 1 1 1 1 1 1 1 1 1 1 1 1 1 1 1 1 1 1 1 1 1 1 1 1 1 1 1 1 1 1 1 1 1 1 1 1 1 1 1 1 1 1 1 1 1 1 1 1 1 1 1 1 1 1 1 1 1 1 1 1 1 1 1 1 1 1 1 1 1 1 1 1 1 1 1 1 1 1 1 1 1 1 1 1 1 1 1 1 1 1 1 1 1 1 1 1 1 1 1 1 1 1 1 1 1 1 1 1 1 1 1 1 1 1 1 1 1 1 1 1 1 1 1 1 1 1 1 1 1 1 1 1 1 1 1 1 1 1 1 1 1 1 1 1 1 1 1 1 1 1 1 1 1 1 1 1 1 1 1 1 1 1 1 1 1 1 1 1 1 1 1 1 1 1 1 1 1 1 1 1 1 1 1 1 1 1 1 1 1 1 1 1 1 1 1 1 1 1 1 1 1 1 1 1 1 1 1 1 1 1 1 1 1 1 1 1 1 1 1 1 1 1 1 1 1 1 1 1 1 1 1 1 1 1 1 1 1 1 1 1 1 1 1 1 1 1 1 1 1 1 1 1 1 1 1 1 1 1 1 1 1 1 1 1 1 1 1 1 1 1 1 1 1 1 1 1 1 1 1 1 1 1 1 1 1 1 1 1 1 1 1 1 1 1 1 1 1 1 1 1 1 1 1 1 1 1 1 1 1 1 1 1 1 1 1 1 1 1 1 1 1 1 1 1 1 1 1 1 1 1 1 1 1 1 1 1 1 1 1 1 1 1 1 1 1 1 1 1 1 1 1 1 1 1 1 1 1 1 1 1 1 1 1 1 1 1 1 1 1 1 1 1 1 1 1 1 1 1 1 1 1 1 1 1 1 1 1 1 1 1 1 1 1 1 1 1 1 1 1 1 1 1 1 1 1 1 1 1 1 1 1 1 1 1 1 1 1 1 1 1 1 1 1 1 1 1 1 1 1 1 1 1 1 1 1 1 1 1 1 1 1 1 1 1 1 1 1 1 1 1 1 1 1 1 1 1 1 1 1 1 1 1 1 1 1 1 1 1 1 1 1 1 1 1 1 1 1 1 1 1 1 1 1 1 1 1 1 1 1 1 1 1 1 1 1 1 1 1 1 1 1 1 1 1 1 1 1 1 1 1 1 1 1 1 1 1 1 1 1 1 1 1 1 1 1 1 1 1 1 1 1 1 1 1 1 1 1 1 1 1 1 1 1 1 1 1 1 1 1 1 1 1 1 1 1 1 1 1 1 1 1 1 1 1 1 1 1 1 1 1 1 1 1 1 1 1 1 1 1 1 1 1 1 1 1 </vcount>
          <v>0 0 0 1 0 2 0 3 0 4 0 5 0 6 0 7 0 8 0 9 0 10 0 11 0 12 0 13 0 14 0 15 0 16 0 17 0 18 0 19 0 20 0 21 0 22 0 23 0 24 0 25 0 26 0 27 0 28 0 29 0 30 0 31 0 32 0 33 0 34 0 35 0 36 0 37 0 38 0 39 0 40 0 41 0 42 0 43 0 44 0 45 0 46 0 47 0 48 0 49 0 50 0 51 0 52 0 53 0 54 0 55 0 56 0 57 0 58 0 59 0 60 0 61 0 62 0 63 0 64 0 65 0 66 0 67 0 68 0 69 0 70 0 71 0 72 0 73 0 74 0 75 0 76 0 77 0 78 0 79 0 80 0 81 0 82 0 83 0 84 0 85 0 86 0 87 0 88 0 89 0 90 0 91 0 92 0 93 0 94 0 95 0 96 0 97 0 98 0 99 0 100 0 101 0 102 0 103 0 104 0 105 0 106 0 107 0 108 0 109 0 110 0 111 0 112 0 113 0 114 0 115 0 116 0 117 0 118 0 119 0 120 0 121 0 122 0 123 0 124 0 125 0 126 0 127 0 128 0 129 0 130 0 131 0 132 0 133 0 134 0 135 0 136 0 137 0 138 0 139 0 140 0 141 0 142 0 143 0 144 0 145 0 146 0 147 0 148 0 149 0 150 0 151 0 152 0 153 0 154 0 155 0 156 0 157 0 158 0 159 0 160 0 161 0 162 0 163 0 164 0 165 0 166 0 167 0 168 0 169 0 170 0 171 0 172 0 173 0 174 0 175 0 176 0 177 0 178 0 179 0 180 0 181 0 182 0 183 0 184 0 185 0 186 0 187 0 188 0 189 0 190 0 191 0 192 0 193 0 194 0 195 0 196 0 197 0 198 0 199 0 200 0 201 0 202 0 203 0 204 0 205 0 206 0 207 0 208 0 209 0 210 0 211 0 212 0 213 0 214 0 215 0 216 0 217 0 218 0 219 0 220 0 221 0 222 0 223 0 224 0 225 0 226 0 227 0 228 0 229 0 230 0 231 0 232 0 233 0 234 0 235 0 236 0 237 0 238 0 239 0 240 0 241 0 242 0 243 0 244 0 245 0 246 0 247 0 248 0 249 0 250 0 251 0 252 0 253 0 254 0 255 0 256 0 257 0 258 0 259 0 260 0 261 0 262 0 263 0 264 0 265 0 266 0 267 0 268 0 269 0 270 0 271 0 272 0 273 0 274 0 275 0 276 0 277 0 278 0 279 0 280 0 281 0 282 0 283 0 284 0 285 0 286 0 287 0 288 0 289 0 290 0 291 0 292 0 293 0 294 0 295 0 296 0 297 0 298 0 299 0 300 0 301 0 302 0 303 0 304 0 305 0 306 0 307 0 308 0 309 0 310 0 311 0 312 0 313 0 314 0 315 0 316 0 317 0 318 0 319 0 320 0 321 0 322 0 323 0 324 0 325 0 326 0 327 0 328 0 329 0 330 0 331 0 332 0 333 0 334 0 335 0 336 0 337 0 338 0 339 0 340 0 341 0 342 0 343 0 344 0 345 0 346 0 347 0 348 0 349 0 350 0 351 0 352 0 353 0 354 0 355 0 356 0 357 0 358 0 359 0 360 0 361 0 362 0 363 0 364 0 365 0 366 0 367 0 368 0 369 0 370 0 371 0 372 0 373 0 374 0 375 0 376 0 377 0 378 0 379 0 380 0 381 0 382 0 383 0 384 0 385 0 386 0 387 0 388 0 389 0 390 0 391 0 392 0 393 0 394 0 395 0 396 0 397 0 398 0 399 0 400 0 401 0 402 0 403 0 404 0 405 0 406 0 407 0 408 0 409 0 410 0 411 0 412 0 413 0 414 0 415 0 416 0 417 0 418 0 419 0 420 0 421 0 422 0 423 0 424 0 425 0 426 0 427 0 428 0 429 0 430 0 431 0 432 0 433 0 434 0 435 0 436 0 437 0 438 0 439 0 440 0 441 0 442 0 443 0 444 0 445 0 446 0 447 0 448 0 449 0 450 0 451 0 452 0 453 0 454 0 455 0 456 0 457 0 458 0 459 0 460 0 461 0 462 0 463 0 464 0 465 0 466 0 467 0 468 0 469 0 470 0 471 0 472 0 473 0 474 0 475 0 476 0 477 0 478 0 479 0 480 0 481 0 482 0 483 0 484 0 485 0 486 0 487 0 488 0 489 0 490 0 491 0 492 0 493 0 494 0 495 0 496 0 497 0 498 0 499 0 500 0 501 0 502 0 503 0 504 0 505 0 506 0 507 0 508 0 509 0 510 0 511 0 512 0 513 0 514 0 515 0 516 0 517 0 518 0 519 0 520 0 521 0 522 0 523 0 524 0 525 0 526 0 527 0 528 0 529 0 530 0 531 0 532 0 533 0 534 0 535 0 536 0 537 0 538 0 539 0 540 0 541 0 542 0 543 0 544 0 545 0 546 0 547 0 548 0 549 0 550 0 551 0 552 0 553 0 554 0 555 0 556 0 557 0 558 0 559 0 560 0 561 0 562 0 563 0 564 0 565 0 566 0 567 0 568 0 569 0 570 0 571 0 572 0 573 0 574 0 575 0 576 0 577 0 578 0 579 0 580 0 581 0 582 0 583 0 584 0 585 0 586 0 587 0 588 0 589 0 590 0 591 0 592 0 593 0 594 0 595 0 596 0 597 0 598 0 599 0 600 0 601 0 602 0 603 0 604 0 605 0 606 0 607 0 608 0 609 0 610 0 611 0 612 0 613 0 614 0 615 0 616 0 617 0 618 0 619 0 620 0 621 0 622 0 623 0 624 0 625 0 626 0 627 0 628 0 629 0 630 0 631 0 632 0 633 0 634 0 635 0 636 0 637 0 638 0 639 0 640 0 641 0 642 0 643 0 644 0 645 0 646 0 647 0 648 0 649 0 650 0 651 0 652 0 653 0 654 0 655 0 656 0 657 0 658 0 659 0 660 0 661 0 662 0 663 0 664 0 665 0 666 0 667 0 668 0 669 0 670 0 671 0 672 0 673 0 674 0 675 0 676 0 677 0 678 0 679 0 680 0 681 0 682 0 683 0 684 0 685 0 686 0 687 0 688 0 689 0 690 0 691 0 692 0 693 0 694 0 695 0 696 0 697 0 698 0 699 0 700 0 701 0 702 0 703 0 704 0 705 0 706 0 707 0 708 0 709 0 710 0 711 0 712 0 713 0 714 0 715 0 716 0 717 0 718 0 719 0 720 0 721 0 722 0 723 0 724 0 725 0 726 0 727 0 728 0 729 0 730 0 731 0 732 0 733 0 734 0 735 0 736 0 737 0 738 0 739 0 740 0 741 0 742 0 743 0 744 0 745 0 746 0 747 0 748 0 749 0 750 0 751 0 752 0 753 0 754 0 755 0 756 0 757 0 758 0 759 0 760 0 761 0 762 0 763 0 764 0 765 0 766 0 767 0 768 0 769 0 770 0 771 0 772 0 773 0 774 0 775 0 776 0 777 0 778 0 779 0 780 0 781 0 782 0 783 0 784 0 785 0 786 0 787 0 788 0 789 0 790 0 791 0 792 0 793 0 794 0 795 0 796 0 797 0 798 0 799 0 800 0 801 0 802 0 803 0 804 0 805 0 806 0 807 0 808 0 809 0 810 0 811 0 812 0 813 0 814 0 815 0 816 0 817 0 818 0 819 0 820 0 821 0 822 0 823 0 824 0 825 0 826 0 827 0 828 0 829 0 830 0 831 0 832 0 833 0 834 0 835 0 836 0 837 0 838 0 839 0 840 0 841 0 842 0 843 0 844 0 845 0 846 0 847 0 848 0 849 0 850 0 851 0 852 0 853 0 854 0 855 0 856 0 857 0 858 0 859 0 860 0 861 0 862 0 863 0 864 0 865 0 866 0 867 0 868 0 869 0 870 0 871 0 872 0 873 0 874 0 875 0 876 0 877 0 878 0 879 0 880 0 881 0 882 0 883 0 884 0 885 0 886 0 887 0 888 0 889 0 890 0 891 0 892 0 893 0 894 0 895 0 896 0 897 0 898 0 899 0 900 0 901 0 902 0 903 0 904 0 905 0 906 0 907 0 908 0 909 0 910 0 911 0 912 0 913 0 914 0 915 0 916 0 917 0 918 0 919 0 920 0 921 0 922 0 923 0 924 0 925 0 926 0 927 0 928 0 929 0 930 0 931 0 932 0 933 0 934 0 935 0 936 0 937 0 938 0 939 0 940 0 941 0 942 0 943 0 944 0 945 0 946 0 947 0 948 0 949 0 950 0 951 0 952 0 953 0 954 0 955 0 956 0 957 0 958 0 959 0 960 0 961 0 962 0 963 0 964 0 965 0 966 0 967 0 968 0 969 0 970 0 971 0 972 0 973 0 974 0 975 0 976 0 977 0 978 0 979 0 980 0 981 0 982 0 983 0 984 0 985 0 986 0 987 0 988 0 989 0 990 0 991 0 992 0 993 0 994 0 995 0 996 0 997 0 998 0 999 0 1000 0 1001 0 1002 0 1003 0 1004 0 1005 0 1006 0 1007 0 1008 0 1009 0 1010 0 1011 0 1012 0 1013 0 1014 0 1015 0 1016 0 1017 0 1018 0 1019 0 1020 0 1021 0 1022 0 1023 0 1024 0 1025 0 1026 0 1027 0 1028 0 1029 0 1030 0 1031 0 1032 0 1033 0 1034 0 1035 0 1036 0 1037 0 1038 0 1039 0 1040 0 1041 0 1042 0 1043 0 1044 0 1045 0 1046 0 1047 0 1048 0 1049 0 1050 0 1051 0 1052 0 1053 0 1054 0 1055 0 1056 0 1057 0 1058 0 1059 0 1060 0 1061 0 1062 0 1063 0 1064 0 1065 0 1066 0 1067 0 1068 0 1069 0 1070 0 1071 0 1072 0 1073 0 1074 0 1075 0 1076 0 1077 0 1078 0 1079 0 1080 0 1081 0 1082 0 1083 0 1084 0 1085 0 1086 0 1087 0 1088 0 1089 0 1090 0 1091 0 1092 0 1093 0 1094 0 1095 0 1096 0 1097 0 1098 0 1099 0 1100 0 1101 0 1102 0 1103 0 1104 0 1105 0 1106 0 1107 0 1108 0 1109 0 1110 0 1111 0 1112 0 1113 0 1114 0 1115 0 1116 0 1117 0 1118 0 1119 0 1120 0 1121 0 1122 0 1123 0 1124 0 1125 0 1126 0 1127 0 1128 0 1129 0 1130 0 1131 0 1132 0 1133 0 1134 0 1135 0 1136 0 1137 0 1138 0 1139 0 1140 0 1141 0 1142 0 1143 0 1144 0 1145 0 1146 0 1147 0 1148 0 1149 0 1150 0 1151 0 1152 0 1153 0 1154 0 1155 0 1156 0 1157 0 1158 0 1159 0 1160 0 1161 0 1162 0 1163 0 1164 0 1165 0 1166 0 1167 0 1168 0 1169 0 1170 0 1171 0 1172 0 1173 0 1174 0 1175 0 1176 0 1177 0 1178 0 1179 0 1180 0 1181 0 1182 0 1183 0 1184 0 1185 0 1186 0 1187 0 1188 0 1189 0 1190 0 1191 0 1192 0 1193 0 1194 0 1195 0 1196 0 1197 0 1198 0 1199 0 1200 0 1201 0 1202 0 1203 0 1204 0 1205 0 1206 0 1207 0 1208 0 1209 0 1210 0 1211 0 1212 0 1213 0 1214 0 1215 0 1216 0 1217 0 1218 0 1219 0 1220 0 1221 0 1222 0 1223 0 1224 0 1225 0 1226 0 1227 0 1228 0 1229 0 1230 0 1231 0 1232 0 1233 0 1234 0 1235 0 1236 0 1237 0 1238 0 1239 0 1240 0 1241 0 1242 0 1243 0 1244 0 1245 0 1246 0 1247 0 1248 0 1249 0 1250 0 1251 0 1252 0 1253 0 1254 0 1255 0 1256 0 1257 0 1258 0 1259 0 1260 0 1261 0 1262 0 1263 0 1264 0 1265 0 1266 0 1267 0 1268 0 1269 0 1270 0 1271 0 1272 0 1273 0 1274 0 1275 0 1276 0 1277 0 1278 0 1279 0 1280 0 1281 0 1282 0 1283 0 1284 0 1285 0 1286 0 1287 0 1288 0 1289 0 1290 0 1291 0 1292 0 1293 0 1294 0 1295 0 1296 0 1297 0 1298 0 1299 0 1300 0 1301 0 1302 0 1303 0 1304 0 1305 0 1306 0 1307 0 1308 0 1309 0 1310 0 1311 0 1312 0 1313 0 1314 0 1315 0 1316 0 1317 0 1318 0 1319 0 1320 0 1321 0 1322 0 1323 0 1324 0 1325 0 1326 0 1327 0 1328 0 1329 0 1330 0 1331 0 1332 0 1333 0 1334 0 1335 0 1336 0 1337 0 1338 0 1339 0 1340 0 1341 0 1342 0 1343 0 1344 0 1345 0 1346 0 1347 0 1348 0 1349</v>
        </vertex_weights>
      </skin>
    </controller>
  </library_controllers>
  <library_visual_scenes>
    <visual_scene id="Default" name="Default">
      <node id="Armature" name="Armature" type="NODE">
        <matrix sid="transform">1 0 0 0 0 1 0 0 0 0 1 0 0 0 0 1</matrix>
        <node id="instance_obj_wr01_tree02" name="instance_obj_wr01_tree02" sid="instance_obj_wr01_tree02" type="JOINT">
          <matrix sid="transform">1 0 0 0 0 1 0 0 0 0 1 0 0 0 0 1</matrix>
          <node id="wr01_tree02_LOD1" name="wr01_tree02_LOD1" sid="wr01_tree02_LOD1" type="JOINT">
            <matrix sid="transform">1 0 0 0 0 1 0 0 0 0 1 0 0 0 0 1</matrix>
          </node>
          <node id="wr01_tree02" name="wr01_tree02" sid="wr01_tree02" type="JOINT">
            <matrix sid="transform">1 0 0 0 0 1 0 0 0 0 1 0 0 0 0 1</matrix>
          </node>
        </node>
      </node>
      <node id="wr01_tree02_LOD1" name="wr01_tree02_LOD1" type="NODE">
        <translate sid="location">0 0 0</translate>
        <rotate sid="rotationZ">0 0 1 0</rotate>
        <rotate sid="rotationY">0 1 0 0</rotate>
        <rotate sid="rotationX">1 0 0 0</rotate>
        <scale sid="scale">1 1 1</scale>
        <instance_controller url="#Armature_wr01_tree02_LOD1-skin">
          <skeleton>#instance_obj_wr01_tree02</skeleton>
          <bind_material>
            <technique_common>
              <instance_material symbol="instance_obj_wr01_tree02_low01-material" target="#instance_obj_wr01_tree02_low01-material">
                <bind_vertex_input semantic="wr01_tree02_LOD1-texcoord" input_semantic="TEXCOORD" input_set="0"/>
              </instance_material>
            </technique_common>
          </bind_material>
        </instance_controller>
      </node>
      <node id="wr01_tree02" name="wr01_tree02" type="NODE">
        <translate sid="location">0 0 0</translate>
        <rotate sid="rotationZ">0 0 1 0</rotate>
        <rotate sid="rotationY">0 1 0 0</rotate>
        <rotate sid="rotationX">1 0 0 0</rotate>
        <scale sid="scale">1 1 1</scale>
        <instance_controller url="#Armature_wr01_tree02-skin">
          <skeleton>#instance_obj_wr01_tree02</skeleton>
          <bind_material>
            <technique_common>
              <instance_material symbol="instance_obj_wr01_treetrunk01-material" target="#instance_obj_wr01_treetrunk01-material">
                <bind_vertex_input semantic="wr01_tree02-texcoord" input_semantic="TEXCOORD" input_set="0"/>
              </instance_material>
              <instance_material symbol="instance_obj_wr01_treeleaf02-material" target="#instance_obj_wr01_treeleaf02-material">
                <bind_vertex_input semantic="wr01_tree02-texcoord" input_semantic="TEXCOORD" input_set="0"/>
              </instance_material>
            </technique_common>
          </bind_material>
        </instance_controller>
      </node>
    </visual_scene>
  </library_visual_scenes>
  <scene>
    <instance_visual_scene url="#Default"/>
  </scene>
</COLLADA>